parcel_id,project_id,stage,stage_order,stage_start_date,stage_target_date,stage_completion_date,days_in_stage,sla_days,sla_breach,is_current_stage,data_source
PCL-478A5E15,PRJ-001,Land Identification,0,2024-01-26,2024-02-10,2024-02-09,14,15,0,0,synthetic
PCL-478A5E15,PRJ-001,Survey/Parcel Mapping,1,2024-02-09,2024-03-10,2024-03-13,33,30,1,0,synthetic
PCL-478A5E15,PRJ-001,Ownership Verification,2,2024-03-13,2024-04-27,2024-04-14,32,45,0,0,synthetic
PCL-478A5E15,PRJ-001,Notification,3,2024-04-14,2024-05-04,2024-04-29,15,20,0,0,synthetic
PCL-478A5E15,PRJ-001,Objections/Hearings,4,2024-04-29,2024-05-29,,490,30,1,1,synthetic
PCL-16B80E95,PRJ-001,Land Identification,0,2024-02-09,2024-02-24,2024-02-20,11,15,0,0,synthetic
PCL-16B80E95,PRJ-001,Survey/Parcel Mapping,1,2024-02-20,2024-03-21,2024-03-17,26,30,0,0,synthetic
PCL-16B80E95,PRJ-001,Ownership Verification,2,2024-03-17,2024-05-01,2024-05-13,57,45,1,0,synthetic
PCL-16B80E95,PRJ-001,Notification,3,2024-05-13,2024-06-02,2024-06-14,32,20,1,0,synthetic
PCL-16B80E95,PRJ-001,Objections/Hearings,4,2024-06-14,2024-07-14,2024-07-06,22,30,0,0,synthetic
PCL-16B80E95,PRJ-001,Compensation Assessment,5,2024-07-06,2024-08-15,2024-09-01,57,40,1,0,synthetic
PCL-16B80E95,PRJ-001,Compensation Disbursement,6,2024-09-01,2024-10-01,2024-10-12,41,30,1,0,synthetic
PCL-16B80E95,PRJ-001,Rehabilitation & Resettlement,7,2024-10-12,2024-12-11,2024-12-22,71,60,1,0,synthetic
PCL-16B80E95,PRJ-001,Possession,8,2024-12-22,2025-01-06,,253,15,1,1,synthetic
PCL-6172EB1D,PRJ-001,Land Identification,0,2024-02-23,2024-03-09,2024-03-12,18,15,1,0,synthetic
PCL-6172EB1D,PRJ-001,Survey/Parcel Mapping,1,2024-03-12,2024-04-11,2024-04-07,26,30,0,0,synthetic
PCL-6172EB1D,PRJ-001,Ownership Verification,2,2024-04-07,2024-05-22,2024-05-29,52,45,1,0,synthetic
PCL-6172EB1D,PRJ-001,Notification,3,2024-05-29,2024-06-18,2024-06-14,16,20,0,0,synthetic
PCL-6172EB1D,PRJ-001,Objections/Hearings,4,2024-06-14,2024-07-14,2024-07-13,29,30,0,0,synthetic
PCL-6172EB1D,PRJ-001,Compensation Assessment,5,2024-07-13,2024-08-22,2024-08-31,49,40,1,0,synthetic
PCL-6172EB1D,PRJ-001,Compensation Disbursement,6,2024-08-31,2024-09-30,2024-09-18,18,30,0,0,synthetic
PCL-6172EB1D,PRJ-001,Rehabilitation & Resettlement,7,2024-09-18,2024-11-17,,348,60,1,1,synthetic
PCL-D20A6003,PRJ-001,Land Identification,0,2024-03-05,2024-03-20,2024-04-04,30,15,1,0,synthetic
PCL-D20A6003,PRJ-001,Survey/Parcel Mapping,1,2024-04-04,2024-05-04,,515,30,1,1,synthetic
PCL-2545E1FA,PRJ-001,Land Identification,0,2024-01-24,2024-02-08,2024-02-10,17,15,1,0,synthetic
PCL-2545E1FA,PRJ-001,Survey/Parcel Mapping,1,2024-02-10,2024-03-11,2024-03-16,35,30,1,0,synthetic
PCL-2545E1FA,PRJ-001,Ownership Verification,2,2024-03-16,2024-04-30,2024-05-10,55,45,1,0,synthetic
PCL-2545E1FA,PRJ-001,Notification,3,2024-05-10,2024-05-30,2024-05-21,11,20,0,0,synthetic
PCL-2545E1FA,PRJ-001,Objections/Hearings,4,2024-05-21,2024-06-20,2024-06-16,26,30,0,0,synthetic
PCL-2545E1FA,PRJ-001,Compensation Assessment,5,2024-06-16,2024-07-26,2024-07-09,23,40,0,0,synthetic
PCL-2545E1FA,PRJ-001,Compensation Disbursement,6,2024-07-09,2024-08-08,2024-08-22,44,30,1,0,synthetic
PCL-2545E1FA,PRJ-001,Rehabilitation & Resettlement,7,2024-08-22,2024-10-21,,375,60,1,1,synthetic
PCL-433F9D13,PRJ-001,Land Identification,0,2024-01-28,2024-02-12,2024-02-09,12,15,0,0,synthetic
PCL-433F9D13,PRJ-001,Survey/Parcel Mapping,1,2024-02-09,2024-03-10,2024-03-28,48,30,1,0,synthetic
PCL-433F9D13,PRJ-001,Ownership Verification,2,2024-03-28,2024-05-12,2024-05-05,38,45,0,0,synthetic
PCL-433F9D13,PRJ-001,Notification,3,2024-05-05,2024-05-25,,484,20,1,1,synthetic
PCL-D3DD29A3,PRJ-001,Land Identification,0,2024-01-19,2024-02-03,2024-01-25,6,15,0,0,synthetic
PCL-D3DD29A3,PRJ-001,Survey/Parcel Mapping,1,2024-01-25,2024-02-24,2024-03-01,36,30,1,0,synthetic
PCL-D3DD29A3,PRJ-001,Ownership Verification,2,2024-03-01,2024-04-15,,549,45,1,1,synthetic
PCL-1DED8285,PRJ-001,Land Identification,0,2024-02-23,2024-03-09,2024-03-20,26,15,1,0,synthetic
PCL-1DED8285,PRJ-001,Survey/Parcel Mapping,1,2024-03-20,2024-04-19,2024-04-23,34,30,1,0,synthetic
PCL-1DED8285,PRJ-001,Ownership Verification,2,2024-04-23,2024-06-07,2024-05-26,33,45,0,0,synthetic
PCL-1DED8285,PRJ-001,Notification,3,2024-05-26,2024-06-15,2024-06-22,27,20,1,0,synthetic
PCL-1DED8285,PRJ-001,Objections/Hearings,4,2024-06-22,2024-07-22,,436,30,1,1,synthetic
PCL-384AB48E,PRJ-001,Land Identification,0,2024-02-13,2024-02-28,2024-03-05,21,15,1,0,synthetic
PCL-384AB48E,PRJ-001,Survey/Parcel Mapping,1,2024-03-05,2024-04-04,2024-04-17,43,30,1,0,synthetic
PCL-384AB48E,PRJ-001,Ownership Verification,2,2024-04-17,2024-06-01,2024-06-02,46,45,1,0,synthetic
PCL-384AB48E,PRJ-001,Notification,3,2024-06-02,2024-06-22,2024-06-30,28,20,1,0,synthetic
PCL-384AB48E,PRJ-001,Objections/Hearings,4,2024-06-30,2024-07-30,2024-07-26,26,30,0,0,synthetic
PCL-384AB48E,PRJ-001,Compensation Assessment,5,2024-07-26,2024-09-04,2024-09-22,58,40,1,0,synthetic
PCL-384AB48E,PRJ-001,Compensation Disbursement,6,2024-09-22,2024-10-22,,344,30,1,1,synthetic
PCL-C5969CE4,PRJ-001,Land Identification,0,2024-02-22,2024-03-08,2024-03-20,27,15,1,0,synthetic
PCL-C5969CE4,PRJ-001,Survey/Parcel Mapping,1,2024-03-20,2024-04-19,2024-04-20,31,30,1,0,synthetic
PCL-C5969CE4,PRJ-001,Ownership Verification,2,2024-04-20,2024-06-04,2024-05-17,27,45,0,0,synthetic
PCL-C5969CE4,PRJ-001,Notification,3,2024-05-17,2024-06-06,2024-06-05,19,20,0,0,synthetic
PCL-C5969CE4,PRJ-001,Objections/Hearings,4,2024-06-05,2024-07-05,2024-07-16,41,30,1,0,synthetic
PCL-C5969CE4,PRJ-001,Compensation Assessment,5,2024-07-16,2024-08-25,,412,40,1,1,synthetic
PCL-68BC5B70,PRJ-001,Land Identification,0,2024-01-18,2024-02-02,2024-02-01,14,15,0,0,synthetic
PCL-68BC5B70,PRJ-001,Survey/Parcel Mapping,1,2024-02-01,2024-03-02,2024-02-20,19,30,0,0,synthetic
PCL-68BC5B70,PRJ-001,Ownership Verification,2,2024-02-20,2024-04-05,2024-03-19,28,45,0,0,synthetic
PCL-68BC5B70,PRJ-001,Notification,3,2024-03-19,2024-04-08,2024-04-04,16,20,0,0,synthetic
PCL-68BC5B70,PRJ-001,Objections/Hearings,4,2024-04-04,2024-05-04,,515,30,1,1,synthetic
PCL-6ABCDEAC,PRJ-001,Land Identification,0,2024-03-14,2024-03-29,2024-03-31,17,15,1,0,synthetic
PCL-6ABCDEAC,PRJ-001,Survey/Parcel Mapping,1,2024-03-31,2024-04-30,2024-05-13,43,30,1,0,synthetic
PCL-6ABCDEAC,PRJ-001,Ownership Verification,2,2024-05-13,2024-06-27,2024-05-29,16,45,0,0,synthetic
PCL-6ABCDEAC,PRJ-001,Notification,3,2024-05-29,2024-06-18,2024-06-15,17,20,0,0,synthetic
PCL-6ABCDEAC,PRJ-001,Objections/Hearings,4,2024-06-15,2024-07-15,2024-07-21,36,30,1,0,synthetic
PCL-6ABCDEAC,PRJ-001,Compensation Assessment,5,2024-07-21,2024-08-30,,407,40,1,1,synthetic
PCL-E099DF44,PRJ-001,Land Identification,0,2024-02-21,2024-03-07,2024-03-02,10,15,0,0,synthetic
PCL-E099DF44,PRJ-001,Survey/Parcel Mapping,1,2024-03-02,2024-04-01,2024-03-16,14,30,0,0,synthetic
PCL-E099DF44,PRJ-001,Ownership Verification,2,2024-03-16,2024-04-30,2024-04-30,45,45,0,0,synthetic
PCL-E099DF44,PRJ-001,Notification,3,2024-04-30,2024-05-20,2024-05-16,16,20,0,0,synthetic
PCL-E099DF44,PRJ-001,Objections/Hearings,4,2024-05-16,2024-06-15,2024-06-27,42,30,1,0,synthetic
PCL-E099DF44,PRJ-001,Compensation Assessment,5,2024-06-27,2024-08-06,2024-08-10,44,40,1,0,synthetic
PCL-E099DF44,PRJ-001,Compensation Disbursement,6,2024-08-10,2024-09-09,2024-09-15,36,30,1,0,synthetic
PCL-E099DF44,PRJ-001,Rehabilitation & Resettlement,7,2024-09-15,2024-11-14,2024-10-27,42,60,0,0,synthetic
PCL-E099DF44,PRJ-001,Possession,8,2024-10-27,2024-11-11,,309,15,1,1,synthetic
PCL-F5EC4A39,PRJ-001,Land Identification,0,2024-02-12,2024-02-27,2024-02-25,13,15,0,0,synthetic
PCL-F5EC4A39,PRJ-001,Survey/Parcel Mapping,1,2024-02-25,2024-03-26,2024-03-14,18,30,0,0,synthetic
PCL-F5EC4A39,PRJ-001,Ownership Verification,2,2024-03-14,2024-04-28,2024-04-27,44,45,0,0,synthetic
PCL-F5EC4A39,PRJ-001,Notification,3,2024-04-27,2024-05-17,2024-05-25,28,20,1,0,synthetic
PCL-F5EC4A39,PRJ-001,Objections/Hearings,4,2024-05-25,2024-06-24,2024-07-31,67,30,1,0,synthetic
PCL-F5EC4A39,PRJ-001,Compensation Assessment,5,2024-07-31,2024-09-09,2024-08-23,23,40,0,0,synthetic
PCL-F5EC4A39,PRJ-001,Compensation Disbursement,6,2024-08-23,2024-09-22,2024-09-21,29,30,0,0,synthetic
PCL-F5EC4A39,PRJ-001,Rehabilitation & Resettlement,7,2024-09-21,2024-11-20,2024-11-26,66,60,1,0,synthetic
PCL-F5EC4A39,PRJ-001,Possession,8,2024-11-26,2024-12-11,2024-12-11,15,15,0,0,synthetic
PCL-F5EC4A39,PRJ-001,Closure/Handover,9,2024-12-11,2024-12-21,,264,10,1,1,synthetic
PCL-CC675D42,PRJ-001,Land Identification,0,2024-03-23,2024-04-07,2024-04-14,22,15,1,0,synthetic
PCL-CC675D42,PRJ-001,Survey/Parcel Mapping,1,2024-04-14,2024-05-14,2024-05-18,34,30,1,0,synthetic
PCL-CC675D42,PRJ-001,Ownership Verification,2,2024-05-18,2024-07-02,2024-06-20,33,45,0,0,synthetic
PCL-CC675D42,PRJ-001,Notification,3,2024-06-20,2024-07-10,,438,20,1,1,synthetic
PCL-E6F86E02,PRJ-001,Land Identification,0,2024-03-30,2024-04-14,2024-04-21,22,15,1,0,synthetic
PCL-E6F86E02,PRJ-001,Survey/Parcel Mapping,1,2024-04-21,2024-05-21,2024-05-21,30,30,0,0,synthetic
PCL-E6F86E02,PRJ-001,Ownership Verification,2,2024-05-21,2024-07-05,2024-06-29,39,45,0,0,synthetic
PCL-E6F86E02,PRJ-001,Notification,3,2024-06-29,2024-07-19,2024-07-15,16,20,0,0,synthetic
PCL-E6F86E02,PRJ-001,Objections/Hearings,4,2024-07-15,2024-08-14,2024-09-03,50,30,1,0,synthetic
PCL-E6F86E02,PRJ-001,Compensation Assessment,5,2024-09-03,2024-10-13,2024-10-08,35,40,0,0,synthetic
PCL-E6F86E02,PRJ-001,Compensation Disbursement,6,2024-10-08,2024-11-07,2024-10-31,23,30,0,0,synthetic
PCL-E6F86E02,PRJ-001,Rehabilitation & Resettlement,7,2024-10-31,2024-12-30,,305,60,1,1,synthetic
PCL-F7865182,PRJ-001,Land Identification,0,2024-02-06,2024-02-21,2024-02-21,15,15,0,0,synthetic
PCL-F7865182,PRJ-001,Survey/Parcel Mapping,1,2024-02-21,2024-03-22,2024-03-21,29,30,0,0,synthetic
PCL-F7865182,PRJ-001,Ownership Verification,2,2024-03-21,2024-05-05,2024-05-16,56,45,1,0,synthetic
PCL-F7865182,PRJ-001,Notification,3,2024-05-16,2024-06-05,2024-06-08,23,20,1,0,synthetic
PCL-F7865182,PRJ-001,Objections/Hearings,4,2024-06-08,2024-07-08,2024-07-11,33,30,1,0,synthetic
PCL-F7865182,PRJ-001,Compensation Assessment,5,2024-07-11,2024-08-20,2024-09-02,53,40,1,0,synthetic
PCL-F7865182,PRJ-001,Compensation Disbursement,6,2024-09-02,2024-10-02,2024-10-04,32,30,1,0,synthetic
PCL-F7865182,PRJ-001,Rehabilitation & Resettlement,7,2024-10-04,2024-12-03,2024-11-22,49,60,0,0,synthetic
PCL-F7865182,PRJ-001,Possession,8,2024-11-22,2024-12-07,,283,15,1,1,synthetic
PCL-CDE105B5,PRJ-001,Land Identification,0,2024-01-08,2024-01-23,2024-01-20,12,15,0,0,synthetic
PCL-CDE105B5,PRJ-001,Survey/Parcel Mapping,1,2024-01-20,2024-02-19,2024-02-20,31,30,1,0,synthetic
PCL-CDE105B5,PRJ-001,Ownership Verification,2,2024-02-20,2024-04-05,2024-03-23,32,45,0,0,synthetic
PCL-CDE105B5,PRJ-001,Notification,3,2024-03-23,2024-04-12,,527,20,1,1,synthetic
PCL-59E5D5C5,PRJ-001,Land Identification,0,2024-03-02,2024-03-17,2024-03-17,15,15,0,0,synthetic
PCL-59E5D5C5,PRJ-001,Survey/Parcel Mapping,1,2024-03-17,2024-04-16,,533,30,1,1,synthetic
PCL-AF014EAC,PRJ-001,Land Identification,0,2024-01-27,2024-02-11,2024-02-06,10,15,0,0,synthetic
PCL-AF014EAC,PRJ-001,Survey/Parcel Mapping,1,2024-02-06,2024-03-07,,573,30,1,1,synthetic
PCL-AF28FC5A,PRJ-001,Land Identification,0,2024-03-20,2024-04-04,2024-04-12,23,15,1,0,synthetic
PCL-AF28FC5A,PRJ-001,Survey/Parcel Mapping,1,2024-04-12,2024-05-12,,507,30,1,1,synthetic
PCL-9370DE1B,PRJ-001,Land Identification,0,2024-01-21,2024-02-05,2024-02-05,15,15,0,0,synthetic
PCL-9370DE1B,PRJ-001,Survey/Parcel Mapping,1,2024-02-05,2024-03-06,2024-02-22,17,30,0,0,synthetic
PCL-9370DE1B,PRJ-001,Ownership Verification,2,2024-02-22,2024-04-07,2024-04-04,42,45,0,0,synthetic
PCL-9370DE1B,PRJ-001,Notification,3,2024-04-04,2024-04-24,2024-04-28,24,20,1,0,synthetic
PCL-9370DE1B,PRJ-001,Objections/Hearings,4,2024-04-28,2024-05-28,2024-06-08,41,30,1,0,synthetic
PCL-9370DE1B,PRJ-001,Compensation Assessment,5,2024-06-08,2024-07-18,2024-08-13,66,40,1,0,synthetic
PCL-9370DE1B,PRJ-001,Compensation Disbursement,6,2024-08-13,2024-09-12,2024-08-31,18,30,0,0,synthetic
PCL-9370DE1B,PRJ-001,Rehabilitation & Resettlement,7,2024-08-31,2024-10-30,,366,60,1,1,synthetic
PCL-F6606B58,PRJ-001,Land Identification,0,2024-03-29,2024-04-13,2024-04-16,18,15,1,0,synthetic
PCL-F6606B58,PRJ-001,Survey/Parcel Mapping,1,2024-04-16,2024-05-16,2024-05-05,19,30,0,0,synthetic
PCL-F6606B58,PRJ-001,Ownership Verification,2,2024-05-05,2024-06-19,2024-06-14,40,45,0,0,synthetic
PCL-F6606B58,PRJ-001,Notification,3,2024-06-14,2024-07-04,2024-07-01,17,20,0,0,synthetic
PCL-F6606B58,PRJ-001,Objections/Hearings,4,2024-07-01,2024-07-31,2024-07-23,22,30,0,0,synthetic
PCL-F6606B58,PRJ-001,Compensation Assessment,5,2024-07-23,2024-09-01,2024-09-13,52,40,1,0,synthetic
PCL-F6606B58,PRJ-001,Compensation Disbursement,6,2024-09-13,2024-10-13,,353,30,1,1,synthetic
PCL-FACB8308,PRJ-001,Land Identification,0,2024-01-22,2024-02-06,,588,15,1,1,synthetic
PCL-A1223E23,PRJ-001,Land Identification,0,2024-03-25,2024-04-09,,525,15,1,1,synthetic
PCL-98CAA5FA,PRJ-001,Land Identification,0,2024-03-13,2024-03-28,2024-03-22,9,15,0,0,synthetic
PCL-98CAA5FA,PRJ-001,Survey/Parcel Mapping,1,2024-03-22,2024-04-21,2024-04-25,34,30,1,0,synthetic
PCL-98CAA5FA,PRJ-001,Ownership Verification,2,2024-04-25,2024-06-09,2024-06-27,63,45,1,0,synthetic
PCL-98CAA5FA,PRJ-001,Notification,3,2024-06-27,2024-07-17,2024-07-22,25,20,1,0,synthetic
PCL-98CAA5FA,PRJ-001,Objections/Hearings,4,2024-07-22,2024-08-21,,406,30,1,1,synthetic
PCL-08E8E283,PRJ-001,Land Identification,0,2024-02-15,2024-03-01,2024-02-24,9,15,0,0,synthetic
PCL-08E8E283,PRJ-001,Survey/Parcel Mapping,1,2024-02-24,2024-03-25,2024-03-31,36,30,1,0,synthetic
PCL-08E8E283,PRJ-001,Ownership Verification,2,2024-03-31,2024-05-15,2024-06-29,90,45,1,0,synthetic
PCL-08E8E283,PRJ-001,Notification,3,2024-06-29,2024-07-19,2024-07-20,21,20,1,0,synthetic
PCL-08E8E283,PRJ-001,Objections/Hearings,4,2024-07-20,2024-08-19,2024-08-25,36,30,1,0,synthetic
PCL-08E8E283,PRJ-001,Compensation Assessment,5,2024-08-25,2024-10-04,2024-09-28,34,40,0,0,synthetic
PCL-08E8E283,PRJ-001,Compensation Disbursement,6,2024-09-28,2024-10-28,,338,30,1,1,synthetic
PCL-D863F07F,PRJ-001,Land Identification,0,2024-01-13,2024-01-28,2024-01-27,14,15,0,0,synthetic
PCL-D863F07F,PRJ-001,Survey/Parcel Mapping,1,2024-01-27,2024-02-26,2024-02-15,19,30,0,0,synthetic
PCL-D863F07F,PRJ-001,Ownership Verification,2,2024-02-15,2024-03-31,2024-04-16,61,45,1,0,synthetic
PCL-D863F07F,PRJ-001,Notification,3,2024-04-16,2024-05-06,2024-05-07,21,20,1,0,synthetic
PCL-D863F07F,PRJ-001,Objections/Hearings,4,2024-05-07,2024-06-06,2024-06-24,48,30,1,0,synthetic
PCL-D863F07F,PRJ-001,Compensation Assessment,5,2024-06-24,2024-08-03,2024-08-16,53,40,1,0,synthetic
PCL-D863F07F,PRJ-001,Compensation Disbursement,6,2024-08-16,2024-09-15,2024-09-14,29,30,0,0,synthetic
PCL-D863F07F,PRJ-001,Rehabilitation & Resettlement,7,2024-09-14,2024-11-13,2024-11-14,61,60,1,0,synthetic
PCL-D863F07F,PRJ-001,Possession,8,2024-11-14,2024-11-29,,291,15,1,1,synthetic
PCL-8437B3A1,PRJ-001,Land Identification,0,2024-03-07,2024-03-22,2024-03-23,16,15,1,0,synthetic
PCL-8437B3A1,PRJ-001,Survey/Parcel Mapping,1,2024-03-23,2024-04-22,2024-05-10,48,30,1,0,synthetic
PCL-8437B3A1,PRJ-001,Ownership Verification,2,2024-05-10,2024-06-24,2024-06-27,48,45,1,0,synthetic
PCL-8437B3A1,PRJ-001,Notification,3,2024-06-27,2024-07-17,2024-07-23,26,20,1,0,synthetic
PCL-8437B3A1,PRJ-001,Objections/Hearings,4,2024-07-23,2024-08-22,,405,30,1,1,synthetic
PCL-50D889F4,PRJ-001,Land Identification,0,2024-03-14,2024-03-29,2024-04-05,22,15,1,0,synthetic
PCL-50D889F4,PRJ-001,Survey/Parcel Mapping,1,2024-04-05,2024-05-05,2024-05-21,46,30,1,0,synthetic
PCL-50D889F4,PRJ-001,Ownership Verification,2,2024-05-21,2024-07-05,2024-07-20,60,45,1,0,synthetic
PCL-50D889F4,PRJ-001,Notification,3,2024-07-20,2024-08-09,2024-08-02,13,20,0,0,synthetic
PCL-50D889F4,PRJ-001,Objections/Hearings,4,2024-08-02,2024-09-01,2024-08-29,27,30,0,0,synthetic
PCL-50D889F4,PRJ-001,Compensation Assessment,5,2024-08-29,2024-10-08,2024-09-25,27,40,0,0,synthetic
PCL-50D889F4,PRJ-001,Compensation Disbursement,6,2024-09-25,2024-10-25,,341,30,1,1,synthetic
PCL-04A141FA,PRJ-001,Land Identification,0,2024-02-16,2024-03-02,2024-02-25,9,15,0,0,synthetic
PCL-04A141FA,PRJ-001,Survey/Parcel Mapping,1,2024-02-25,2024-03-26,2024-03-30,34,30,1,0,synthetic
PCL-04A141FA,PRJ-001,Ownership Verification,2,2024-03-30,2024-05-14,2024-05-10,41,45,0,0,synthetic
PCL-04A141FA,PRJ-001,Notification,3,2024-05-10,2024-05-30,2024-06-07,28,20,1,0,synthetic
PCL-04A141FA,PRJ-001,Objections/Hearings,4,2024-06-07,2024-07-07,2024-07-05,28,30,0,0,synthetic
PCL-04A141FA,PRJ-001,Compensation Assessment,5,2024-07-05,2024-08-14,2024-08-18,44,40,1,0,synthetic
PCL-04A141FA,PRJ-001,Compensation Disbursement,6,2024-08-18,2024-09-17,,379,30,1,1,synthetic
PCL-4BF22348,PRJ-001,Land Identification,0,2024-03-08,2024-03-23,2024-03-27,19,15,1,0,synthetic
PCL-4BF22348,PRJ-001,Survey/Parcel Mapping,1,2024-03-27,2024-04-26,2024-04-23,27,30,0,0,synthetic
PCL-4BF22348,PRJ-001,Ownership Verification,2,2024-04-23,2024-06-07,2024-06-15,53,45,1,0,synthetic
PCL-4BF22348,PRJ-001,Notification,3,2024-06-15,2024-07-05,2024-07-10,25,20,1,0,synthetic
PCL-4BF22348,PRJ-001,Objections/Hearings,4,2024-07-10,2024-08-09,,418,30,1,1,synthetic
PCL-85ED9B4E,PRJ-001,Land Identification,0,2024-01-05,2024-01-20,2024-01-15,10,15,0,0,synthetic
PCL-85ED9B4E,PRJ-001,Survey/Parcel Mapping,1,2024-01-15,2024-02-14,2024-02-14,30,30,0,0,synthetic
PCL-85ED9B4E,PRJ-001,Ownership Verification,2,2024-02-14,2024-03-30,2024-04-09,55,45,1,0,synthetic
PCL-85ED9B4E,PRJ-001,Notification,3,2024-04-09,2024-04-29,2024-04-25,16,20,0,0,synthetic
PCL-85ED9B4E,PRJ-001,Objections/Hearings,4,2024-04-25,2024-05-25,2024-05-24,29,30,0,0,synthetic
PCL-85ED9B4E,PRJ-001,Compensation Assessment,5,2024-05-24,2024-07-03,2024-07-12,49,40,1,0,synthetic
PCL-85ED9B4E,PRJ-001,Compensation Disbursement,6,2024-07-12,2024-08-11,2024-08-09,28,30,0,0,synthetic
PCL-85ED9B4E,PRJ-001,Rehabilitation & Resettlement,7,2024-08-09,2024-10-08,2024-09-29,51,60,0,0,synthetic
PCL-85ED9B4E,PRJ-001,Possession,8,2024-09-29,2024-10-14,,337,15,1,1,synthetic
PCL-268F1F65,PRJ-001,Land Identification,0,2024-02-05,2024-02-20,2024-02-20,15,15,0,0,synthetic
PCL-268F1F65,PRJ-001,Survey/Parcel Mapping,1,2024-02-20,2024-03-21,2024-04-02,42,30,1,0,synthetic
PCL-268F1F65,PRJ-001,Ownership Verification,2,2024-04-02,2024-05-17,2024-05-12,40,45,0,0,synthetic
PCL-268F1F65,PRJ-001,Notification,3,2024-05-12,2024-06-01,2024-05-29,17,20,0,0,synthetic
PCL-268F1F65,PRJ-001,Objections/Hearings,4,2024-05-29,2024-06-28,2024-06-30,32,30,1,0,synthetic
PCL-268F1F65,PRJ-001,Compensation Assessment,5,2024-06-30,2024-08-09,2024-08-07,38,40,0,0,synthetic
PCL-268F1F65,PRJ-001,Compensation Disbursement,6,2024-08-07,2024-09-06,2024-08-23,16,30,0,0,synthetic
PCL-268F1F65,PRJ-001,Rehabilitation & Resettlement,7,2024-08-23,2024-10-22,2024-11-18,87,60,1,0,synthetic
PCL-268F1F65,PRJ-001,Possession,8,2024-11-18,2024-12-03,2024-12-03,15,15,0,0,synthetic
PCL-268F1F65,PRJ-001,Closure/Handover,9,2024-12-03,2024-12-13,,272,10,1,1,synthetic
PCL-D86AFB9C,PRJ-001,Land Identification,0,2024-01-17,2024-02-01,2024-01-27,10,15,0,0,synthetic
PCL-D86AFB9C,PRJ-001,Survey/Parcel Mapping,1,2024-01-27,2024-02-26,,583,30,1,1,synthetic
PCL-FEAFDC05,PRJ-001,Land Identification,0,2024-03-28,2024-04-12,2024-04-06,9,15,0,0,synthetic
PCL-FEAFDC05,PRJ-001,Survey/Parcel Mapping,1,2024-04-06,2024-05-06,2024-05-12,36,30,1,0,synthetic
PCL-FEAFDC05,PRJ-001,Ownership Verification,2,2024-05-12,2024-06-26,2024-06-21,40,45,0,0,synthetic
PCL-FEAFDC05,PRJ-001,Notification,3,2024-06-21,2024-07-11,,437,20,1,1,synthetic
PCL-544DE2D8,PRJ-001,Land Identification,0,2024-01-29,2024-02-13,,581,15,1,1,synthetic
PCL-6F2D780C,PRJ-001,Land Identification,0,2024-03-17,2024-04-01,2024-03-30,13,15,0,0,synthetic
PCL-6F2D780C,PRJ-001,Survey/Parcel Mapping,1,2024-03-30,2024-04-29,2024-04-21,22,30,0,0,synthetic
PCL-6F2D780C,PRJ-001,Ownership Verification,2,2024-04-21,2024-06-05,2024-06-04,44,45,0,0,synthetic
PCL-6F2D780C,PRJ-001,Notification,3,2024-06-04,2024-06-24,2024-06-28,24,20,1,0,synthetic
PCL-6F2D780C,PRJ-001,Objections/Hearings,4,2024-06-28,2024-07-28,2024-08-10,43,30,1,0,synthetic
PCL-6F2D780C,PRJ-001,Compensation Assessment,5,2024-08-10,2024-09-19,,387,40,1,1,synthetic
PCL-B30BBE20,PRJ-001,Land Identification,0,2024-01-30,2024-02-14,2024-02-17,18,15,1,0,synthetic
PCL-B30BBE20,PRJ-001,Survey/Parcel Mapping,1,2024-02-17,2024-03-18,2024-03-22,34,30,1,0,synthetic
PCL-B30BBE20,PRJ-001,Ownership Verification,2,2024-03-22,2024-05-06,2024-05-06,45,45,0,0,synthetic
PCL-B30BBE20,PRJ-001,Notification,3,2024-05-06,2024-05-26,2024-06-02,27,20,1,0,synthetic
PCL-B30BBE20,PRJ-001,Objections/Hearings,4,2024-06-02,2024-07-02,,456,30,1,1,synthetic
PCL-3351F300,PRJ-001,Land Identification,0,2024-01-01,2024-01-16,2024-01-15,14,15,0,0,synthetic
PCL-3351F300,PRJ-001,Survey/Parcel Mapping,1,2024-01-15,2024-02-14,2024-02-08,24,30,0,0,synthetic
PCL-3351F300,PRJ-001,Ownership Verification,2,2024-02-08,2024-03-24,2024-03-22,43,45,0,0,synthetic
PCL-3351F300,PRJ-001,Notification,3,2024-03-22,2024-04-11,2024-04-10,19,20,0,0,synthetic
PCL-3351F300,PRJ-001,Objections/Hearings,4,2024-04-10,2024-05-10,2024-05-15,35,30,1,0,synthetic
PCL-3351F300,PRJ-001,Compensation Assessment,5,2024-05-15,2024-06-24,2024-06-06,22,40,0,0,synthetic
PCL-3351F300,PRJ-001,Compensation Disbursement,6,2024-06-06,2024-07-06,2024-07-13,37,30,1,0,synthetic
PCL-3351F300,PRJ-001,Rehabilitation & Resettlement,7,2024-07-13,2024-09-11,,415,60,1,1,synthetic
PCL-42E866A4,PRJ-001,Land Identification,0,2024-03-20,2024-04-04,2024-04-10,21,15,1,0,synthetic
PCL-42E866A4,PRJ-001,Survey/Parcel Mapping,1,2024-04-10,2024-05-10,2024-05-08,28,30,0,0,synthetic
PCL-42E866A4,PRJ-001,Ownership Verification,2,2024-05-08,2024-06-22,2024-07-07,60,45,1,0,synthetic
PCL-42E866A4,PRJ-001,Notification,3,2024-07-07,2024-07-27,2024-07-26,19,20,0,0,synthetic
PCL-42E866A4,PRJ-001,Objections/Hearings,4,2024-07-26,2024-08-25,2024-08-28,33,30,1,0,synthetic
PCL-42E866A4,PRJ-001,Compensation Assessment,5,2024-08-28,2024-10-07,2024-10-13,46,40,1,0,synthetic
PCL-42E866A4,PRJ-001,Compensation Disbursement,6,2024-10-13,2024-11-12,2024-11-19,37,30,1,0,synthetic
PCL-42E866A4,PRJ-001,Rehabilitation & Resettlement,7,2024-11-19,2025-01-18,2025-01-14,56,60,0,0,synthetic
PCL-42E866A4,PRJ-001,Possession,8,2025-01-14,2025-01-29,2025-01-25,11,15,0,0,synthetic
PCL-42E866A4,PRJ-001,Closure/Handover,9,2025-01-25,2025-02-04,,219,10,1,1,synthetic
PCL-0F8B8BCD,PRJ-001,Land Identification,0,2024-02-16,2024-03-02,2024-03-01,14,15,0,0,synthetic
PCL-0F8B8BCD,PRJ-001,Survey/Parcel Mapping,1,2024-03-01,2024-03-31,2024-04-14,44,30,1,0,synthetic
PCL-0F8B8BCD,PRJ-001,Ownership Verification,2,2024-04-14,2024-05-29,2024-05-17,33,45,0,0,synthetic
PCL-0F8B8BCD,PRJ-001,Notification,3,2024-05-17,2024-06-06,2024-06-03,17,20,0,0,synthetic
PCL-0F8B8BCD,PRJ-001,Objections/Hearings,4,2024-06-03,2024-07-03,2024-07-13,40,30,1,0,synthetic
PCL-0F8B8BCD,PRJ-001,Compensation Assessment,5,2024-07-13,2024-08-22,2024-09-20,69,40,1,0,synthetic
PCL-0F8B8BCD,PRJ-001,Compensation Disbursement,6,2024-09-20,2024-10-20,2024-10-20,30,30,0,0,synthetic
PCL-0F8B8BCD,PRJ-001,Rehabilitation & Resettlement,7,2024-10-20,2024-12-19,2025-01-27,99,60,1,0,synthetic
PCL-0F8B8BCD,PRJ-001,Possession,8,2025-01-27,2025-02-11,2025-02-08,12,15,0,0,synthetic
PCL-0F8B8BCD,PRJ-001,Closure/Handover,9,2025-02-08,2025-02-18,,205,10,1,1,synthetic
PCL-C2888411,PRJ-001,Land Identification,0,2024-03-03,2024-03-18,2024-03-17,14,15,0,0,synthetic
PCL-C2888411,PRJ-001,Survey/Parcel Mapping,1,2024-03-17,2024-04-16,2024-04-15,29,30,0,0,synthetic
PCL-C2888411,PRJ-001,Ownership Verification,2,2024-04-15,2024-05-30,2024-06-22,68,45,1,0,synthetic
PCL-C2888411,PRJ-001,Notification,3,2024-06-22,2024-07-12,2024-07-05,13,20,0,0,synthetic
PCL-C2888411,PRJ-001,Objections/Hearings,4,2024-07-05,2024-08-04,2024-07-24,19,30,0,0,synthetic
PCL-C2888411,PRJ-001,Compensation Assessment,5,2024-07-24,2024-09-02,,404,40,1,1,synthetic
PCL-0A655888,PRJ-001,Land Identification,0,2024-01-04,2024-01-19,,606,15,1,1,synthetic
PCL-C6B6FCC4,PRJ-001,Land Identification,0,2024-01-31,2024-02-15,2024-02-11,11,15,0,0,synthetic
PCL-C6B6FCC4,PRJ-001,Survey/Parcel Mapping,1,2024-02-11,2024-03-12,2024-02-29,18,30,0,0,synthetic
PCL-C6B6FCC4,PRJ-001,Ownership Verification,2,2024-02-29,2024-04-14,2024-04-19,50,45,1,0,synthetic
PCL-C6B6FCC4,PRJ-001,Notification,3,2024-04-19,2024-05-09,2024-05-05,16,20,0,0,synthetic
PCL-C6B6FCC4,PRJ-001,Objections/Hearings,4,2024-05-05,2024-06-04,,484,30,1,1,synthetic
PCL-FDAC518A,PRJ-001,Land Identification,0,2024-01-23,2024-02-07,2024-02-05,13,15,0,0,synthetic
PCL-FDAC518A,PRJ-001,Survey/Parcel Mapping,1,2024-02-05,2024-03-06,2024-02-28,23,30,0,0,synthetic
PCL-FDAC518A,PRJ-001,Ownership Verification,2,2024-02-28,2024-04-13,2024-04-23,55,45,1,0,synthetic
PCL-FDAC518A,PRJ-001,Notification,3,2024-04-23,2024-05-13,2024-05-22,29,20,1,0,synthetic
PCL-FDAC518A,PRJ-001,Objections/Hearings,4,2024-05-22,2024-06-21,2024-06-15,24,30,0,0,synthetic
PCL-FDAC518A,PRJ-001,Compensation Assessment,5,2024-06-15,2024-07-25,,443,40,1,1,synthetic
PCL-4E02F90E,PRJ-001,Land Identification,0,2024-01-03,2024-01-18,,607,15,1,1,synthetic
PCL-E63E6F7B,PRJ-001,Land Identification,0,2024-03-14,2024-03-29,2024-04-01,18,15,1,0,synthetic
PCL-E63E6F7B,PRJ-001,Survey/Parcel Mapping,1,2024-04-01,2024-05-01,2024-05-02,31,30,1,0,synthetic
PCL-E63E6F7B,PRJ-001,Ownership Verification,2,2024-05-02,2024-06-16,2024-06-10,39,45,0,0,synthetic
PCL-E63E6F7B,PRJ-001,Notification,3,2024-06-10,2024-06-30,2024-06-23,13,20,0,0,synthetic
PCL-E63E6F7B,PRJ-001,Objections/Hearings,4,2024-06-23,2024-07-23,2024-07-13,20,30,0,0,synthetic
PCL-E63E6F7B,PRJ-001,Compensation Assessment,5,2024-07-13,2024-08-22,2024-09-15,64,40,1,0,synthetic
PCL-E63E6F7B,PRJ-001,Compensation Disbursement,6,2024-09-15,2024-10-15,,351,30,1,1,synthetic
PCL-570F64B1,PRJ-001,Land Identification,0,2024-01-03,2024-01-18,,607,15,1,1,synthetic
PCL-F64F8A97,PRJ-003,Land Identification,0,2024-01-30,2024-02-14,2024-02-10,11,15,0,0,synthetic
PCL-F64F8A97,PRJ-003,Survey/Parcel Mapping,1,2024-02-10,2024-03-11,2024-03-07,26,30,0,0,synthetic
PCL-F64F8A97,PRJ-003,Ownership Verification,2,2024-03-07,2024-04-21,,543,45,1,1,synthetic
PCL-DE7CD4CF,PRJ-003,Land Identification,0,2024-03-26,2024-04-10,,524,15,1,1,synthetic
PCL-F47F5E11,PRJ-003,Land Identification,0,2024-01-06,2024-01-21,2024-01-19,13,15,0,0,synthetic
PCL-F47F5E11,PRJ-003,Survey/Parcel Mapping,1,2024-01-19,2024-02-18,2024-02-09,21,30,0,0,synthetic
PCL-F47F5E11,PRJ-003,Ownership Verification,2,2024-02-09,2024-03-25,2024-04-04,55,45,1,0,synthetic
PCL-F47F5E11,PRJ-003,Notification,3,2024-04-04,2024-04-24,,515,20,1,1,synthetic
PCL-3EF56509,PRJ-003,Land Identification,0,2024-01-25,2024-02-09,2024-02-08,14,15,0,0,synthetic
PCL-3EF56509,PRJ-003,Survey/Parcel Mapping,1,2024-02-08,2024-03-09,2024-03-10,31,30,1,0,synthetic
PCL-3EF56509,PRJ-003,Ownership Verification,2,2024-03-10,2024-04-24,2024-04-04,25,45,0,0,synthetic
PCL-3EF56509,PRJ-003,Notification,3,2024-04-04,2024-04-24,2024-05-01,27,20,1,0,synthetic
PCL-3EF56509,PRJ-003,Objections/Hearings,4,2024-05-01,2024-05-31,,488,30,1,1,synthetic
PCL-14B1802B,PRJ-003,Land Identification,0,2024-03-06,2024-03-21,2024-03-19,13,15,0,0,synthetic
PCL-14B1802B,PRJ-003,Survey/Parcel Mapping,1,2024-03-19,2024-04-18,2024-05-02,44,30,1,0,synthetic
PCL-14B1802B,PRJ-003,Ownership Verification,2,2024-05-02,2024-06-16,2024-06-16,45,45,0,0,synthetic
PCL-14B1802B,PRJ-003,Notification,3,2024-06-16,2024-07-06,2024-07-07,21,20,1,0,synthetic
PCL-14B1802B,PRJ-003,Objections/Hearings,4,2024-07-07,2024-08-06,2024-07-29,22,30,0,0,synthetic
PCL-14B1802B,PRJ-003,Compensation Assessment,5,2024-07-29,2024-09-07,2024-10-17,80,40,1,0,synthetic
PCL-14B1802B,PRJ-003,Compensation Disbursement,6,2024-10-17,2024-11-16,2024-11-15,29,30,0,0,synthetic
PCL-14B1802B,PRJ-003,Rehabilitation & Resettlement,7,2024-11-15,2025-01-14,2025-04-05,141,60,1,0,synthetic
PCL-14B1802B,PRJ-003,Possession,8,2025-04-05,2025-04-20,,149,15,1,1,synthetic
PCL-9FA8D992,PRJ-003,Land Identification,0,2024-03-14,2024-03-29,2024-03-23,9,15,0,0,synthetic
PCL-9FA8D992,PRJ-003,Survey/Parcel Mapping,1,2024-03-23,2024-04-22,2024-04-25,33,30,1,0,synthetic
PCL-9FA8D992,PRJ-003,Ownership Verification,2,2024-04-25,2024-06-09,,494,45,1,1,synthetic
PCL-ECBEFC6C,PRJ-003,Land Identification,0,2024-02-20,2024-03-06,2024-03-09,18,15,1,0,synthetic
PCL-ECBEFC6C,PRJ-003,Survey/Parcel Mapping,1,2024-03-09,2024-04-08,2024-04-06,28,30,0,0,synthetic
PCL-ECBEFC6C,PRJ-003,Ownership Verification,2,2024-04-06,2024-05-21,2024-05-17,41,45,0,0,synthetic
PCL-ECBEFC6C,PRJ-003,Notification,3,2024-05-17,2024-06-06,2024-06-12,26,20,1,0,synthetic
PCL-ECBEFC6C,PRJ-003,Objections/Hearings,4,2024-06-12,2024-07-12,2024-07-17,35,30,1,0,synthetic
PCL-ECBEFC6C,PRJ-003,Compensation Assessment,5,2024-07-17,2024-08-26,2024-08-21,35,40,0,0,synthetic
PCL-ECBEFC6C,PRJ-003,Compensation Disbursement,6,2024-08-21,2024-09-20,,376,30,1,1,synthetic
PCL-DF87F07E,PRJ-003,Land Identification,0,2024-01-05,2024-01-20,2024-01-14,9,15,0,0,synthetic
PCL-DF87F07E,PRJ-003,Survey/Parcel Mapping,1,2024-01-14,2024-02-13,2024-03-03,49,30,1,0,synthetic
PCL-DF87F07E,PRJ-003,Ownership Verification,2,2024-03-03,2024-04-17,2024-04-22,50,45,1,0,synthetic
PCL-DF87F07E,PRJ-003,Notification,3,2024-04-22,2024-05-12,2024-05-02,10,20,0,0,synthetic
PCL-DF87F07E,PRJ-003,Objections/Hearings,4,2024-05-02,2024-06-01,2024-05-22,20,30,0,0,synthetic
PCL-DF87F07E,PRJ-003,Compensation Assessment,5,2024-05-22,2024-07-01,2024-06-10,19,40,0,0,synthetic
PCL-DF87F07E,PRJ-003,Compensation Disbursement,6,2024-06-10,2024-07-10,,448,30,1,1,synthetic
PCL-24185359,PRJ-003,Land Identification,0,2024-02-16,2024-03-02,,563,15,1,1,synthetic
PCL-B0AFE908,PRJ-003,Land Identification,0,2024-01-16,2024-01-31,2024-01-30,14,15,0,0,synthetic
PCL-B0AFE908,PRJ-003,Survey/Parcel Mapping,1,2024-01-30,2024-02-29,2024-03-01,31,30,1,0,synthetic
PCL-B0AFE908,PRJ-003,Ownership Verification,2,2024-03-01,2024-04-15,,549,45,1,1,synthetic
PCL-D89364C3,PRJ-003,Land Identification,0,2024-03-29,2024-04-13,,521,15,1,1,synthetic
PCL-4FADD7DD,PRJ-003,Land Identification,0,2024-03-19,2024-04-03,,531,15,1,1,synthetic
PCL-C3994EF3,PRJ-003,Land Identification,0,2024-01-03,2024-01-18,2024-01-17,14,15,0,0,synthetic
PCL-C3994EF3,PRJ-003,Survey/Parcel Mapping,1,2024-01-17,2024-02-16,,593,30,1,1,synthetic
PCL-3503038A,PRJ-003,Land Identification,0,2024-01-31,2024-02-15,2024-02-12,12,15,0,0,synthetic
PCL-3503038A,PRJ-003,Survey/Parcel Mapping,1,2024-02-12,2024-03-13,2024-03-11,28,30,0,0,synthetic
PCL-3503038A,PRJ-003,Ownership Verification,2,2024-03-11,2024-04-25,2024-04-17,37,45,0,0,synthetic
PCL-3503038A,PRJ-003,Notification,3,2024-04-17,2024-05-07,2024-05-09,22,20,1,0,synthetic
PCL-3503038A,PRJ-003,Objections/Hearings,4,2024-05-09,2024-06-08,,480,30,1,1,synthetic
PCL-938884FB,PRJ-003,Land Identification,0,2024-02-07,2024-02-22,2024-02-23,16,15,1,0,synthetic
PCL-938884FB,PRJ-003,Survey/Parcel Mapping,1,2024-02-23,2024-03-24,,556,30,1,1,synthetic
PCL-8C9B3239,PRJ-003,Land Identification,0,2024-02-21,2024-03-07,2024-03-01,9,15,0,0,synthetic
PCL-8C9B3239,PRJ-003,Survey/Parcel Mapping,1,2024-03-01,2024-03-31,2024-03-30,29,30,0,0,synthetic
PCL-8C9B3239,PRJ-003,Ownership Verification,2,2024-03-30,2024-05-14,2024-05-05,36,45,0,0,synthetic
PCL-8C9B3239,PRJ-003,Notification,3,2024-05-05,2024-05-25,2024-05-22,17,20,0,0,synthetic
PCL-8C9B3239,PRJ-003,Objections/Hearings,4,2024-05-22,2024-06-21,2024-06-15,24,30,0,0,synthetic
PCL-8C9B3239,PRJ-003,Compensation Assessment,5,2024-06-15,2024-07-25,2024-08-06,52,40,1,0,synthetic
PCL-8C9B3239,PRJ-003,Compensation Disbursement,6,2024-08-06,2024-09-05,2024-09-04,29,30,0,0,synthetic
PCL-8C9B3239,PRJ-003,Rehabilitation & Resettlement,7,2024-09-04,2024-11-03,2025-02-05,154,60,1,0,synthetic
PCL-8C9B3239,PRJ-003,Possession,8,2025-02-05,2025-02-20,2025-02-22,17,15,1,0,synthetic
PCL-8C9B3239,PRJ-003,Closure/Handover,9,2025-02-22,2025-03-04,,191,10,1,1,synthetic
PCL-E7E50417,PRJ-003,Land Identification,0,2024-01-18,2024-02-02,2024-02-03,16,15,1,0,synthetic
PCL-E7E50417,PRJ-003,Survey/Parcel Mapping,1,2024-02-03,2024-03-04,2024-02-29,26,30,0,0,synthetic
PCL-E7E50417,PRJ-003,Ownership Verification,2,2024-02-29,2024-04-14,2024-04-08,39,45,0,0,synthetic
PCL-E7E50417,PRJ-003,Notification,3,2024-04-08,2024-04-28,2024-05-03,25,20,1,0,synthetic
PCL-E7E50417,PRJ-003,Objections/Hearings,4,2024-05-03,2024-06-02,2024-06-29,57,30,1,0,synthetic
PCL-E7E50417,PRJ-003,Compensation Assessment,5,2024-06-29,2024-08-08,2024-07-30,31,40,0,0,synthetic
PCL-E7E50417,PRJ-003,Compensation Disbursement,6,2024-07-30,2024-08-29,2024-09-03,35,30,1,0,synthetic
PCL-E7E50417,PRJ-003,Rehabilitation & Resettlement,7,2024-09-03,2024-11-02,2024-12-30,118,60,1,0,synthetic
PCL-E7E50417,PRJ-003,Possession,8,2024-12-30,2025-01-14,,245,15,1,1,synthetic
PCL-14575A58,PRJ-003,Land Identification,0,2024-02-18,2024-03-04,2024-03-06,17,15,1,0,synthetic
PCL-14575A58,PRJ-003,Survey/Parcel Mapping,1,2024-03-06,2024-04-05,2024-03-28,22,30,0,0,synthetic
PCL-14575A58,PRJ-003,Ownership Verification,2,2024-03-28,2024-05-12,2024-05-15,48,45,1,0,synthetic
PCL-14575A58,PRJ-003,Notification,3,2024-05-15,2024-06-04,,474,20,1,1,synthetic
PCL-1DC5205B,PRJ-003,Land Identification,0,2024-03-03,2024-03-18,2024-03-16,13,15,0,0,synthetic
PCL-1DC5205B,PRJ-003,Survey/Parcel Mapping,1,2024-03-16,2024-04-15,2024-04-13,28,30,0,0,synthetic
PCL-1DC5205B,PRJ-003,Ownership Verification,2,2024-04-13,2024-05-28,2024-05-11,28,45,0,0,synthetic
PCL-1DC5205B,PRJ-003,Notification,3,2024-05-11,2024-05-31,2024-06-09,29,20,1,0,synthetic
PCL-1DC5205B,PRJ-003,Objections/Hearings,4,2024-06-09,2024-07-09,,449,30,1,1,synthetic
PCL-129A9C88,PRJ-003,Land Identification,0,2024-01-08,2024-01-23,2024-01-15,7,15,0,0,synthetic
PCL-129A9C88,PRJ-003,Survey/Parcel Mapping,1,2024-01-15,2024-02-14,,595,30,1,1,synthetic
PCL-85B41F80,PRJ-003,Land Identification,0,2024-01-31,2024-02-15,2024-02-09,9,15,0,0,synthetic
PCL-85B41F80,PRJ-003,Survey/Parcel Mapping,1,2024-02-09,2024-03-10,2024-03-08,28,30,0,0,synthetic
PCL-85B41F80,PRJ-003,Ownership Verification,2,2024-03-08,2024-04-22,2024-04-21,44,45,0,0,synthetic
PCL-85B41F80,PRJ-003,Notification,3,2024-04-21,2024-05-11,2024-05-13,22,20,1,0,synthetic
PCL-85B41F80,PRJ-003,Objections/Hearings,4,2024-05-13,2024-06-12,2024-07-17,65,30,1,0,synthetic
PCL-85B41F80,PRJ-003,Compensation Assessment,5,2024-07-17,2024-08-26,,411,40,1,1,synthetic
PCL-DA259B33,PRJ-003,Land Identification,0,2024-02-08,2024-02-23,2024-02-23,15,15,0,0,synthetic
PCL-DA259B33,PRJ-003,Survey/Parcel Mapping,1,2024-02-23,2024-03-24,2024-03-19,25,30,0,0,synthetic
PCL-DA259B33,PRJ-003,Ownership Verification,2,2024-03-19,2024-05-03,,531,45,1,1,synthetic
PCL-499C3CB9,PRJ-003,Land Identification,0,2024-02-25,2024-03-11,2024-03-08,12,15,0,0,synthetic
PCL-499C3CB9,PRJ-003,Survey/Parcel Mapping,1,2024-03-08,2024-04-07,2024-03-30,22,30,0,0,synthetic
PCL-499C3CB9,PRJ-003,Ownership Verification,2,2024-03-30,2024-05-14,,520,45,1,1,synthetic
PCL-C2DE6A21,PRJ-003,Land Identification,0,2024-01-27,2024-02-11,2024-02-09,13,15,0,0,synthetic
PCL-C2DE6A21,PRJ-003,Survey/Parcel Mapping,1,2024-02-09,2024-03-10,2024-03-20,40,30,1,0,synthetic
PCL-C2DE6A21,PRJ-003,Ownership Verification,2,2024-03-20,2024-05-04,2024-04-28,39,45,0,0,synthetic
PCL-C2DE6A21,PRJ-003,Notification,3,2024-04-28,2024-05-18,2024-05-14,16,20,0,0,synthetic
PCL-C2DE6A21,PRJ-003,Objections/Hearings,4,2024-05-14,2024-06-13,2024-06-08,25,30,0,0,synthetic
PCL-C2DE6A21,PRJ-003,Compensation Assessment,5,2024-06-08,2024-07-18,2024-07-16,38,40,0,0,synthetic
PCL-C2DE6A21,PRJ-003,Compensation Disbursement,6,2024-07-16,2024-08-15,2024-08-12,27,30,0,0,synthetic
PCL-C2DE6A21,PRJ-003,Rehabilitation & Resettlement,7,2024-08-12,2024-10-11,2024-12-28,138,60,1,0,synthetic
PCL-C2DE6A21,PRJ-003,Possession,8,2024-12-28,2025-01-12,2025-01-09,12,15,0,0,synthetic
PCL-C2DE6A21,PRJ-003,Closure/Handover,9,2025-01-09,2025-01-19,,235,10,1,1,synthetic
PCL-0BB79A21,PRJ-003,Land Identification,0,2024-02-14,2024-02-29,,565,15,1,1,synthetic
PCL-7F539EDA,PRJ-003,Land Identification,0,2024-03-13,2024-03-28,,537,15,1,1,synthetic
PCL-B45C6FA6,PRJ-003,Land Identification,0,2024-02-22,2024-03-08,2024-03-16,23,15,1,0,synthetic
PCL-B45C6FA6,PRJ-003,Survey/Parcel Mapping,1,2024-03-16,2024-04-15,2024-04-02,17,30,0,0,synthetic
PCL-B45C6FA6,PRJ-003,Ownership Verification,2,2024-04-02,2024-05-17,2024-05-23,51,45,1,0,synthetic
PCL-B45C6FA6,PRJ-003,Notification,3,2024-05-23,2024-06-12,2024-06-10,18,20,0,0,synthetic
PCL-B45C6FA6,PRJ-003,Objections/Hearings,4,2024-06-10,2024-07-10,,448,30,1,1,synthetic
PCL-6C872F28,PRJ-003,Land Identification,0,2024-03-21,2024-04-05,2024-04-07,17,15,1,0,synthetic
PCL-6C872F28,PRJ-003,Survey/Parcel Mapping,1,2024-04-07,2024-05-07,2024-04-27,20,30,0,0,synthetic
PCL-6C872F28,PRJ-003,Ownership Verification,2,2024-04-27,2024-06-11,2024-06-15,49,45,1,0,synthetic
PCL-6C872F28,PRJ-003,Notification,3,2024-06-15,2024-07-05,2024-07-14,29,20,1,0,synthetic
PCL-6C872F28,PRJ-003,Objections/Hearings,4,2024-07-14,2024-08-13,2024-08-14,31,30,1,0,synthetic
PCL-6C872F28,PRJ-003,Compensation Assessment,5,2024-08-14,2024-09-23,,383,40,1,1,synthetic
PCL-106E7493,PRJ-003,Land Identification,0,2024-03-12,2024-03-27,2024-03-20,8,15,0,0,synthetic
PCL-106E7493,PRJ-003,Survey/Parcel Mapping,1,2024-03-20,2024-04-19,2024-04-12,23,30,0,0,synthetic
PCL-106E7493,PRJ-003,Ownership Verification,2,2024-04-12,2024-05-27,2024-06-12,61,45,1,0,synthetic
PCL-106E7493,PRJ-003,Notification,3,2024-06-12,2024-07-02,2024-06-26,14,20,0,0,synthetic
PCL-106E7493,PRJ-003,Objections/Hearings,4,2024-06-26,2024-07-26,2024-07-14,18,30,0,0,synthetic
PCL-106E7493,PRJ-003,Compensation Assessment,5,2024-07-14,2024-08-23,2024-08-27,44,40,1,0,synthetic
PCL-106E7493,PRJ-003,Compensation Disbursement,6,2024-08-27,2024-09-26,2024-09-18,22,30,0,0,synthetic
PCL-106E7493,PRJ-003,Rehabilitation & Resettlement,7,2024-09-18,2024-11-17,,348,60,1,1,synthetic
PCL-0F84A120,PRJ-003,Land Identification,0,2024-01-26,2024-02-10,2024-02-09,14,15,0,0,synthetic
PCL-0F84A120,PRJ-003,Survey/Parcel Mapping,1,2024-02-09,2024-03-10,2024-03-12,32,30,1,0,synthetic
PCL-0F84A120,PRJ-003,Ownership Verification,2,2024-03-12,2024-04-26,2024-05-20,69,45,1,0,synthetic
PCL-0F84A120,PRJ-003,Notification,3,2024-05-20,2024-06-09,,469,20,1,1,synthetic
PCL-E89046EE,PRJ-003,Land Identification,0,2024-03-02,2024-03-17,2024-03-14,12,15,0,0,synthetic
PCL-E89046EE,PRJ-003,Survey/Parcel Mapping,1,2024-03-14,2024-04-13,2024-04-22,39,30,1,0,synthetic
PCL-E89046EE,PRJ-003,Ownership Verification,2,2024-04-22,2024-06-06,2024-05-21,29,45,0,0,synthetic
PCL-E89046EE,PRJ-003,Notification,3,2024-05-21,2024-06-10,2024-06-05,15,20,0,0,synthetic
PCL-E89046EE,PRJ-003,Objections/Hearings,4,2024-06-05,2024-07-05,2024-06-26,21,30,0,0,synthetic
PCL-E89046EE,PRJ-003,Compensation Assessment,5,2024-06-26,2024-08-05,2024-07-26,30,40,0,0,synthetic
PCL-E89046EE,PRJ-003,Compensation Disbursement,6,2024-07-26,2024-08-25,2024-08-29,34,30,1,0,synthetic
PCL-E89046EE,PRJ-003,Rehabilitation & Resettlement,7,2024-08-29,2024-10-28,2024-12-10,103,60,1,0,synthetic
PCL-E89046EE,PRJ-003,Possession,8,2024-12-10,2024-12-25,,265,15,1,1,synthetic
PCL-D1D220CE,PRJ-003,Land Identification,0,2024-01-21,2024-02-05,2024-02-01,11,15,0,0,synthetic
PCL-D1D220CE,PRJ-003,Survey/Parcel Mapping,1,2024-02-01,2024-03-02,2024-02-20,19,30,0,0,synthetic
PCL-D1D220CE,PRJ-003,Ownership Verification,2,2024-02-20,2024-04-05,2024-03-16,25,45,0,0,synthetic
PCL-D1D220CE,PRJ-003,Notification,3,2024-03-16,2024-04-05,2024-04-02,17,20,0,0,synthetic
PCL-D1D220CE,PRJ-003,Objections/Hearings,4,2024-04-02,2024-05-02,2024-05-04,32,30,1,0,synthetic
PCL-D1D220CE,PRJ-003,Compensation Assessment,5,2024-05-04,2024-06-13,2024-06-16,43,40,1,0,synthetic
PCL-D1D220CE,PRJ-003,Compensation Disbursement,6,2024-06-16,2024-07-16,2024-07-11,25,30,0,0,synthetic
PCL-D1D220CE,PRJ-003,Rehabilitation & Resettlement,7,2024-07-11,2024-09-09,,417,60,1,1,synthetic
PCL-15173601,PRJ-003,Land Identification,0,2024-02-26,2024-03-12,2024-03-14,17,15,1,0,synthetic
PCL-15173601,PRJ-003,Survey/Parcel Mapping,1,2024-03-14,2024-04-13,2024-05-08,55,30,1,0,synthetic
PCL-15173601,PRJ-003,Ownership Verification,2,2024-05-08,2024-06-22,2024-07-28,81,45,1,0,synthetic
PCL-15173601,PRJ-003,Notification,3,2024-07-28,2024-08-17,2024-08-18,21,20,1,0,synthetic
PCL-15173601,PRJ-003,Objections/Hearings,4,2024-08-18,2024-09-17,2024-09-16,29,30,0,0,synthetic
PCL-15173601,PRJ-003,Compensation Assessment,5,2024-09-16,2024-10-26,2024-11-19,64,40,1,0,synthetic
PCL-15173601,PRJ-003,Compensation Disbursement,6,2024-11-19,2024-12-19,2024-12-22,33,30,1,0,synthetic
PCL-15173601,PRJ-003,Rehabilitation & Resettlement,7,2024-12-22,2025-02-20,,253,60,1,1,synthetic
PCL-C3FE980F,PRJ-003,Land Identification,0,2024-01-25,2024-02-09,2024-02-09,15,15,0,0,synthetic
PCL-C3FE980F,PRJ-003,Survey/Parcel Mapping,1,2024-02-09,2024-03-10,2024-03-27,47,30,1,0,synthetic
PCL-C3FE980F,PRJ-003,Ownership Verification,2,2024-03-27,2024-05-11,2024-05-25,59,45,1,0,synthetic
PCL-C3FE980F,PRJ-003,Notification,3,2024-05-25,2024-06-14,,464,20,1,1,synthetic
PCL-641AAD6E,PRJ-003,Land Identification,0,2024-01-20,2024-02-04,2024-02-01,12,15,0,0,synthetic
PCL-641AAD6E,PRJ-003,Survey/Parcel Mapping,1,2024-02-01,2024-03-02,2024-02-26,25,30,0,0,synthetic
PCL-641AAD6E,PRJ-003,Ownership Verification,2,2024-02-26,2024-04-11,2024-04-20,54,45,1,0,synthetic
PCL-641AAD6E,PRJ-003,Notification,3,2024-04-20,2024-05-10,2024-05-19,29,20,1,0,synthetic
PCL-641AAD6E,PRJ-003,Objections/Hearings,4,2024-05-19,2024-06-18,2024-06-19,31,30,1,0,synthetic
PCL-641AAD6E,PRJ-003,Compensation Assessment,5,2024-06-19,2024-07-29,2024-07-21,32,40,0,0,synthetic
PCL-641AAD6E,PRJ-003,Compensation Disbursement,6,2024-07-21,2024-08-20,2024-08-18,28,30,0,0,synthetic
PCL-641AAD6E,PRJ-003,Rehabilitation & Resettlement,7,2024-08-18,2024-10-17,2024-12-09,113,60,1,0,synthetic
PCL-641AAD6E,PRJ-003,Possession,8,2024-12-09,2024-12-24,,266,15,1,1,synthetic
PCL-C517204A,PRJ-003,Land Identification,0,2024-01-19,2024-02-03,2024-02-07,19,15,1,0,synthetic
PCL-C517204A,PRJ-003,Survey/Parcel Mapping,1,2024-02-07,2024-03-08,2024-03-12,34,30,1,0,synthetic
PCL-C517204A,PRJ-003,Ownership Verification,2,2024-03-12,2024-04-26,2024-05-03,52,45,1,0,synthetic
PCL-C517204A,PRJ-003,Notification,3,2024-05-03,2024-05-23,,486,20,1,1,synthetic
PCL-2EF0EE05,PRJ-003,Land Identification,0,2024-02-05,2024-02-20,2024-02-13,8,15,0,0,synthetic
PCL-2EF0EE05,PRJ-003,Survey/Parcel Mapping,1,2024-02-13,2024-03-14,2024-03-03,19,30,0,0,synthetic
PCL-2EF0EE05,PRJ-003,Ownership Verification,2,2024-03-03,2024-04-17,2024-04-09,37,45,0,0,synthetic
PCL-2EF0EE05,PRJ-003,Notification,3,2024-04-09,2024-04-29,2024-04-22,13,20,0,0,synthetic
PCL-2EF0EE05,PRJ-003,Objections/Hearings,4,2024-04-22,2024-05-22,2024-05-16,24,30,0,0,synthetic
PCL-2EF0EE05,PRJ-003,Compensation Assessment,5,2024-05-16,2024-06-25,2024-06-10,25,40,0,0,synthetic
PCL-2EF0EE05,PRJ-003,Compensation Disbursement,6,2024-06-10,2024-07-10,2024-08-04,55,30,1,0,synthetic
PCL-2EF0EE05,PRJ-003,Rehabilitation & Resettlement,7,2024-08-04,2024-10-03,2025-01-01,150,60,1,0,synthetic
PCL-2EF0EE05,PRJ-003,Possession,8,2025-01-01,2025-01-16,2025-01-14,13,15,0,0,synthetic
PCL-2EF0EE05,PRJ-003,Closure/Handover,9,2025-01-14,2025-01-24,,230,10,1,1,synthetic
PCL-F2C52A1D,PRJ-003,Land Identification,0,2024-03-18,2024-04-02,2024-04-06,19,15,1,0,synthetic
PCL-F2C52A1D,PRJ-003,Survey/Parcel Mapping,1,2024-04-06,2024-05-06,2024-05-20,44,30,1,0,synthetic
PCL-F2C52A1D,PRJ-003,Ownership Verification,2,2024-05-20,2024-07-04,2024-07-15,56,45,1,0,synthetic
PCL-F2C52A1D,PRJ-003,Notification,3,2024-07-15,2024-08-04,,413,20,1,1,synthetic
PCL-FF7F422A,PRJ-003,Land Identification,0,2024-01-21,2024-02-05,2024-02-04,14,15,0,0,synthetic
PCL-FF7F422A,PRJ-003,Survey/Parcel Mapping,1,2024-02-04,2024-03-05,2024-03-24,49,30,1,0,synthetic
PCL-FF7F422A,PRJ-003,Ownership Verification,2,2024-03-24,2024-05-08,2024-04-29,36,45,0,0,synthetic
PCL-FF7F422A,PRJ-003,Notification,3,2024-04-29,2024-05-19,2024-05-17,18,20,0,0,synthetic
PCL-FF7F422A,PRJ-003,Objections/Hearings,4,2024-05-17,2024-06-16,2024-06-22,36,30,1,0,synthetic
PCL-FF7F422A,PRJ-003,Compensation Assessment,5,2024-06-22,2024-08-01,2024-08-02,41,40,1,0,synthetic
PCL-FF7F422A,PRJ-003,Compensation Disbursement,6,2024-08-02,2024-09-01,2024-08-27,25,30,0,0,synthetic
PCL-FF7F422A,PRJ-003,Rehabilitation & Resettlement,7,2024-08-27,2024-10-26,,370,60,1,1,synthetic
PCL-097A2F86,PRJ-003,Land Identification,0,2024-01-02,2024-01-17,2024-01-15,13,15,0,0,synthetic
PCL-097A2F86,PRJ-003,Survey/Parcel Mapping,1,2024-01-15,2024-02-14,2024-02-19,35,30,1,0,synthetic
PCL-097A2F86,PRJ-003,Ownership Verification,2,2024-02-19,2024-04-04,2024-04-14,55,45,1,0,synthetic
PCL-097A2F86,PRJ-003,Notification,3,2024-04-14,2024-05-04,2024-04-29,15,20,0,0,synthetic
PCL-097A2F86,PRJ-003,Objections/Hearings,4,2024-04-29,2024-05-29,2024-06-01,33,30,1,0,synthetic
PCL-097A2F86,PRJ-003,Compensation Assessment,5,2024-06-01,2024-07-11,2024-06-27,26,40,0,0,synthetic
PCL-097A2F86,PRJ-003,Compensation Disbursement,6,2024-06-27,2024-07-27,2024-08-12,46,30,1,0,synthetic
PCL-097A2F86,PRJ-003,Rehabilitation & Resettlement,7,2024-08-12,2024-10-11,2024-12-12,122,60,1,0,synthetic
PCL-097A2F86,PRJ-003,Possession,8,2024-12-12,2024-12-27,2024-12-26,14,15,0,0,synthetic
PCL-097A2F86,PRJ-003,Closure/Handover,9,2024-12-26,2025-01-05,,249,10,1,1,synthetic
PCL-8C1ED904,PRJ-003,Land Identification,0,2024-01-21,2024-02-05,2024-02-04,14,15,0,0,synthetic
PCL-8C1ED904,PRJ-003,Survey/Parcel Mapping,1,2024-02-04,2024-03-05,2024-03-19,44,30,1,0,synthetic
PCL-8C1ED904,PRJ-003,Ownership Verification,2,2024-03-19,2024-05-03,2024-05-05,47,45,1,0,synthetic
PCL-8C1ED904,PRJ-003,Notification,3,2024-05-05,2024-05-25,2024-06-06,32,20,1,0,synthetic
PCL-8C1ED904,PRJ-003,Objections/Hearings,4,2024-06-06,2024-07-06,2024-06-23,17,30,0,0,synthetic
PCL-8C1ED904,PRJ-003,Compensation Assessment,5,2024-06-23,2024-08-02,,435,40,1,1,synthetic
PCL-F447DE4C,PRJ-003,Land Identification,0,2024-01-01,2024-01-16,2024-01-19,18,15,1,0,synthetic
PCL-F447DE4C,PRJ-003,Survey/Parcel Mapping,1,2024-01-19,2024-02-18,2024-02-02,14,30,0,0,synthetic
PCL-F447DE4C,PRJ-003,Ownership Verification,2,2024-02-02,2024-03-18,2024-03-11,38,45,0,0,synthetic
PCL-F447DE4C,PRJ-003,Notification,3,2024-03-11,2024-03-31,2024-04-03,23,20,1,0,synthetic
PCL-F447DE4C,PRJ-003,Objections/Hearings,4,2024-04-03,2024-05-03,2024-04-28,25,30,0,0,synthetic
PCL-F447DE4C,PRJ-003,Compensation Assessment,5,2024-04-28,2024-06-07,2024-06-02,35,40,0,0,synthetic
PCL-F447DE4C,PRJ-003,Compensation Disbursement,6,2024-06-02,2024-07-02,,456,30,1,1,synthetic
PCL-9E3CB5E6,PRJ-003,Land Identification,0,2024-03-01,2024-03-16,2024-03-19,18,15,1,0,synthetic
PCL-9E3CB5E6,PRJ-003,Survey/Parcel Mapping,1,2024-03-19,2024-04-18,2024-04-21,33,30,1,0,synthetic
PCL-9E3CB5E6,PRJ-003,Ownership Verification,2,2024-04-21,2024-06-05,2024-07-16,86,45,1,0,synthetic
PCL-9E3CB5E6,PRJ-003,Notification,3,2024-07-16,2024-08-05,2024-07-30,14,20,0,0,synthetic
PCL-9E3CB5E6,PRJ-003,Objections/Hearings,4,2024-07-30,2024-08-29,2024-08-28,29,30,0,0,synthetic
PCL-9E3CB5E6,PRJ-003,Compensation Assessment,5,2024-08-28,2024-10-07,,369,40,1,1,synthetic
PCL-D9FD6633,PRJ-003,Land Identification,0,2024-01-17,2024-02-01,2024-02-01,15,15,0,0,synthetic
PCL-D9FD6633,PRJ-003,Survey/Parcel Mapping,1,2024-02-01,2024-03-02,2024-02-22,21,30,0,0,synthetic
PCL-D9FD6633,PRJ-003,Ownership Verification,2,2024-02-22,2024-04-07,2024-04-18,56,45,1,0,synthetic
PCL-D9FD6633,PRJ-003,Notification,3,2024-04-18,2024-05-08,2024-04-30,12,20,0,0,synthetic
PCL-D9FD6633,PRJ-003,Objections/Hearings,4,2024-04-30,2024-05-30,2024-06-24,55,30,1,0,synthetic
PCL-D9FD6633,PRJ-003,Compensation Assessment,5,2024-06-24,2024-08-03,2024-07-24,30,40,0,0,synthetic
PCL-D9FD6633,PRJ-003,Compensation Disbursement,6,2024-07-24,2024-08-23,2024-08-13,20,30,0,0,synthetic
PCL-D9FD6633,PRJ-003,Rehabilitation & Resettlement,7,2024-08-13,2024-10-12,,384,60,1,1,synthetic
PCL-6EF7C14E,PRJ-003,Land Identification,0,2024-02-18,2024-03-04,2024-03-05,16,15,1,0,synthetic
PCL-6EF7C14E,PRJ-003,Survey/Parcel Mapping,1,2024-03-05,2024-04-04,2024-04-05,31,30,1,0,synthetic
PCL-6EF7C14E,PRJ-003,Ownership Verification,2,2024-04-05,2024-05-20,2024-05-11,36,45,0,0,synthetic
PCL-6EF7C14E,PRJ-003,Notification,3,2024-05-11,2024-05-31,2024-05-23,12,20,0,0,synthetic
PCL-6EF7C14E,PRJ-003,Objections/Hearings,4,2024-05-23,2024-06-22,2024-06-13,21,30,0,0,synthetic
PCL-6EF7C14E,PRJ-003,Compensation Assessment,5,2024-06-13,2024-07-23,2024-07-25,42,40,1,0,synthetic
PCL-6EF7C14E,PRJ-003,Compensation Disbursement,6,2024-07-25,2024-08-24,2024-08-26,32,30,1,0,synthetic
PCL-6EF7C14E,PRJ-003,Rehabilitation & Resettlement,7,2024-08-26,2024-10-25,2025-01-07,134,60,1,0,synthetic
PCL-6EF7C14E,PRJ-003,Possession,8,2025-01-07,2025-01-22,,237,15,1,1,synthetic
PCL-DEA8ED12,PRJ-003,Land Identification,0,2024-02-29,2024-03-15,,550,15,1,1,synthetic
PCL-EE1272AB,PRJ-003,Land Identification,0,2024-02-23,2024-03-09,,556,15,1,1,synthetic
PCL-B970EB7D,PRJ-003,Land Identification,0,2024-01-10,2024-01-25,2024-01-28,18,15,1,0,synthetic
PCL-B970EB7D,PRJ-003,Survey/Parcel Mapping,1,2024-01-28,2024-02-27,2024-02-26,29,30,0,0,synthetic
PCL-B970EB7D,PRJ-003,Ownership Verification,2,2024-02-26,2024-04-11,,553,45,1,1,synthetic
PCL-46135B99,PRJ-003,Land Identification,0,2024-02-19,2024-03-05,2024-03-02,12,15,0,0,synthetic
PCL-46135B99,PRJ-003,Survey/Parcel Mapping,1,2024-03-02,2024-04-01,2024-03-28,26,30,0,0,synthetic
PCL-46135B99,PRJ-003,Ownership Verification,2,2024-03-28,2024-05-12,,522,45,1,1,synthetic
PCL-76DCDB12,PRJ-003,Land Identification,0,2024-03-12,2024-03-27,2024-03-22,10,15,0,0,synthetic
PCL-76DCDB12,PRJ-003,Survey/Parcel Mapping,1,2024-03-22,2024-04-21,2024-04-12,21,30,0,0,synthetic
PCL-76DCDB12,PRJ-003,Ownership Verification,2,2024-04-12,2024-05-27,2024-05-28,46,45,1,0,synthetic
PCL-76DCDB12,PRJ-003,Notification,3,2024-05-28,2024-06-17,2024-06-11,14,20,0,0,synthetic
PCL-76DCDB12,PRJ-003,Objections/Hearings,4,2024-06-11,2024-07-11,2024-06-30,19,30,0,0,synthetic
PCL-76DCDB12,PRJ-003,Compensation Assessment,5,2024-06-30,2024-08-09,2024-08-31,62,40,1,0,synthetic
PCL-76DCDB12,PRJ-003,Compensation Disbursement,6,2024-08-31,2024-09-30,2024-10-06,36,30,1,0,synthetic
PCL-76DCDB12,PRJ-003,Rehabilitation & Resettlement,7,2024-10-06,2024-12-05,2025-02-21,138,60,1,0,synthetic
PCL-76DCDB12,PRJ-003,Possession,8,2025-02-21,2025-03-08,2025-03-06,13,15,0,0,synthetic
PCL-76DCDB12,PRJ-003,Closure/Handover,9,2025-03-06,2025-03-16,,179,10,1,1,synthetic
PCL-C47373CD,PRJ-003,Land Identification,0,2024-03-11,2024-03-26,2024-03-28,17,15,1,0,synthetic
PCL-C47373CD,PRJ-003,Survey/Parcel Mapping,1,2024-03-28,2024-04-27,2024-04-17,20,30,0,0,synthetic
PCL-C47373CD,PRJ-003,Ownership Verification,2,2024-04-17,2024-06-01,2024-06-03,47,45,1,0,synthetic
PCL-C47373CD,PRJ-003,Notification,3,2024-06-03,2024-06-23,2024-07-01,28,20,1,0,synthetic
PCL-C47373CD,PRJ-003,Objections/Hearings,4,2024-07-01,2024-07-31,2024-07-20,19,30,0,0,synthetic
PCL-C47373CD,PRJ-003,Compensation Assessment,5,2024-07-20,2024-08-29,2024-09-21,63,40,1,0,synthetic
PCL-C47373CD,PRJ-003,Compensation Disbursement,6,2024-09-21,2024-10-21,,345,30,1,1,synthetic
PCL-203FED36,PRJ-003,Land Identification,0,2024-03-23,2024-04-07,,527,15,1,1,synthetic
PCL-82BB01E0,PRJ-003,Land Identification,0,2024-02-02,2024-02-17,2024-02-17,15,15,0,0,synthetic
PCL-82BB01E0,PRJ-003,Survey/Parcel Mapping,1,2024-02-17,2024-03-18,2024-03-26,38,30,1,0,synthetic
PCL-82BB01E0,PRJ-003,Ownership Verification,2,2024-03-26,2024-05-10,2024-04-25,30,45,0,0,synthetic
PCL-82BB01E0,PRJ-003,Notification,3,2024-04-25,2024-05-15,2024-05-12,17,20,0,0,synthetic
PCL-82BB01E0,PRJ-003,Objections/Hearings,4,2024-05-12,2024-06-11,2024-06-25,44,30,1,0,synthetic
PCL-82BB01E0,PRJ-003,Compensation Assessment,5,2024-06-25,2024-08-04,,433,40,1,1,synthetic
PCL-FAB9FDA1,PRJ-003,Land Identification,0,2024-01-28,2024-02-12,2024-02-07,10,15,0,0,synthetic
PCL-FAB9FDA1,PRJ-003,Survey/Parcel Mapping,1,2024-02-07,2024-03-08,2024-03-15,37,30,1,0,synthetic
PCL-FAB9FDA1,PRJ-003,Ownership Verification,2,2024-03-15,2024-04-29,2024-04-19,35,45,0,0,synthetic
PCL-FAB9FDA1,PRJ-003,Notification,3,2024-04-19,2024-05-09,2024-05-16,27,20,1,0,synthetic
PCL-FAB9FDA1,PRJ-003,Objections/Hearings,4,2024-05-16,2024-06-15,2024-06-23,38,30,1,0,synthetic
PCL-FAB9FDA1,PRJ-003,Compensation Assessment,5,2024-06-23,2024-08-02,2024-07-25,32,40,0,0,synthetic
PCL-FAB9FDA1,PRJ-003,Compensation Disbursement,6,2024-07-25,2024-08-24,2024-08-19,25,30,0,0,synthetic
PCL-FAB9FDA1,PRJ-003,Rehabilitation & Resettlement,7,2024-08-19,2024-10-18,,378,60,1,1,synthetic
PCL-D2F68374,PRJ-003,Land Identification,0,2024-03-28,2024-04-12,2024-04-12,15,15,0,0,synthetic
PCL-D2F68374,PRJ-003,Survey/Parcel Mapping,1,2024-04-12,2024-05-12,,507,30,1,1,synthetic
PCL-E41CCD38,PRJ-003,Land Identification,0,2024-02-24,2024-03-10,2024-03-06,11,15,0,0,synthetic
PCL-E41CCD38,PRJ-003,Survey/Parcel Mapping,1,2024-03-06,2024-04-05,2024-04-09,34,30,1,0,synthetic
PCL-E41CCD38,PRJ-003,Ownership Verification,2,2024-04-09,2024-05-24,2024-07-02,84,45,1,0,synthetic
PCL-E41CCD38,PRJ-003,Notification,3,2024-07-02,2024-07-22,2024-07-19,17,20,0,0,synthetic
PCL-E41CCD38,PRJ-003,Objections/Hearings,4,2024-07-19,2024-08-18,2024-08-08,20,30,0,0,synthetic
PCL-E41CCD38,PRJ-003,Compensation Assessment,5,2024-08-08,2024-09-17,,389,40,1,1,synthetic
PCL-7AA859A1,PRJ-003,Land Identification,0,2024-01-07,2024-01-22,2024-01-22,15,15,0,0,synthetic
PCL-7AA859A1,PRJ-003,Survey/Parcel Mapping,1,2024-01-22,2024-02-21,2024-02-22,31,30,1,0,synthetic
PCL-7AA859A1,PRJ-003,Ownership Verification,2,2024-02-22,2024-04-07,2024-04-20,58,45,1,0,synthetic
PCL-7AA859A1,PRJ-003,Notification,3,2024-04-20,2024-05-10,2024-05-09,19,20,0,0,synthetic
PCL-7AA859A1,PRJ-003,Objections/Hearings,4,2024-05-09,2024-06-08,2024-06-18,40,30,1,0,synthetic
PCL-7AA859A1,PRJ-003,Compensation Assessment,5,2024-06-18,2024-07-28,2024-08-10,53,40,1,0,synthetic
PCL-7AA859A1,PRJ-003,Compensation Disbursement,6,2024-08-10,2024-09-09,,387,30,1,1,synthetic
PCL-51857076,PRJ-003,Land Identification,0,2024-02-22,2024-03-08,2024-03-05,12,15,0,0,synthetic
PCL-51857076,PRJ-003,Survey/Parcel Mapping,1,2024-03-05,2024-04-04,,545,30,1,1,synthetic
PCL-3D813186,PRJ-003,Land Identification,0,2024-03-21,2024-04-05,,529,15,1,1,synthetic
PCL-25399CFD,PRJ-003,Land Identification,0,2024-02-07,2024-02-22,2024-02-20,13,15,0,0,synthetic
PCL-25399CFD,PRJ-003,Survey/Parcel Mapping,1,2024-02-20,2024-03-21,2024-03-20,29,30,0,0,synthetic
PCL-25399CFD,PRJ-003,Ownership Verification,2,2024-03-20,2024-05-04,2024-06-03,75,45,1,0,synthetic
PCL-25399CFD,PRJ-003,Notification,3,2024-06-03,2024-06-23,2024-06-18,15,20,0,0,synthetic
PCL-25399CFD,PRJ-003,Objections/Hearings,4,2024-06-18,2024-07-18,,440,30,1,1,synthetic
PCL-67A47EF0,PRJ-003,Land Identification,0,2024-02-26,2024-03-12,2024-03-12,15,15,0,0,synthetic
PCL-67A47EF0,PRJ-003,Survey/Parcel Mapping,1,2024-03-12,2024-04-11,2024-04-08,27,30,0,0,synthetic
PCL-67A47EF0,PRJ-003,Ownership Verification,2,2024-04-08,2024-05-23,2024-05-21,43,45,0,0,synthetic
PCL-67A47EF0,PRJ-003,Notification,3,2024-05-21,2024-06-10,2024-06-10,20,20,0,0,synthetic
PCL-67A47EF0,PRJ-003,Objections/Hearings,4,2024-06-10,2024-07-10,,448,30,1,1,synthetic
PCL-3AB06929,PRJ-003,Land Identification,0,2024-02-11,2024-02-26,2024-02-29,18,15,1,0,synthetic
PCL-3AB06929,PRJ-003,Survey/Parcel Mapping,1,2024-02-29,2024-03-30,2024-03-31,31,30,1,0,synthetic
PCL-3AB06929,PRJ-003,Ownership Verification,2,2024-03-31,2024-05-15,2024-05-10,40,45,0,0,synthetic
PCL-3AB06929,PRJ-003,Notification,3,2024-05-10,2024-05-30,2024-06-12,33,20,1,0,synthetic
PCL-3AB06929,PRJ-003,Objections/Hearings,4,2024-06-12,2024-07-12,,446,30,1,1,synthetic
PCL-F9179A23,PRJ-003,Land Identification,0,2024-03-08,2024-03-23,2024-03-15,7,15,0,0,synthetic
PCL-F9179A23,PRJ-003,Survey/Parcel Mapping,1,2024-03-15,2024-04-14,2024-04-19,35,30,1,0,synthetic
PCL-F9179A23,PRJ-003,Ownership Verification,2,2024-04-19,2024-06-03,,500,45,1,1,synthetic
PCL-129DCD91,PRJ-003,Land Identification,0,2024-03-15,2024-03-30,2024-04-03,19,15,1,0,synthetic
PCL-129DCD91,PRJ-003,Survey/Parcel Mapping,1,2024-04-03,2024-05-03,2024-05-08,35,30,1,0,synthetic
PCL-129DCD91,PRJ-003,Ownership Verification,2,2024-05-08,2024-06-22,,481,45,1,1,synthetic
PCL-52D751A8,PRJ-003,Land Identification,0,2024-01-16,2024-01-31,,594,15,1,1,synthetic
PCL-C6F66CD9,PRJ-003,Land Identification,0,2024-03-26,2024-04-10,2024-04-10,15,15,0,0,synthetic
PCL-C6F66CD9,PRJ-003,Survey/Parcel Mapping,1,2024-04-10,2024-05-10,,509,30,1,1,synthetic
PCL-71C4C202,PRJ-003,Land Identification,0,2024-02-13,2024-02-28,2024-02-22,9,15,0,0,synthetic
PCL-71C4C202,PRJ-003,Survey/Parcel Mapping,1,2024-02-22,2024-03-23,2024-03-21,28,30,0,0,synthetic
PCL-71C4C202,PRJ-003,Ownership Verification,2,2024-03-21,2024-05-05,2024-05-04,44,45,0,0,synthetic
PCL-71C4C202,PRJ-003,Notification,3,2024-05-04,2024-05-24,2024-06-04,31,20,1,0,synthetic
PCL-71C4C202,PRJ-003,Objections/Hearings,4,2024-06-04,2024-07-04,2024-07-26,52,30,1,0,synthetic
PCL-71C4C202,PRJ-003,Compensation Assessment,5,2024-07-26,2024-09-04,2024-09-11,47,40,1,0,synthetic
PCL-71C4C202,PRJ-003,Compensation Disbursement,6,2024-09-11,2024-10-11,2024-09-30,19,30,0,0,synthetic
PCL-71C4C202,PRJ-003,Rehabilitation & Resettlement,7,2024-09-30,2024-11-29,,336,60,1,1,synthetic
PCL-3D30B0C3,PRJ-003,Land Identification,0,2024-02-23,2024-03-09,,556,15,1,1,synthetic
PCL-7AA71223,PRJ-003,Land Identification,0,2024-01-27,2024-02-11,2024-02-16,20,15,1,0,synthetic
PCL-7AA71223,PRJ-003,Survey/Parcel Mapping,1,2024-02-16,2024-03-17,2024-03-08,21,30,0,0,synthetic
PCL-7AA71223,PRJ-003,Ownership Verification,2,2024-03-08,2024-04-22,2024-04-13,36,45,0,0,synthetic
PCL-7AA71223,PRJ-003,Notification,3,2024-04-13,2024-05-03,2024-04-30,17,20,0,0,synthetic
PCL-7AA71223,PRJ-003,Objections/Hearings,4,2024-04-30,2024-05-30,2024-05-29,29,30,0,0,synthetic
PCL-7AA71223,PRJ-003,Compensation Assessment,5,2024-05-29,2024-07-08,2024-07-06,38,40,0,0,synthetic
PCL-7AA71223,PRJ-003,Compensation Disbursement,6,2024-07-06,2024-08-05,2024-07-28,22,30,0,0,synthetic
PCL-7AA71223,PRJ-003,Rehabilitation & Resettlement,7,2024-07-28,2024-09-26,,400,60,1,1,synthetic
PCL-1A985AD8,PRJ-003,Land Identification,0,2024-03-06,2024-03-21,2024-03-20,14,15,0,0,synthetic
PCL-1A985AD8,PRJ-003,Survey/Parcel Mapping,1,2024-03-20,2024-04-19,2024-04-05,16,30,0,0,synthetic
PCL-1A985AD8,PRJ-003,Ownership Verification,2,2024-04-05,2024-05-20,2024-05-16,41,45,0,0,synthetic
PCL-1A985AD8,PRJ-003,Notification,3,2024-05-16,2024-06-05,2024-06-08,23,20,1,0,synthetic
PCL-1A985AD8,PRJ-003,Objections/Hearings,4,2024-06-08,2024-07-08,2024-07-17,39,30,1,0,synthetic
PCL-1A985AD8,PRJ-003,Compensation Assessment,5,2024-07-17,2024-08-26,2024-08-07,21,40,0,0,synthetic
PCL-1A985AD8,PRJ-003,Compensation Disbursement,6,2024-08-07,2024-09-06,,390,30,1,1,synthetic
PCL-DD079ED0,PRJ-003,Land Identification,0,2024-03-16,2024-03-31,2024-04-08,23,15,1,0,synthetic
PCL-DD079ED0,PRJ-003,Survey/Parcel Mapping,1,2024-04-08,2024-05-08,2024-05-10,32,30,1,0,synthetic
PCL-DD079ED0,PRJ-003,Ownership Verification,2,2024-05-10,2024-06-24,2024-06-18,39,45,0,0,synthetic
PCL-DD079ED0,PRJ-003,Notification,3,2024-06-18,2024-07-08,2024-07-14,26,20,1,0,synthetic
PCL-DD079ED0,PRJ-003,Objections/Hearings,4,2024-07-14,2024-08-13,2024-08-06,23,30,0,0,synthetic
PCL-DD079ED0,PRJ-003,Compensation Assessment,5,2024-08-06,2024-09-15,2024-09-05,30,40,0,0,synthetic
PCL-DD079ED0,PRJ-003,Compensation Disbursement,6,2024-09-05,2024-10-05,,361,30,1,1,synthetic
PCL-6BF634B7,PRJ-003,Land Identification,0,2024-02-06,2024-02-21,2024-02-15,9,15,0,0,synthetic
PCL-6BF634B7,PRJ-003,Survey/Parcel Mapping,1,2024-02-15,2024-03-16,,564,30,1,1,synthetic
PCL-EAC1C0EC,PRJ-003,Land Identification,0,2024-02-23,2024-03-09,2024-03-11,17,15,1,0,synthetic
PCL-EAC1C0EC,PRJ-003,Survey/Parcel Mapping,1,2024-03-11,2024-04-10,2024-04-09,29,30,0,0,synthetic
PCL-EAC1C0EC,PRJ-003,Ownership Verification,2,2024-04-09,2024-05-24,2024-05-04,25,45,0,0,synthetic
PCL-EAC1C0EC,PRJ-003,Notification,3,2024-05-04,2024-05-24,2024-05-26,22,20,1,0,synthetic
PCL-EAC1C0EC,PRJ-003,Objections/Hearings,4,2024-05-26,2024-06-25,2024-06-23,28,30,0,0,synthetic
PCL-EAC1C0EC,PRJ-003,Compensation Assessment,5,2024-06-23,2024-08-02,,435,40,1,1,synthetic
PCL-9A8AAC77,PRJ-003,Land Identification,0,2024-03-15,2024-03-30,2024-03-28,13,15,0,0,synthetic
PCL-9A8AAC77,PRJ-003,Survey/Parcel Mapping,1,2024-03-28,2024-04-27,2024-05-01,34,30,1,0,synthetic
PCL-9A8AAC77,PRJ-003,Ownership Verification,2,2024-05-01,2024-06-15,2024-06-17,47,45,1,0,synthetic
PCL-9A8AAC77,PRJ-003,Notification,3,2024-06-17,2024-07-07,2024-07-14,27,20,1,0,synthetic
PCL-9A8AAC77,PRJ-003,Objections/Hearings,4,2024-07-14,2024-08-13,2024-08-02,19,30,0,0,synthetic
PCL-9A8AAC77,PRJ-003,Compensation Assessment,5,2024-08-02,2024-09-11,,395,40,1,1,synthetic
PCL-0633E19A,PRJ-003,Land Identification,0,2024-02-07,2024-02-22,,572,15,1,1,synthetic
PCL-6EA45ED5,PRJ-003,Land Identification,0,2024-01-10,2024-01-25,2024-01-27,17,15,1,0,synthetic
PCL-6EA45ED5,PRJ-003,Survey/Parcel Mapping,1,2024-01-27,2024-02-26,2024-04-01,65,30,1,0,synthetic
PCL-6EA45ED5,PRJ-003,Ownership Verification,2,2024-04-01,2024-05-16,2024-05-10,39,45,0,0,synthetic
PCL-6EA45ED5,PRJ-003,Notification,3,2024-05-10,2024-05-30,2024-05-28,18,20,0,0,synthetic
PCL-6EA45ED5,PRJ-003,Objections/Hearings,4,2024-05-28,2024-06-27,2024-06-24,27,30,0,0,synthetic
PCL-6EA45ED5,PRJ-003,Compensation Assessment,5,2024-06-24,2024-08-03,,434,40,1,1,synthetic
PCL-2BF25EF4,PRJ-003,Land Identification,0,2024-01-11,2024-01-26,2024-01-25,14,15,0,0,synthetic
PCL-2BF25EF4,PRJ-003,Survey/Parcel Mapping,1,2024-01-25,2024-02-24,2024-02-27,33,30,1,0,synthetic
PCL-2BF25EF4,PRJ-003,Ownership Verification,2,2024-02-27,2024-04-12,2024-04-06,39,45,0,0,synthetic
PCL-2BF25EF4,PRJ-003,Notification,3,2024-04-06,2024-04-26,2024-04-21,15,20,0,0,synthetic
PCL-2BF25EF4,PRJ-003,Objections/Hearings,4,2024-04-21,2024-05-21,2024-05-18,27,30,0,0,synthetic
PCL-2BF25EF4,PRJ-003,Compensation Assessment,5,2024-05-18,2024-06-27,2024-07-13,56,40,1,0,synthetic
PCL-2BF25EF4,PRJ-003,Compensation Disbursement,6,2024-07-13,2024-08-12,2024-08-18,36,30,1,0,synthetic
PCL-2BF25EF4,PRJ-003,Rehabilitation & Resettlement,7,2024-08-18,2024-10-17,2025-02-26,192,60,1,0,synthetic
PCL-2BF25EF4,PRJ-003,Possession,8,2025-02-26,2025-03-13,2025-03-16,18,15,1,0,synthetic
PCL-2BF25EF4,PRJ-003,Closure/Handover,9,2025-03-16,2025-03-26,,169,10,1,1,synthetic
PCL-17B11F0F,PRJ-003,Land Identification,0,2024-01-18,2024-02-02,2024-02-04,17,15,1,0,synthetic
PCL-17B11F0F,PRJ-003,Survey/Parcel Mapping,1,2024-02-04,2024-03-05,,575,30,1,1,synthetic
PCL-62C251AB,PRJ-003,Land Identification,0,2024-02-21,2024-03-07,2024-03-10,18,15,1,0,synthetic
PCL-62C251AB,PRJ-003,Survey/Parcel Mapping,1,2024-03-10,2024-04-09,2024-03-31,21,30,0,0,synthetic
PCL-62C251AB,PRJ-003,Ownership Verification,2,2024-03-31,2024-05-15,2024-05-06,36,45,0,0,synthetic
PCL-62C251AB,PRJ-003,Notification,3,2024-05-06,2024-05-26,2024-05-26,20,20,0,0,synthetic
PCL-62C251AB,PRJ-003,Objections/Hearings,4,2024-05-26,2024-06-25,2024-06-10,15,30,0,0,synthetic
PCL-62C251AB,PRJ-003,Compensation Assessment,5,2024-06-10,2024-07-20,,448,40,1,1,synthetic
PCL-C3C88341,PRJ-003,Land Identification,0,2024-01-27,2024-02-11,2024-02-04,8,15,0,0,synthetic
PCL-C3C88341,PRJ-003,Survey/Parcel Mapping,1,2024-02-04,2024-03-05,,575,30,1,1,synthetic
PCL-98EBD11B,PRJ-003,Land Identification,0,2024-02-24,2024-03-10,,555,15,1,1,synthetic
PCL-1BC5ABC8,PRJ-003,Land Identification,0,2024-02-24,2024-03-10,,555,15,1,1,synthetic
PCL-E803D9BE,PRJ-003,Land Identification,0,2024-02-18,2024-03-04,2024-02-28,10,15,0,0,synthetic
PCL-E803D9BE,PRJ-003,Survey/Parcel Mapping,1,2024-02-28,2024-03-29,2024-03-27,28,30,0,0,synthetic
PCL-E803D9BE,PRJ-003,Ownership Verification,2,2024-03-27,2024-05-11,2024-05-23,57,45,1,0,synthetic
PCL-E803D9BE,PRJ-003,Notification,3,2024-05-23,2024-06-12,2024-06-09,17,20,0,0,synthetic
PCL-E803D9BE,PRJ-003,Objections/Hearings,4,2024-06-09,2024-07-09,2024-07-08,29,30,0,0,synthetic
PCL-E803D9BE,PRJ-003,Compensation Assessment,5,2024-07-08,2024-08-17,2024-08-04,27,40,0,0,synthetic
PCL-E803D9BE,PRJ-003,Compensation Disbursement,6,2024-08-04,2024-09-03,,393,30,1,1,synthetic
PCL-E71C9DB2,PRJ-005,Land Identification,0,2024-01-26,2024-02-10,2024-02-13,18,15,1,0,synthetic
PCL-E71C9DB2,PRJ-005,Survey/Parcel Mapping,1,2024-02-13,2024-03-14,2024-04-05,52,30,1,0,synthetic
PCL-E71C9DB2,PRJ-005,Ownership Verification,2,2024-04-05,2024-05-20,2024-10-09,187,45,1,0,synthetic
PCL-E71C9DB2,PRJ-005,Notification,3,2024-10-09,2024-10-29,2024-10-27,18,20,0,0,synthetic
PCL-E71C9DB2,PRJ-005,Objections/Hearings,4,2024-10-27,2024-11-26,2024-11-20,24,30,0,0,synthetic
PCL-E71C9DB2,PRJ-005,Compensation Assessment,5,2024-11-20,2024-12-30,2024-12-22,32,40,0,0,synthetic
PCL-E71C9DB2,PRJ-005,Compensation Disbursement,6,2024-12-22,2025-01-21,,253,30,1,1,synthetic
PCL-176B137B,PRJ-005,Land Identification,0,2024-03-22,2024-04-06,2024-04-06,15,15,0,0,synthetic
PCL-176B137B,PRJ-005,Survey/Parcel Mapping,1,2024-04-06,2024-05-06,2024-05-07,31,30,1,0,synthetic
PCL-176B137B,PRJ-005,Ownership Verification,2,2024-05-07,2024-06-21,2024-09-16,132,45,1,0,synthetic
PCL-176B137B,PRJ-005,Notification,3,2024-09-16,2024-10-06,,350,20,1,1,synthetic
PCL-953C1262,PRJ-005,Land Identification,0,2024-01-17,2024-02-01,2024-01-29,12,15,0,0,synthetic
PCL-953C1262,PRJ-005,Survey/Parcel Mapping,1,2024-01-29,2024-02-28,2024-03-06,37,30,1,0,synthetic
PCL-953C1262,PRJ-005,Ownership Verification,2,2024-03-06,2024-04-20,2024-07-19,135,45,1,0,synthetic
PCL-953C1262,PRJ-005,Notification,3,2024-07-19,2024-08-08,2024-08-13,25,20,1,0,synthetic
PCL-953C1262,PRJ-005,Objections/Hearings,4,2024-08-13,2024-09-12,2024-10-06,54,30,1,0,synthetic
PCL-953C1262,PRJ-005,Compensation Assessment,5,2024-10-06,2024-11-15,2024-12-02,57,40,1,0,synthetic
PCL-953C1262,PRJ-005,Compensation Disbursement,6,2024-12-02,2025-01-01,2025-01-02,31,30,1,0,synthetic
PCL-953C1262,PRJ-005,Rehabilitation & Resettlement,7,2025-01-02,2025-03-03,2025-02-04,33,60,0,0,synthetic
PCL-953C1262,PRJ-005,Possession,8,2025-02-04,2025-02-19,2025-02-14,10,15,0,0,synthetic
PCL-953C1262,PRJ-005,Closure/Handover,9,2025-02-14,2025-02-24,,199,10,1,1,synthetic
PCL-E6F8D01D,PRJ-005,Land Identification,0,2024-01-20,2024-02-04,2024-01-31,11,15,0,0,synthetic
PCL-E6F8D01D,PRJ-005,Survey/Parcel Mapping,1,2024-01-31,2024-03-01,2024-02-27,27,30,0,0,synthetic
PCL-E6F8D01D,PRJ-005,Ownership Verification,2,2024-02-27,2024-04-12,,552,45,1,1,synthetic
PCL-E52FA465,PRJ-005,Land Identification,0,2024-02-10,2024-02-25,2024-02-22,12,15,0,0,synthetic
PCL-E52FA465,PRJ-005,Survey/Parcel Mapping,1,2024-02-22,2024-03-23,2024-03-30,37,30,1,0,synthetic
PCL-E52FA465,PRJ-005,Ownership Verification,2,2024-03-30,2024-05-14,2024-07-01,93,45,1,0,synthetic
PCL-E52FA465,PRJ-005,Notification,3,2024-07-01,2024-07-21,2024-07-17,16,20,0,0,synthetic
PCL-E52FA465,PRJ-005,Objections/Hearings,4,2024-07-17,2024-08-16,2024-08-07,21,30,0,0,synthetic
PCL-E52FA465,PRJ-005,Compensation Assessment,5,2024-08-07,2024-09-16,,390,40,1,1,synthetic
PCL-912088F3,PRJ-005,Land Identification,0,2024-03-22,2024-04-06,2024-04-05,14,15,0,0,synthetic
PCL-912088F3,PRJ-005,Survey/Parcel Mapping,1,2024-04-05,2024-05-05,2024-05-15,40,30,1,0,synthetic
PCL-912088F3,PRJ-005,Ownership Verification,2,2024-05-15,2024-06-29,2024-08-20,97,45,1,0,synthetic
PCL-912088F3,PRJ-005,Notification,3,2024-08-20,2024-09-09,2024-09-07,18,20,0,0,synthetic
PCL-912088F3,PRJ-005,Objections/Hearings,4,2024-09-07,2024-10-07,2024-09-25,18,30,0,0,synthetic
PCL-912088F3,PRJ-005,Compensation Assessment,5,2024-09-25,2024-11-04,,341,40,1,1,synthetic
PCL-BDE74633,PRJ-005,Land Identification,0,2024-01-02,2024-01-17,2024-01-21,19,15,1,0,synthetic
PCL-BDE74633,PRJ-005,Survey/Parcel Mapping,1,2024-01-21,2024-02-20,2024-02-19,29,30,0,0,synthetic
PCL-BDE74633,PRJ-005,Ownership Verification,2,2024-02-19,2024-04-04,2024-06-11,113,45,1,0,synthetic
PCL-BDE74633,PRJ-005,Notification,3,2024-06-11,2024-07-01,2024-07-06,25,20,1,0,synthetic
PCL-BDE74633,PRJ-005,Objections/Hearings,4,2024-07-06,2024-08-05,2024-08-13,38,30,1,0,synthetic
PCL-BDE74633,PRJ-005,Compensation Assessment,5,2024-08-13,2024-09-22,2024-09-19,37,40,0,0,synthetic
PCL-BDE74633,PRJ-005,Compensation Disbursement,6,2024-09-19,2024-10-19,2024-11-03,45,30,1,0,synthetic
PCL-BDE74633,PRJ-005,Rehabilitation & Resettlement,7,2024-11-03,2025-01-02,2025-01-14,72,60,1,0,synthetic
PCL-BDE74633,PRJ-005,Possession,8,2025-01-14,2025-01-29,,230,15,1,1,synthetic
PCL-6A71C818,PRJ-005,Land Identification,0,2024-01-03,2024-01-18,2024-01-21,18,15,1,0,synthetic
PCL-6A71C818,PRJ-005,Survey/Parcel Mapping,1,2024-01-21,2024-02-20,,589,30,1,1,synthetic
PCL-7CB89A58,PRJ-005,Land Identification,0,2024-01-02,2024-01-17,2024-01-17,15,15,0,0,synthetic
PCL-7CB89A58,PRJ-005,Survey/Parcel Mapping,1,2024-01-17,2024-02-16,2024-02-27,41,30,1,0,synthetic
PCL-7CB89A58,PRJ-005,Ownership Verification,2,2024-02-27,2024-04-12,2024-08-18,173,45,1,0,synthetic
PCL-7CB89A58,PRJ-005,Notification,3,2024-08-18,2024-09-07,,379,20,1,1,synthetic
PCL-13E89CCF,PRJ-005,Land Identification,0,2024-01-09,2024-01-24,2024-01-23,14,15,0,0,synthetic
PCL-13E89CCF,PRJ-005,Survey/Parcel Mapping,1,2024-01-23,2024-02-22,2024-02-27,35,30,1,0,synthetic
PCL-13E89CCF,PRJ-005,Ownership Verification,2,2024-02-27,2024-04-12,2024-11-08,255,45,1,0,synthetic
PCL-13E89CCF,PRJ-005,Notification,3,2024-11-08,2024-11-28,2024-12-08,30,20,1,0,synthetic
PCL-13E89CCF,PRJ-005,Objections/Hearings,4,2024-12-08,2025-01-07,2025-01-25,48,30,1,0,synthetic
PCL-13E89CCF,PRJ-005,Compensation Assessment,5,2025-01-25,2025-03-06,2025-03-25,59,40,1,0,synthetic
PCL-13E89CCF,PRJ-005,Compensation Disbursement,6,2025-03-25,2025-04-24,,160,30,1,1,synthetic
PCL-D8EDC4A1,PRJ-005,Land Identification,0,2024-03-28,2024-04-12,2024-04-15,18,15,1,0,synthetic
PCL-D8EDC4A1,PRJ-005,Survey/Parcel Mapping,1,2024-04-15,2024-05-15,2024-06-16,62,30,1,0,synthetic
PCL-D8EDC4A1,PRJ-005,Ownership Verification,2,2024-06-16,2024-07-31,2024-10-14,120,45,1,0,synthetic
PCL-D8EDC4A1,PRJ-005,Notification,3,2024-10-14,2024-11-03,2024-10-31,17,20,0,0,synthetic
PCL-D8EDC4A1,PRJ-005,Objections/Hearings,4,2024-10-31,2024-11-30,2024-11-26,26,30,0,0,synthetic
PCL-D8EDC4A1,PRJ-005,Compensation Assessment,5,2024-11-26,2025-01-05,2025-01-11,46,40,1,0,synthetic
PCL-D8EDC4A1,PRJ-005,Compensation Disbursement,6,2025-01-11,2025-02-10,2025-02-04,24,30,0,0,synthetic
PCL-D8EDC4A1,PRJ-005,Rehabilitation & Resettlement,7,2025-02-04,2025-04-05,,209,60,1,1,synthetic
PCL-769188DF,PRJ-005,Land Identification,0,2024-01-26,2024-02-10,2024-02-11,16,15,1,0,synthetic
PCL-769188DF,PRJ-005,Survey/Parcel Mapping,1,2024-02-11,2024-03-12,2024-03-07,25,30,0,0,synthetic
PCL-769188DF,PRJ-005,Ownership Verification,2,2024-03-07,2024-04-21,2024-05-31,85,45,1,0,synthetic
PCL-769188DF,PRJ-005,Notification,3,2024-05-31,2024-06-20,2024-06-22,22,20,1,0,synthetic
PCL-769188DF,PRJ-005,Objections/Hearings,4,2024-06-22,2024-07-22,2024-07-31,39,30,1,0,synthetic
PCL-769188DF,PRJ-005,Compensation Assessment,5,2024-07-31,2024-09-09,2024-08-30,30,40,0,0,synthetic
PCL-769188DF,PRJ-005,Compensation Disbursement,6,2024-08-30,2024-09-29,,367,30,1,1,synthetic
PCL-E1560A2D,PRJ-005,Land Identification,0,2024-03-05,2024-03-20,2024-03-21,16,15,1,0,synthetic
PCL-E1560A2D,PRJ-005,Survey/Parcel Mapping,1,2024-03-21,2024-04-20,2024-05-01,41,30,1,0,synthetic
PCL-E1560A2D,PRJ-005,Ownership Verification,2,2024-05-01,2024-06-15,,488,45,1,1,synthetic
PCL-3CBD9975,PRJ-005,Land Identification,0,2024-03-19,2024-04-03,2024-04-14,26,15,1,0,synthetic
PCL-3CBD9975,PRJ-005,Survey/Parcel Mapping,1,2024-04-14,2024-05-14,2024-05-23,39,30,1,0,synthetic
PCL-3CBD9975,PRJ-005,Ownership Verification,2,2024-05-23,2024-07-07,2024-08-26,95,45,1,0,synthetic
PCL-3CBD9975,PRJ-005,Notification,3,2024-08-26,2024-09-15,2024-09-23,28,20,1,0,synthetic
PCL-3CBD9975,PRJ-005,Objections/Hearings,4,2024-09-23,2024-10-23,,343,30,1,1,synthetic
PCL-8C9A31F9,PRJ-005,Land Identification,0,2024-03-10,2024-03-25,2024-03-23,13,15,0,0,synthetic
PCL-8C9A31F9,PRJ-005,Survey/Parcel Mapping,1,2024-03-23,2024-04-22,2024-05-13,51,30,1,0,synthetic
PCL-8C9A31F9,PRJ-005,Ownership Verification,2,2024-05-13,2024-06-27,2024-10-11,151,45,1,0,synthetic
PCL-8C9A31F9,PRJ-005,Notification,3,2024-10-11,2024-10-31,2024-11-05,25,20,1,0,synthetic
PCL-8C9A31F9,PRJ-005,Objections/Hearings,4,2024-11-05,2024-12-05,2024-12-25,50,30,1,0,synthetic
PCL-8C9A31F9,PRJ-005,Compensation Assessment,5,2024-12-25,2025-02-03,2025-01-22,28,40,0,0,synthetic
PCL-8C9A31F9,PRJ-005,Compensation Disbursement,6,2025-01-22,2025-02-21,,222,30,1,1,synthetic
PCL-0363277B,PRJ-005,Land Identification,0,2024-02-26,2024-03-12,2024-03-14,17,15,1,0,synthetic
PCL-0363277B,PRJ-005,Survey/Parcel Mapping,1,2024-03-14,2024-04-13,2024-04-04,21,30,0,0,synthetic
PCL-0363277B,PRJ-005,Ownership Verification,2,2024-04-04,2024-05-19,2024-09-09,158,45,1,0,synthetic
PCL-0363277B,PRJ-005,Notification,3,2024-09-09,2024-09-29,2024-09-24,15,20,0,0,synthetic
PCL-0363277B,PRJ-005,Objections/Hearings,4,2024-09-24,2024-10-24,2024-10-20,26,30,0,0,synthetic
PCL-0363277B,PRJ-005,Compensation Assessment,5,2024-10-20,2024-11-29,2024-11-15,26,40,0,0,synthetic
PCL-0363277B,PRJ-005,Compensation Disbursement,6,2024-11-15,2024-12-15,2024-12-10,25,30,0,0,synthetic
PCL-0363277B,PRJ-005,Rehabilitation & Resettlement,7,2024-12-10,2025-02-08,2025-02-09,61,60,1,0,synthetic
PCL-0363277B,PRJ-005,Possession,8,2025-02-09,2025-02-24,2025-02-18,9,15,0,0,synthetic
PCL-0363277B,PRJ-005,Closure/Handover,9,2025-02-18,2025-02-28,,195,10,1,1,synthetic
PCL-4A170E2B,PRJ-005,Land Identification,0,2024-03-01,2024-03-16,2024-03-13,12,15,0,0,synthetic
PCL-4A170E2B,PRJ-005,Survey/Parcel Mapping,1,2024-03-13,2024-04-12,2024-04-07,25,30,0,0,synthetic
PCL-4A170E2B,PRJ-005,Ownership Verification,2,2024-04-07,2024-05-22,2024-08-21,136,45,1,0,synthetic
PCL-4A170E2B,PRJ-005,Notification,3,2024-08-21,2024-09-10,2024-09-17,27,20,1,0,synthetic
PCL-4A170E2B,PRJ-005,Objections/Hearings,4,2024-09-17,2024-10-17,2024-10-12,25,30,0,0,synthetic
PCL-4A170E2B,PRJ-005,Compensation Assessment,5,2024-10-12,2024-11-21,2024-11-14,33,40,0,0,synthetic
PCL-4A170E2B,PRJ-005,Compensation Disbursement,6,2024-11-14,2024-12-14,2024-12-01,17,30,0,0,synthetic
PCL-4A170E2B,PRJ-005,Rehabilitation & Resettlement,7,2024-12-01,2025-01-30,,274,60,1,1,synthetic
PCL-0F21DB29,PRJ-005,Land Identification,0,2024-01-02,2024-01-17,2024-01-18,16,15,1,0,synthetic
PCL-0F21DB29,PRJ-005,Survey/Parcel Mapping,1,2024-01-18,2024-02-17,2024-02-12,25,30,0,0,synthetic
PCL-0F21DB29,PRJ-005,Ownership Verification,2,2024-02-12,2024-03-28,2024-05-21,99,45,1,0,synthetic
PCL-0F21DB29,PRJ-005,Notification,3,2024-05-21,2024-06-10,2024-06-05,15,20,0,0,synthetic
PCL-0F21DB29,PRJ-005,Objections/Hearings,4,2024-06-05,2024-07-05,2024-06-20,15,30,0,0,synthetic
PCL-0F21DB29,PRJ-005,Compensation Assessment,5,2024-06-20,2024-07-30,2024-08-11,52,40,1,0,synthetic
PCL-0F21DB29,PRJ-005,Compensation Disbursement,6,2024-08-11,2024-09-10,2024-08-30,19,30,0,0,synthetic
PCL-0F21DB29,PRJ-005,Rehabilitation & Resettlement,7,2024-08-30,2024-10-29,2024-10-14,45,60,0,0,synthetic
PCL-0F21DB29,PRJ-005,Possession,8,2024-10-14,2024-10-29,,322,15,1,1,synthetic
PCL-FC29730D,PRJ-005,Land Identification,0,2024-03-21,2024-04-05,2024-04-07,17,15,1,0,synthetic
PCL-FC29730D,PRJ-005,Survey/Parcel Mapping,1,2024-04-07,2024-05-07,2024-05-13,36,30,1,0,synthetic
PCL-FC29730D,PRJ-005,Ownership Verification,2,2024-05-13,2024-06-27,,476,45,1,1,synthetic
PCL-AB8F7060,PRJ-005,Land Identification,0,2024-03-05,2024-03-20,2024-03-18,13,15,0,0,synthetic
PCL-AB8F7060,PRJ-005,Survey/Parcel Mapping,1,2024-03-18,2024-04-17,2024-04-18,31,30,1,0,synthetic
PCL-AB8F7060,PRJ-005,Ownership Verification,2,2024-04-18,2024-06-02,2024-07-25,98,45,1,0,synthetic
PCL-AB8F7060,PRJ-005,Notification,3,2024-07-25,2024-08-14,2024-08-13,19,20,0,0,synthetic
PCL-AB8F7060,PRJ-005,Objections/Hearings,4,2024-08-13,2024-09-12,2024-09-06,24,30,0,0,synthetic
PCL-AB8F7060,PRJ-005,Compensation Assessment,5,2024-09-06,2024-10-16,2024-11-01,56,40,1,0,synthetic
PCL-AB8F7060,PRJ-005,Compensation Disbursement,6,2024-11-01,2024-12-01,2024-12-02,31,30,1,0,synthetic
PCL-AB8F7060,PRJ-005,Rehabilitation & Resettlement,7,2024-12-02,2025-01-31,,273,60,1,1,synthetic
PCL-979B0118,PRJ-005,Land Identification,0,2024-01-30,2024-02-14,2024-02-23,24,15,1,0,synthetic
PCL-979B0118,PRJ-005,Survey/Parcel Mapping,1,2024-02-23,2024-03-24,,556,30,1,1,synthetic
PCL-A00D8729,PRJ-005,Land Identification,0,2024-02-08,2024-02-23,2024-02-27,19,15,1,0,synthetic
PCL-A00D8729,PRJ-005,Survey/Parcel Mapping,1,2024-02-27,2024-03-28,2024-04-13,46,30,1,0,synthetic
PCL-A00D8729,PRJ-005,Ownership Verification,2,2024-04-13,2024-05-28,,506,45,1,1,synthetic
PCL-864E275D,PRJ-005,Land Identification,0,2024-03-02,2024-03-17,2024-03-18,16,15,1,0,synthetic
PCL-864E275D,PRJ-005,Survey/Parcel Mapping,1,2024-03-18,2024-04-17,2024-04-19,32,30,1,0,synthetic
PCL-864E275D,PRJ-005,Ownership Verification,2,2024-04-19,2024-06-03,2024-07-27,99,45,1,0,synthetic
PCL-864E275D,PRJ-005,Notification,3,2024-07-27,2024-08-16,2024-08-13,17,20,0,0,synthetic
PCL-864E275D,PRJ-005,Objections/Hearings,4,2024-08-13,2024-09-12,2024-09-12,30,30,0,0,synthetic
PCL-864E275D,PRJ-005,Compensation Assessment,5,2024-09-12,2024-10-22,2024-10-19,37,40,0,0,synthetic
PCL-864E275D,PRJ-005,Compensation Disbursement,6,2024-10-19,2024-11-18,2024-12-01,43,30,1,0,synthetic
PCL-864E275D,PRJ-005,Rehabilitation & Resettlement,7,2024-12-01,2025-01-30,2025-01-17,47,60,0,0,synthetic
PCL-864E275D,PRJ-005,Possession,8,2025-01-17,2025-02-01,,227,15,1,1,synthetic
PCL-3AC9BB48,PRJ-005,Land Identification,0,2024-03-16,2024-03-31,2024-04-03,18,15,1,0,synthetic
PCL-3AC9BB48,PRJ-005,Survey/Parcel Mapping,1,2024-04-03,2024-05-03,2024-05-06,33,30,1,0,synthetic
PCL-3AC9BB48,PRJ-005,Ownership Verification,2,2024-05-06,2024-06-20,2024-09-21,138,45,1,0,synthetic
PCL-3AC9BB48,PRJ-005,Notification,3,2024-09-21,2024-10-11,2024-10-07,16,20,0,0,synthetic
PCL-3AC9BB48,PRJ-005,Objections/Hearings,4,2024-10-07,2024-11-06,2024-11-13,37,30,1,0,synthetic
PCL-3AC9BB48,PRJ-005,Compensation Assessment,5,2024-11-13,2024-12-23,2024-12-24,41,40,1,0,synthetic
PCL-3AC9BB48,PRJ-005,Compensation Disbursement,6,2024-12-24,2025-01-23,2025-02-02,40,30,1,0,synthetic
PCL-3AC9BB48,PRJ-005,Rehabilitation & Resettlement,7,2025-02-02,2025-04-03,2025-04-05,62,60,1,0,synthetic
PCL-3AC9BB48,PRJ-005,Possession,8,2025-04-05,2025-04-20,2025-04-28,23,15,1,0,synthetic
PCL-3AC9BB48,PRJ-005,Closure/Handover,9,2025-04-28,2025-05-08,,126,10,1,1,synthetic
PCL-739FFCCD,PRJ-005,Land Identification,0,2024-02-10,2024-02-25,2024-02-22,12,15,0,0,synthetic
PCL-739FFCCD,PRJ-005,Survey/Parcel Mapping,1,2024-02-22,2024-03-23,2024-03-16,23,30,0,0,synthetic
PCL-739FFCCD,PRJ-005,Ownership Verification,2,2024-03-16,2024-04-30,2024-10-04,202,45,1,0,synthetic
PCL-739FFCCD,PRJ-005,Notification,3,2024-10-04,2024-10-24,2024-10-22,18,20,0,0,synthetic
PCL-739FFCCD,PRJ-005,Objections/Hearings,4,2024-10-22,2024-11-21,2024-11-19,28,30,0,0,synthetic
PCL-739FFCCD,PRJ-005,Compensation Assessment,5,2024-11-19,2024-12-29,2024-12-24,35,40,0,0,synthetic
PCL-739FFCCD,PRJ-005,Compensation Disbursement,6,2024-12-24,2025-01-23,2025-01-22,29,30,0,0,synthetic
PCL-739FFCCD,PRJ-005,Rehabilitation & Resettlement,7,2025-01-22,2025-03-23,2025-04-17,85,60,1,0,synthetic
PCL-739FFCCD,PRJ-005,Possession,8,2025-04-17,2025-05-02,,137,15,1,1,synthetic
PCL-439CECB9,PRJ-005,Land Identification,0,2024-03-24,2024-04-08,2024-04-11,18,15,1,0,synthetic
PCL-439CECB9,PRJ-005,Survey/Parcel Mapping,1,2024-04-11,2024-05-11,2024-05-17,36,30,1,0,synthetic
PCL-439CECB9,PRJ-005,Ownership Verification,2,2024-05-17,2024-07-01,2024-11-16,183,45,1,0,synthetic
PCL-439CECB9,PRJ-005,Notification,3,2024-11-16,2024-12-06,,289,20,1,1,synthetic
PCL-6989905B,PRJ-005,Land Identification,0,2024-02-24,2024-03-10,2024-03-10,15,15,0,0,synthetic
PCL-6989905B,PRJ-005,Survey/Parcel Mapping,1,2024-03-10,2024-04-09,2024-03-26,16,30,0,0,synthetic
PCL-6989905B,PRJ-005,Ownership Verification,2,2024-03-26,2024-05-10,2024-06-28,94,45,1,0,synthetic
PCL-6989905B,PRJ-005,Notification,3,2024-06-28,2024-07-18,2024-07-18,20,20,0,0,synthetic
PCL-6989905B,PRJ-005,Objections/Hearings,4,2024-07-18,2024-08-17,2024-09-02,46,30,1,0,synthetic
PCL-6989905B,PRJ-005,Compensation Assessment,5,2024-09-02,2024-10-12,2024-10-25,53,40,1,0,synthetic
PCL-6989905B,PRJ-005,Compensation Disbursement,6,2024-10-25,2024-11-24,2024-11-23,29,30,0,0,synthetic
PCL-6989905B,PRJ-005,Rehabilitation & Resettlement,7,2024-11-23,2025-01-22,2025-02-24,93,60,1,0,synthetic
PCL-6989905B,PRJ-005,Possession,8,2025-02-24,2025-03-11,2025-03-06,10,15,0,0,synthetic
PCL-6989905B,PRJ-005,Closure/Handover,9,2025-03-06,2025-03-16,,179,10,1,1,synthetic
PCL-022CB7FE,PRJ-005,Land Identification,0,2024-03-17,2024-04-01,2024-03-28,11,15,0,0,synthetic
PCL-022CB7FE,PRJ-005,Survey/Parcel Mapping,1,2024-03-28,2024-04-27,2024-04-28,31,30,1,0,synthetic
PCL-022CB7FE,PRJ-005,Ownership Verification,2,2024-04-28,2024-06-12,2024-09-15,140,45,1,0,synthetic
PCL-022CB7FE,PRJ-005,Notification,3,2024-09-15,2024-10-05,,351,20,1,1,synthetic
PCL-CCFBB8D2,PRJ-005,Land Identification,0,2024-01-25,2024-02-09,2024-02-07,13,15,0,0,synthetic
PCL-CCFBB8D2,PRJ-005,Survey/Parcel Mapping,1,2024-02-07,2024-03-08,2024-02-27,20,30,0,0,synthetic
PCL-CCFBB8D2,PRJ-005,Ownership Verification,2,2024-02-27,2024-04-12,2024-07-22,146,45,1,0,synthetic
PCL-CCFBB8D2,PRJ-005,Notification,3,2024-07-22,2024-08-11,,406,20,1,1,synthetic
PCL-8B31EB7F,PRJ-005,Land Identification,0,2024-01-06,2024-01-21,2024-01-24,18,15,1,0,synthetic
PCL-8B31EB7F,PRJ-005,Survey/Parcel Mapping,1,2024-01-24,2024-02-23,,586,30,1,1,synthetic
PCL-B8CED11A,PRJ-005,Land Identification,0,2024-01-31,2024-02-15,2024-02-15,15,15,0,0,synthetic
PCL-B8CED11A,PRJ-005,Survey/Parcel Mapping,1,2024-02-15,2024-03-16,2024-03-05,19,30,0,0,synthetic
PCL-B8CED11A,PRJ-005,Ownership Verification,2,2024-03-05,2024-04-19,2024-05-23,79,45,1,0,synthetic
PCL-B8CED11A,PRJ-005,Notification,3,2024-05-23,2024-06-12,2024-06-08,16,20,0,0,synthetic
PCL-B8CED11A,PRJ-005,Objections/Hearings,4,2024-06-08,2024-07-08,2024-06-25,17,30,0,0,synthetic
PCL-B8CED11A,PRJ-005,Compensation Assessment,5,2024-06-25,2024-08-04,2024-08-11,47,40,1,0,synthetic
PCL-B8CED11A,PRJ-005,Compensation Disbursement,6,2024-08-11,2024-09-10,2024-09-10,30,30,0,0,synthetic
PCL-B8CED11A,PRJ-005,Rehabilitation & Resettlement,7,2024-09-10,2024-11-09,2024-11-04,55,60,0,0,synthetic
PCL-B8CED11A,PRJ-005,Possession,8,2024-11-04,2024-11-19,2024-11-16,12,15,0,0,synthetic
PCL-B8CED11A,PRJ-005,Closure/Handover,9,2024-11-16,2024-11-26,,289,10,1,1,synthetic
PCL-FB0BFA8A,PRJ-005,Land Identification,0,2024-01-04,2024-01-19,2024-01-19,15,15,0,0,synthetic
PCL-FB0BFA8A,PRJ-005,Survey/Parcel Mapping,1,2024-01-19,2024-02-18,2024-02-12,24,30,0,0,synthetic
PCL-FB0BFA8A,PRJ-005,Ownership Verification,2,2024-02-12,2024-03-28,2024-10-25,256,45,1,0,synthetic
PCL-FB0BFA8A,PRJ-005,Notification,3,2024-10-25,2024-11-14,2024-11-06,12,20,0,0,synthetic
PCL-FB0BFA8A,PRJ-005,Objections/Hearings,4,2024-11-06,2024-12-06,2024-12-06,30,30,0,0,synthetic
PCL-FB0BFA8A,PRJ-005,Compensation Assessment,5,2024-12-06,2025-01-15,2025-01-01,26,40,0,0,synthetic
PCL-FB0BFA8A,PRJ-005,Compensation Disbursement,6,2025-01-01,2025-01-31,2025-01-24,23,30,0,0,synthetic
PCL-FB0BFA8A,PRJ-005,Rehabilitation & Resettlement,7,2025-01-24,2025-03-25,2025-03-06,41,60,0,0,synthetic
PCL-FB0BFA8A,PRJ-005,Possession,8,2025-03-06,2025-03-21,,179,15,1,1,synthetic
PCL-4469A3A5,PRJ-005,Land Identification,0,2024-03-10,2024-03-25,,540,15,1,1,synthetic
PCL-068EB6AC,PRJ-005,Land Identification,0,2024-01-19,2024-02-03,2024-02-13,25,15,1,0,synthetic
PCL-068EB6AC,PRJ-005,Survey/Parcel Mapping,1,2024-02-13,2024-03-14,,566,30,1,1,synthetic
PCL-B13AE025,PRJ-005,Land Identification,0,2024-03-08,2024-03-23,2024-03-20,12,15,0,0,synthetic
PCL-B13AE025,PRJ-005,Survey/Parcel Mapping,1,2024-03-20,2024-04-19,2024-04-10,21,30,0,0,synthetic
PCL-B13AE025,PRJ-005,Ownership Verification,2,2024-04-10,2024-05-25,2024-09-01,144,45,1,0,synthetic
PCL-B13AE025,PRJ-005,Notification,3,2024-09-01,2024-09-21,2024-09-18,17,20,0,0,synthetic
PCL-B13AE025,PRJ-005,Objections/Hearings,4,2024-09-18,2024-10-18,2024-10-04,16,30,0,0,synthetic
PCL-B13AE025,PRJ-005,Compensation Assessment,5,2024-10-04,2024-11-13,2024-11-03,30,40,0,0,synthetic
PCL-B13AE025,PRJ-005,Compensation Disbursement,6,2024-11-03,2024-12-03,2024-11-23,20,30,0,0,synthetic
PCL-B13AE025,PRJ-005,Rehabilitation & Resettlement,7,2024-11-23,2025-01-22,2025-01-22,60,60,0,0,synthetic
PCL-B13AE025,PRJ-005,Possession,8,2025-01-22,2025-02-06,2025-02-09,18,15,1,0,synthetic
PCL-B13AE025,PRJ-005,Closure/Handover,9,2025-02-09,2025-02-19,,204,10,1,1,synthetic
PCL-FEAB1B0B,PRJ-005,Land Identification,0,2024-01-30,2024-02-14,,580,15,1,1,synthetic
PCL-B073B6CC,PRJ-005,Land Identification,0,2024-03-14,2024-03-29,2024-03-30,16,15,1,0,synthetic
PCL-B073B6CC,PRJ-005,Survey/Parcel Mapping,1,2024-03-30,2024-04-29,2024-04-28,29,30,0,0,synthetic
PCL-B073B6CC,PRJ-005,Ownership Verification,2,2024-04-28,2024-06-12,2024-06-28,61,45,1,0,synthetic
PCL-B073B6CC,PRJ-005,Notification,3,2024-06-28,2024-07-18,2024-07-21,23,20,1,0,synthetic
PCL-B073B6CC,PRJ-005,Objections/Hearings,4,2024-07-21,2024-08-20,2024-08-23,33,30,1,0,synthetic
PCL-B073B6CC,PRJ-005,Compensation Assessment,5,2024-08-23,2024-10-02,2024-10-01,39,40,0,0,synthetic
PCL-B073B6CC,PRJ-005,Compensation Disbursement,6,2024-10-01,2024-10-31,2024-10-26,25,30,0,0,synthetic
PCL-B073B6CC,PRJ-005,Rehabilitation & Resettlement,7,2024-10-26,2024-12-25,2025-01-03,69,60,1,0,synthetic
PCL-B073B6CC,PRJ-005,Possession,8,2025-01-03,2025-01-18,,241,15,1,1,synthetic
PCL-3624AC0A,PRJ-005,Land Identification,0,2024-02-29,2024-03-15,2024-03-16,16,15,1,0,synthetic
PCL-3624AC0A,PRJ-005,Survey/Parcel Mapping,1,2024-03-16,2024-04-15,2024-04-18,33,30,1,0,synthetic
PCL-3624AC0A,PRJ-005,Ownership Verification,2,2024-04-18,2024-06-02,2024-09-10,145,45,1,0,synthetic
PCL-3624AC0A,PRJ-005,Notification,3,2024-09-10,2024-09-30,2024-09-30,20,20,0,0,synthetic
PCL-3624AC0A,PRJ-005,Objections/Hearings,4,2024-09-30,2024-10-30,2024-11-08,39,30,1,0,synthetic
PCL-3624AC0A,PRJ-005,Compensation Assessment,5,2024-11-08,2024-12-18,2024-12-15,37,40,0,0,synthetic
PCL-3624AC0A,PRJ-005,Compensation Disbursement,6,2024-12-15,2025-01-14,2025-01-06,22,30,0,0,synthetic
PCL-3624AC0A,PRJ-005,Rehabilitation & Resettlement,7,2025-01-06,2025-03-07,2025-03-06,59,60,0,0,synthetic
PCL-3624AC0A,PRJ-005,Possession,8,2025-03-06,2025-03-21,2025-03-27,21,15,1,0,synthetic
PCL-3624AC0A,PRJ-005,Closure/Handover,9,2025-03-27,2025-04-06,,158,10,1,1,synthetic
PCL-C5199A02,PRJ-005,Land Identification,0,2024-01-28,2024-02-12,2024-02-08,11,15,0,0,synthetic
PCL-C5199A02,PRJ-005,Survey/Parcel Mapping,1,2024-02-08,2024-03-09,2024-03-14,35,30,1,0,synthetic
PCL-C5199A02,PRJ-005,Ownership Verification,2,2024-03-14,2024-04-28,2024-06-23,101,45,1,0,synthetic
PCL-C5199A02,PRJ-005,Notification,3,2024-06-23,2024-07-13,,435,20,1,1,synthetic
PCL-EC199E75,PRJ-005,Land Identification,0,2024-01-28,2024-02-12,2024-02-14,17,15,1,0,synthetic
PCL-EC199E75,PRJ-005,Survey/Parcel Mapping,1,2024-02-14,2024-03-15,2024-03-15,30,30,0,0,synthetic
PCL-EC199E75,PRJ-005,Ownership Verification,2,2024-03-15,2024-04-29,2024-06-13,90,45,1,0,synthetic
PCL-EC199E75,PRJ-005,Notification,3,2024-06-13,2024-07-03,2024-06-29,16,20,0,0,synthetic
PCL-EC199E75,PRJ-005,Objections/Hearings,4,2024-06-29,2024-07-29,2024-07-18,19,30,0,0,synthetic
PCL-EC199E75,PRJ-005,Compensation Assessment,5,2024-07-18,2024-08-27,2024-08-22,35,40,0,0,synthetic
PCL-EC199E75,PRJ-005,Compensation Disbursement,6,2024-08-22,2024-09-21,2024-10-07,46,30,1,0,synthetic
PCL-EC199E75,PRJ-005,Rehabilitation & Resettlement,7,2024-10-07,2024-12-06,,329,60,1,1,synthetic
PCL-2F8498B2,PRJ-005,Land Identification,0,2024-02-10,2024-02-25,2024-02-27,17,15,1,0,synthetic
PCL-2F8498B2,PRJ-005,Survey/Parcel Mapping,1,2024-02-27,2024-03-28,2024-04-06,39,30,1,0,synthetic
PCL-2F8498B2,PRJ-005,Ownership Verification,2,2024-04-06,2024-05-21,2024-07-27,112,45,1,0,synthetic
PCL-2F8498B2,PRJ-005,Notification,3,2024-07-27,2024-08-16,2024-08-15,19,20,0,0,synthetic
PCL-2F8498B2,PRJ-005,Objections/Hearings,4,2024-08-15,2024-09-14,2024-09-18,34,30,1,0,synthetic
PCL-2F8498B2,PRJ-005,Compensation Assessment,5,2024-09-18,2024-10-28,2024-11-09,52,40,1,0,synthetic
PCL-2F8498B2,PRJ-005,Compensation Disbursement,6,2024-11-09,2024-12-09,2024-11-27,18,30,0,0,synthetic
PCL-2F8498B2,PRJ-005,Rehabilitation & Resettlement,7,2024-11-27,2025-01-26,,278,60,1,1,synthetic
PCL-758153DD,PRJ-005,Land Identification,0,2024-02-19,2024-03-05,2024-03-04,14,15,0,0,synthetic
PCL-758153DD,PRJ-005,Survey/Parcel Mapping,1,2024-03-04,2024-04-03,2024-04-11,38,30,1,0,synthetic
PCL-758153DD,PRJ-005,Ownership Verification,2,2024-04-11,2024-05-26,2024-11-10,213,45,1,0,synthetic
PCL-758153DD,PRJ-005,Notification,3,2024-11-10,2024-11-30,,295,20,1,1,synthetic
PCL-21818D1D,PRJ-005,Land Identification,0,2024-03-28,2024-04-12,2024-04-14,17,15,1,0,synthetic
PCL-21818D1D,PRJ-005,Survey/Parcel Mapping,1,2024-04-14,2024-05-14,2024-05-22,38,30,1,0,synthetic
PCL-21818D1D,PRJ-005,Ownership Verification,2,2024-05-22,2024-07-06,2024-08-10,80,45,1,0,synthetic
PCL-21818D1D,PRJ-005,Notification,3,2024-08-10,2024-08-30,2024-08-27,17,20,0,0,synthetic
PCL-21818D1D,PRJ-005,Objections/Hearings,4,2024-08-27,2024-09-26,2024-10-04,38,30,1,0,synthetic
PCL-21818D1D,PRJ-005,Compensation Assessment,5,2024-10-04,2024-11-13,,332,40,1,1,synthetic
PCL-90C31C2F,PRJ-005,Land Identification,0,2024-01-13,2024-01-28,2024-01-26,13,15,0,0,synthetic
PCL-90C31C2F,PRJ-005,Survey/Parcel Mapping,1,2024-01-26,2024-02-25,2024-02-21,26,30,0,0,synthetic
PCL-90C31C2F,PRJ-005,Ownership Verification,2,2024-02-21,2024-04-06,2024-06-28,128,45,1,0,synthetic
PCL-90C31C2F,PRJ-005,Notification,3,2024-06-28,2024-07-18,2024-07-24,26,20,1,0,synthetic
PCL-90C31C2F,PRJ-005,Objections/Hearings,4,2024-07-24,2024-08-23,,404,30,1,1,synthetic
PCL-7DA48DC8,PRJ-005,Land Identification,0,2024-02-13,2024-02-28,2024-02-28,15,15,0,0,synthetic
PCL-7DA48DC8,PRJ-005,Survey/Parcel Mapping,1,2024-02-28,2024-03-29,2024-04-06,38,30,1,0,synthetic
PCL-7DA48DC8,PRJ-005,Ownership Verification,2,2024-04-06,2024-05-21,2024-08-28,144,45,1,0,synthetic
PCL-7DA48DC8,PRJ-005,Notification,3,2024-08-28,2024-09-17,2024-09-23,26,20,1,0,synthetic
PCL-7DA48DC8,PRJ-005,Objections/Hearings,4,2024-09-23,2024-10-23,2024-10-30,37,30,1,0,synthetic
PCL-7DA48DC8,PRJ-005,Compensation Assessment,5,2024-10-30,2024-12-09,,306,40,1,1,synthetic
PCL-E999DE55,PRJ-005,Land Identification,0,2024-01-05,2024-01-20,2024-01-30,25,15,1,0,synthetic
PCL-E999DE55,PRJ-005,Survey/Parcel Mapping,1,2024-01-30,2024-02-29,,580,30,1,1,synthetic
PCL-8D6CD67E,PRJ-005,Land Identification,0,2024-03-26,2024-04-10,2024-04-09,14,15,0,0,synthetic
PCL-8D6CD67E,PRJ-005,Survey/Parcel Mapping,1,2024-04-09,2024-05-09,2024-04-29,20,30,0,0,synthetic
PCL-8D6CD67E,PRJ-005,Ownership Verification,2,2024-04-29,2024-06-13,2024-08-01,94,45,1,0,synthetic
PCL-8D6CD67E,PRJ-005,Notification,3,2024-08-01,2024-08-21,2024-08-18,17,20,0,0,synthetic
PCL-8D6CD67E,PRJ-005,Objections/Hearings,4,2024-08-18,2024-09-17,2024-09-10,23,30,0,0,synthetic
PCL-8D6CD67E,PRJ-005,Compensation Assessment,5,2024-09-10,2024-10-20,2024-11-04,55,40,1,0,synthetic
PCL-8D6CD67E,PRJ-005,Compensation Disbursement,6,2024-11-04,2024-12-04,2024-12-02,28,30,0,0,synthetic
PCL-8D6CD67E,PRJ-005,Rehabilitation & Resettlement,7,2024-12-02,2025-01-31,2025-02-09,69,60,1,0,synthetic
PCL-8D6CD67E,PRJ-005,Possession,8,2025-02-09,2025-02-24,,204,15,1,1,synthetic
PCL-3B5E96D1,PRJ-005,Land Identification,0,2024-01-14,2024-01-29,2024-01-22,8,15,0,0,synthetic
PCL-3B5E96D1,PRJ-005,Survey/Parcel Mapping,1,2024-01-22,2024-02-21,,588,30,1,1,synthetic
PCL-12140738,PRJ-005,Land Identification,0,2024-02-01,2024-02-16,2024-02-09,8,15,0,0,synthetic
PCL-12140738,PRJ-005,Survey/Parcel Mapping,1,2024-02-09,2024-03-10,2024-03-11,31,30,1,0,synthetic
PCL-12140738,PRJ-005,Ownership Verification,2,2024-03-11,2024-04-25,2024-07-17,128,45,1,0,synthetic
PCL-12140738,PRJ-005,Notification,3,2024-07-17,2024-08-06,2024-08-11,25,20,1,0,synthetic
PCL-12140738,PRJ-005,Objections/Hearings,4,2024-08-11,2024-09-10,2024-09-06,26,30,0,0,synthetic
PCL-12140738,PRJ-005,Compensation Assessment,5,2024-09-06,2024-10-16,2024-10-12,36,40,0,0,synthetic
PCL-12140738,PRJ-005,Compensation Disbursement,6,2024-10-12,2024-11-11,2024-11-16,35,30,1,0,synthetic
PCL-12140738,PRJ-005,Rehabilitation & Resettlement,7,2024-11-16,2025-01-15,2025-01-20,65,60,1,0,synthetic
PCL-12140738,PRJ-005,Possession,8,2025-01-20,2025-02-04,2025-02-09,20,15,1,0,synthetic
PCL-12140738,PRJ-005,Closure/Handover,9,2025-02-09,2025-02-19,,204,10,1,1,synthetic
PCL-AA3C4509,PRJ-005,Land Identification,0,2024-03-06,2024-03-21,2024-03-20,14,15,0,0,synthetic
PCL-AA3C4509,PRJ-005,Survey/Parcel Mapping,1,2024-03-20,2024-04-19,2024-04-16,27,30,0,0,synthetic
PCL-AA3C4509,PRJ-005,Ownership Verification,2,2024-04-16,2024-05-31,2024-09-18,155,45,1,0,synthetic
PCL-AA3C4509,PRJ-005,Notification,3,2024-09-18,2024-10-08,,348,20,1,1,synthetic
PCL-8AC8C6E9,PRJ-005,Land Identification,0,2024-02-14,2024-02-29,2024-02-27,13,15,0,0,synthetic
PCL-8AC8C6E9,PRJ-005,Survey/Parcel Mapping,1,2024-02-27,2024-03-28,2024-03-23,25,30,0,0,synthetic
PCL-8AC8C6E9,PRJ-005,Ownership Verification,2,2024-03-23,2024-05-07,,527,45,1,1,synthetic
PCL-13451473,PRJ-005,Land Identification,0,2024-01-22,2024-02-06,2024-01-30,8,15,0,0,synthetic
PCL-13451473,PRJ-005,Survey/Parcel Mapping,1,2024-01-30,2024-02-29,2024-02-25,26,30,0,0,synthetic
PCL-13451473,PRJ-005,Ownership Verification,2,2024-02-25,2024-04-10,2024-06-10,106,45,1,0,synthetic
PCL-13451473,PRJ-005,Notification,3,2024-06-10,2024-06-30,2024-07-04,24,20,1,0,synthetic
PCL-13451473,PRJ-005,Objections/Hearings,4,2024-07-04,2024-08-03,,424,30,1,1,synthetic
PCL-4F2FFA60,PRJ-007,Land Identification,0,2024-02-11,2024-02-26,2024-02-24,13,15,0,0,synthetic
PCL-4F2FFA60,PRJ-007,Survey/Parcel Mapping,1,2024-02-24,2024-03-25,2024-04-12,48,30,1,0,synthetic
PCL-4F2FFA60,PRJ-007,Ownership Verification,2,2024-04-12,2024-05-27,2024-06-03,52,45,1,0,synthetic
PCL-4F2FFA60,PRJ-007,Notification,3,2024-06-03,2024-06-23,2024-06-17,14,20,0,0,synthetic
PCL-4F2FFA60,PRJ-007,Objections/Hearings,4,2024-06-17,2024-07-17,2024-07-12,25,30,0,0,synthetic
PCL-4F2FFA60,PRJ-007,Compensation Assessment,5,2024-07-12,2024-08-21,2024-08-30,49,40,1,0,synthetic
PCL-4F2FFA60,PRJ-007,Compensation Disbursement,6,2024-08-30,2024-09-29,2024-09-23,24,30,0,0,synthetic
PCL-4F2FFA60,PRJ-007,Rehabilitation & Resettlement,7,2024-09-23,2024-11-22,,343,60,1,1,synthetic
PCL-237DD072,PRJ-007,Land Identification,0,2024-01-10,2024-01-25,2024-01-29,19,15,1,0,synthetic
PCL-237DD072,PRJ-007,Survey/Parcel Mapping,1,2024-01-29,2024-02-28,2024-02-25,27,30,0,0,synthetic
PCL-237DD072,PRJ-007,Ownership Verification,2,2024-02-25,2024-04-10,2024-03-30,34,45,0,0,synthetic
PCL-237DD072,PRJ-007,Notification,3,2024-03-30,2024-04-19,2024-04-21,22,20,1,0,synthetic
PCL-237DD072,PRJ-007,Objections/Hearings,4,2024-04-21,2024-05-21,,498,30,1,1,synthetic
PCL-35FB8A4C,PRJ-007,Land Identification,0,2024-01-26,2024-02-10,2024-02-05,10,15,0,0,synthetic
PCL-35FB8A4C,PRJ-007,Survey/Parcel Mapping,1,2024-02-05,2024-03-06,2024-03-19,43,30,1,0,synthetic
PCL-35FB8A4C,PRJ-007,Ownership Verification,2,2024-03-19,2024-05-03,2024-05-02,44,45,0,0,synthetic
PCL-35FB8A4C,PRJ-007,Notification,3,2024-05-02,2024-05-22,2024-05-21,19,20,0,0,synthetic
PCL-35FB8A4C,PRJ-007,Objections/Hearings,4,2024-05-21,2024-06-20,2024-06-26,36,30,1,0,synthetic
PCL-35FB8A4C,PRJ-007,Compensation Assessment,5,2024-06-26,2024-08-05,,432,40,1,1,synthetic
PCL-90532C53,PRJ-007,Land Identification,0,2024-02-12,2024-02-27,2024-02-22,10,15,0,0,synthetic
PCL-90532C53,PRJ-007,Survey/Parcel Mapping,1,2024-02-22,2024-03-23,2024-03-23,30,30,0,0,synthetic
PCL-90532C53,PRJ-007,Ownership Verification,2,2024-03-23,2024-05-07,2024-05-11,49,45,1,0,synthetic
PCL-90532C53,PRJ-007,Notification,3,2024-05-11,2024-05-31,,478,20,1,1,synthetic
PCL-CB395411,PRJ-007,Land Identification,0,2024-03-11,2024-03-26,2024-03-23,12,15,0,0,synthetic
PCL-CB395411,PRJ-007,Survey/Parcel Mapping,1,2024-03-23,2024-04-22,,527,30,1,1,synthetic
PCL-3BBE4093,PRJ-007,Land Identification,0,2024-02-24,2024-03-10,2024-03-06,11,15,0,0,synthetic
PCL-3BBE4093,PRJ-007,Survey/Parcel Mapping,1,2024-03-06,2024-04-05,2024-04-03,28,30,0,0,synthetic
PCL-3BBE4093,PRJ-007,Ownership Verification,2,2024-04-03,2024-05-18,2024-05-19,46,45,1,0,synthetic
PCL-3BBE4093,PRJ-007,Notification,3,2024-05-19,2024-06-08,2024-06-04,16,20,0,0,synthetic
PCL-3BBE4093,PRJ-007,Objections/Hearings,4,2024-06-04,2024-07-04,,454,30,1,1,synthetic
PCL-A0A88EFC,PRJ-007,Land Identification,0,2024-03-27,2024-04-11,2024-04-09,13,15,0,0,synthetic
PCL-A0A88EFC,PRJ-007,Survey/Parcel Mapping,1,2024-04-09,2024-05-09,2024-04-29,20,30,0,0,synthetic
PCL-A0A88EFC,PRJ-007,Ownership Verification,2,2024-04-29,2024-06-13,2024-06-10,42,45,0,0,synthetic
PCL-A0A88EFC,PRJ-007,Notification,3,2024-06-10,2024-06-30,2024-06-26,16,20,0,0,synthetic
PCL-A0A88EFC,PRJ-007,Objections/Hearings,4,2024-06-26,2024-07-26,2024-07-13,17,30,0,0,synthetic
PCL-A0A88EFC,PRJ-007,Compensation Assessment,5,2024-07-13,2024-08-22,2024-08-18,36,40,0,0,synthetic
PCL-A0A88EFC,PRJ-007,Compensation Disbursement,6,2024-08-18,2024-09-17,2024-09-14,27,30,0,0,synthetic
PCL-A0A88EFC,PRJ-007,Rehabilitation & Resettlement,7,2024-09-14,2024-11-13,2025-01-02,110,60,1,0,synthetic
PCL-A0A88EFC,PRJ-007,Possession,8,2025-01-02,2025-01-17,,242,15,1,1,synthetic
PCL-EFE64EC3,PRJ-007,Land Identification,0,2024-02-28,2024-03-14,2024-03-17,18,15,1,0,synthetic
PCL-EFE64EC3,PRJ-007,Survey/Parcel Mapping,1,2024-03-17,2024-04-16,2024-04-19,33,30,1,0,synthetic
PCL-EFE64EC3,PRJ-007,Ownership Verification,2,2024-04-19,2024-06-03,2024-05-19,30,45,0,0,synthetic
PCL-EFE64EC3,PRJ-007,Notification,3,2024-05-19,2024-06-08,,470,20,1,1,synthetic
PCL-DAA42B5E,PRJ-007,Land Identification,0,2024-01-23,2024-02-07,2024-02-02,10,15,0,0,synthetic
PCL-DAA42B5E,PRJ-007,Survey/Parcel Mapping,1,2024-02-02,2024-03-03,2024-03-18,45,30,1,0,synthetic
PCL-DAA42B5E,PRJ-007,Ownership Verification,2,2024-03-18,2024-05-02,,532,45,1,1,synthetic
PCL-0A180E7C,PRJ-007,Land Identification,0,2024-01-08,2024-01-23,2024-01-22,14,15,0,0,synthetic
PCL-0A180E7C,PRJ-007,Survey/Parcel Mapping,1,2024-01-22,2024-02-21,,588,30,1,1,synthetic
PCL-6CF8C4D8,PRJ-007,Land Identification,0,2024-01-09,2024-01-24,2024-02-07,29,15,1,0,synthetic
PCL-6CF8C4D8,PRJ-007,Survey/Parcel Mapping,1,2024-02-07,2024-03-08,2024-03-07,29,30,0,0,synthetic
PCL-6CF8C4D8,PRJ-007,Ownership Verification,2,2024-03-07,2024-04-21,2024-04-22,46,45,1,0,synthetic
PCL-6CF8C4D8,PRJ-007,Notification,3,2024-04-22,2024-05-12,2024-05-15,23,20,1,0,synthetic
PCL-6CF8C4D8,PRJ-007,Objections/Hearings,4,2024-05-15,2024-06-14,2024-06-15,31,30,1,0,synthetic
PCL-6CF8C4D8,PRJ-007,Compensation Assessment,5,2024-06-15,2024-07-25,,443,40,1,1,synthetic
PCL-C6C8A3C3,PRJ-007,Land Identification,0,2024-01-15,2024-01-30,2024-01-22,7,15,0,0,synthetic
PCL-C6C8A3C3,PRJ-007,Survey/Parcel Mapping,1,2024-01-22,2024-02-21,2024-02-29,38,30,1,0,synthetic
PCL-C6C8A3C3,PRJ-007,Ownership Verification,2,2024-02-29,2024-04-14,2024-04-02,33,45,0,0,synthetic
PCL-C6C8A3C3,PRJ-007,Notification,3,2024-04-02,2024-04-22,2024-04-23,21,20,1,0,synthetic
PCL-C6C8A3C3,PRJ-007,Objections/Hearings,4,2024-04-23,2024-05-23,2024-05-09,16,30,0,0,synthetic
PCL-C6C8A3C3,PRJ-007,Compensation Assessment,5,2024-05-09,2024-06-18,2024-06-08,30,40,0,0,synthetic
PCL-C6C8A3C3,PRJ-007,Compensation Disbursement,6,2024-06-08,2024-07-08,2024-07-27,49,30,1,0,synthetic
PCL-C6C8A3C3,PRJ-007,Rehabilitation & Resettlement,7,2024-07-27,2024-09-25,,401,60,1,1,synthetic
PCL-C57288AE,PRJ-007,Land Identification,0,2024-02-14,2024-02-29,2024-02-26,12,15,0,0,synthetic
PCL-C57288AE,PRJ-007,Survey/Parcel Mapping,1,2024-02-26,2024-03-27,,553,30,1,1,synthetic
PCL-19D61237,PRJ-007,Land Identification,0,2024-01-05,2024-01-20,2024-01-18,13,15,0,0,synthetic
PCL-19D61237,PRJ-007,Survey/Parcel Mapping,1,2024-01-18,2024-02-17,2024-02-09,22,30,0,0,synthetic
PCL-19D61237,PRJ-007,Ownership Verification,2,2024-02-09,2024-03-25,2024-03-04,24,45,0,0,synthetic
PCL-19D61237,PRJ-007,Notification,3,2024-03-04,2024-03-24,2024-03-17,13,20,0,0,synthetic
PCL-19D61237,PRJ-007,Objections/Hearings,4,2024-03-17,2024-04-16,2024-04-07,21,30,0,0,synthetic
PCL-19D61237,PRJ-007,Compensation Assessment,5,2024-04-07,2024-05-17,2024-05-17,40,40,0,0,synthetic
PCL-19D61237,PRJ-007,Compensation Disbursement,6,2024-05-17,2024-06-16,,472,30,1,1,synthetic
PCL-D9A0F4C2,PRJ-007,Land Identification,0,2024-02-24,2024-03-10,2024-03-05,10,15,0,0,synthetic
PCL-D9A0F4C2,PRJ-007,Survey/Parcel Mapping,1,2024-03-05,2024-04-04,2024-04-28,54,30,1,0,synthetic
PCL-D9A0F4C2,PRJ-007,Ownership Verification,2,2024-04-28,2024-06-12,,491,45,1,1,synthetic
PCL-E8927D0F,PRJ-007,Land Identification,0,2024-03-04,2024-03-19,2024-03-17,13,15,0,0,synthetic
PCL-E8927D0F,PRJ-007,Survey/Parcel Mapping,1,2024-03-17,2024-04-16,2024-04-26,40,30,1,0,synthetic
PCL-E8927D0F,PRJ-007,Ownership Verification,2,2024-04-26,2024-06-10,2024-05-27,31,45,0,0,synthetic
PCL-E8927D0F,PRJ-007,Notification,3,2024-05-27,2024-06-16,2024-06-23,27,20,1,0,synthetic
PCL-E8927D0F,PRJ-007,Objections/Hearings,4,2024-06-23,2024-07-23,,435,30,1,1,synthetic
PCL-EB617C1B,PRJ-007,Land Identification,0,2024-02-22,2024-03-08,2024-03-03,10,15,0,0,synthetic
PCL-EB617C1B,PRJ-007,Survey/Parcel Mapping,1,2024-03-03,2024-04-02,2024-04-03,31,30,1,0,synthetic
PCL-EB617C1B,PRJ-007,Ownership Verification,2,2024-04-03,2024-05-18,2024-06-15,73,45,1,0,synthetic
PCL-EB617C1B,PRJ-007,Notification,3,2024-06-15,2024-07-05,2024-07-06,21,20,1,0,synthetic
PCL-EB617C1B,PRJ-007,Objections/Hearings,4,2024-07-06,2024-08-05,2024-08-02,27,30,0,0,synthetic
PCL-EB617C1B,PRJ-007,Compensation Assessment,5,2024-08-02,2024-09-11,2024-09-19,48,40,1,0,synthetic
PCL-EB617C1B,PRJ-007,Compensation Disbursement,6,2024-09-19,2024-10-19,2024-10-24,35,30,1,0,synthetic
PCL-EB617C1B,PRJ-007,Rehabilitation & Resettlement,7,2024-10-24,2024-12-23,,312,60,1,1,synthetic
PCL-59A6F3EE,PRJ-007,Land Identification,0,2024-03-23,2024-04-07,2024-04-07,15,15,0,0,synthetic
PCL-59A6F3EE,PRJ-007,Survey/Parcel Mapping,1,2024-04-07,2024-05-07,,512,30,1,1,synthetic
PCL-5D6B95EF,PRJ-007,Land Identification,0,2024-03-04,2024-03-19,2024-03-24,20,15,1,0,synthetic
PCL-5D6B95EF,PRJ-007,Survey/Parcel Mapping,1,2024-03-24,2024-04-23,,526,30,1,1,synthetic
PCL-967CADE3,PRJ-007,Land Identification,0,2024-02-12,2024-02-27,2024-02-28,16,15,1,0,synthetic
PCL-967CADE3,PRJ-007,Survey/Parcel Mapping,1,2024-02-28,2024-03-29,2024-03-27,28,30,0,0,synthetic
PCL-967CADE3,PRJ-007,Ownership Verification,2,2024-03-27,2024-05-11,2024-06-24,89,45,1,0,synthetic
PCL-967CADE3,PRJ-007,Notification,3,2024-06-24,2024-07-14,,434,20,1,1,synthetic
PCL-CFFBAD5E,PRJ-007,Land Identification,0,2024-03-05,2024-03-20,2024-03-22,17,15,1,0,synthetic
PCL-CFFBAD5E,PRJ-007,Survey/Parcel Mapping,1,2024-03-22,2024-04-21,2024-04-14,23,30,0,0,synthetic
PCL-CFFBAD5E,PRJ-007,Ownership Verification,2,2024-04-14,2024-05-29,2024-06-19,66,45,1,0,synthetic
PCL-CFFBAD5E,PRJ-007,Notification,3,2024-06-19,2024-07-09,,439,20,1,1,synthetic
PCL-8199BCDC,PRJ-007,Land Identification,0,2024-01-17,2024-02-01,2024-02-04,18,15,1,0,synthetic
PCL-8199BCDC,PRJ-007,Survey/Parcel Mapping,1,2024-02-04,2024-03-05,2024-02-22,18,30,0,0,synthetic
PCL-8199BCDC,PRJ-007,Ownership Verification,2,2024-02-22,2024-04-07,2024-06-01,100,45,1,0,synthetic
PCL-8199BCDC,PRJ-007,Notification,3,2024-06-01,2024-06-21,2024-06-30,29,20,1,0,synthetic
PCL-8199BCDC,PRJ-007,Objections/Hearings,4,2024-06-30,2024-07-30,2024-07-17,17,30,0,0,synthetic
PCL-8199BCDC,PRJ-007,Compensation Assessment,5,2024-07-17,2024-08-26,2024-08-12,26,40,0,0,synthetic
PCL-8199BCDC,PRJ-007,Compensation Disbursement,6,2024-08-12,2024-09-11,,385,30,1,1,synthetic
PCL-9B2BFC9A,PRJ-007,Land Identification,0,2024-02-24,2024-03-10,2024-03-08,13,15,0,0,synthetic
PCL-9B2BFC9A,PRJ-007,Survey/Parcel Mapping,1,2024-03-08,2024-04-07,2024-03-24,16,30,0,0,synthetic
PCL-9B2BFC9A,PRJ-007,Ownership Verification,2,2024-03-24,2024-05-08,2024-04-25,32,45,0,0,synthetic
PCL-9B2BFC9A,PRJ-007,Notification,3,2024-04-25,2024-05-15,2024-05-14,19,20,0,0,synthetic
PCL-9B2BFC9A,PRJ-007,Objections/Hearings,4,2024-05-14,2024-06-13,2024-06-04,21,30,0,0,synthetic
PCL-9B2BFC9A,PRJ-007,Compensation Assessment,5,2024-06-04,2024-07-14,2024-06-29,25,40,0,0,synthetic
PCL-9B2BFC9A,PRJ-007,Compensation Disbursement,6,2024-06-29,2024-07-29,2024-07-30,31,30,1,0,synthetic
PCL-9B2BFC9A,PRJ-007,Rehabilitation & Resettlement,7,2024-07-30,2024-09-28,2024-11-16,109,60,1,0,synthetic
PCL-9B2BFC9A,PRJ-007,Possession,8,2024-11-16,2024-12-01,2024-11-25,9,15,0,0,synthetic
PCL-9B2BFC9A,PRJ-007,Closure/Handover,9,2024-11-25,2024-12-05,,280,10,1,1,synthetic
PCL-46C58585,PRJ-007,Land Identification,0,2024-01-17,2024-02-01,2024-02-02,16,15,1,0,synthetic
PCL-46C58585,PRJ-007,Survey/Parcel Mapping,1,2024-02-02,2024-03-03,2024-03-01,28,30,0,0,synthetic
PCL-46C58585,PRJ-007,Ownership Verification,2,2024-03-01,2024-04-15,2024-03-31,30,45,0,0,synthetic
PCL-46C58585,PRJ-007,Notification,3,2024-03-31,2024-04-20,2024-04-19,19,20,0,0,synthetic
PCL-46C58585,PRJ-007,Objections/Hearings,4,2024-04-19,2024-05-19,2024-06-05,47,30,1,0,synthetic
PCL-46C58585,PRJ-007,Compensation Assessment,5,2024-06-05,2024-07-15,2024-07-27,52,40,1,0,synthetic
PCL-46C58585,PRJ-007,Compensation Disbursement,6,2024-07-27,2024-08-26,2024-08-16,20,30,0,0,synthetic
PCL-46C58585,PRJ-007,Rehabilitation & Resettlement,7,2024-08-16,2024-10-15,,381,60,1,1,synthetic
PCL-6E65E848,PRJ-007,Land Identification,0,2024-02-19,2024-03-05,2024-03-02,12,15,0,0,synthetic
PCL-6E65E848,PRJ-007,Survey/Parcel Mapping,1,2024-03-02,2024-04-01,2024-04-13,42,30,1,0,synthetic
PCL-6E65E848,PRJ-007,Ownership Verification,2,2024-04-13,2024-05-28,,506,45,1,1,synthetic
PCL-8905AD85,PRJ-007,Land Identification,0,2024-02-08,2024-02-23,2024-02-22,14,15,0,0,synthetic
PCL-8905AD85,PRJ-007,Survey/Parcel Mapping,1,2024-02-22,2024-03-23,2024-03-23,30,30,0,0,synthetic
PCL-8905AD85,PRJ-007,Ownership Verification,2,2024-03-23,2024-05-07,2024-05-10,48,45,1,0,synthetic
PCL-8905AD85,PRJ-007,Notification,3,2024-05-10,2024-05-30,2024-06-27,48,20,1,0,synthetic
PCL-8905AD85,PRJ-007,Objections/Hearings,4,2024-06-27,2024-07-27,2024-07-16,19,30,0,0,synthetic
PCL-8905AD85,PRJ-007,Compensation Assessment,5,2024-07-16,2024-08-25,2024-08-12,27,40,0,0,synthetic
PCL-8905AD85,PRJ-007,Compensation Disbursement,6,2024-08-12,2024-09-11,2024-09-05,24,30,0,0,synthetic
PCL-8905AD85,PRJ-007,Rehabilitation & Resettlement,7,2024-09-05,2024-11-04,2025-01-17,134,60,1,0,synthetic
PCL-8905AD85,PRJ-007,Possession,8,2025-01-17,2025-02-01,,227,15,1,1,synthetic
PCL-7E60E7A4,PRJ-007,Land Identification,0,2024-03-01,2024-03-16,2024-03-09,8,15,0,0,synthetic
PCL-7E60E7A4,PRJ-007,Survey/Parcel Mapping,1,2024-03-09,2024-04-08,2024-04-04,26,30,0,0,synthetic
PCL-7E60E7A4,PRJ-007,Ownership Verification,2,2024-04-04,2024-05-19,2024-05-16,42,45,0,0,synthetic
PCL-7E60E7A4,PRJ-007,Notification,3,2024-05-16,2024-06-05,,473,20,1,1,synthetic
PCL-B8FB7FBC,PRJ-007,Land Identification,0,2024-01-27,2024-02-11,2024-02-07,11,15,0,0,synthetic
PCL-B8FB7FBC,PRJ-007,Survey/Parcel Mapping,1,2024-02-07,2024-03-08,2024-02-22,15,30,0,0,synthetic
PCL-B8FB7FBC,PRJ-007,Ownership Verification,2,2024-02-22,2024-04-07,2024-03-16,23,45,0,0,synthetic
PCL-B8FB7FBC,PRJ-007,Notification,3,2024-03-16,2024-04-05,2024-04-06,21,20,1,0,synthetic
PCL-B8FB7FBC,PRJ-007,Objections/Hearings,4,2024-04-06,2024-05-06,,513,30,1,1,synthetic
PCL-C60ABF3B,PRJ-007,Land Identification,0,2024-02-15,2024-03-01,2024-03-04,18,15,1,0,synthetic
PCL-C60ABF3B,PRJ-007,Survey/Parcel Mapping,1,2024-03-04,2024-04-03,2024-04-10,37,30,1,0,synthetic
PCL-C60ABF3B,PRJ-007,Ownership Verification,2,2024-04-10,2024-05-25,2024-05-14,34,45,0,0,synthetic
PCL-C60ABF3B,PRJ-007,Notification,3,2024-05-14,2024-06-03,2024-05-30,16,20,0,0,synthetic
PCL-C60ABF3B,PRJ-007,Objections/Hearings,4,2024-05-30,2024-06-29,2024-06-23,24,30,0,0,synthetic
PCL-C60ABF3B,PRJ-007,Compensation Assessment,5,2024-06-23,2024-08-02,,435,40,1,1,synthetic
PCL-AB9FE0A9,PRJ-007,Land Identification,0,2024-01-07,2024-01-22,2024-01-18,11,15,0,0,synthetic
PCL-AB9FE0A9,PRJ-007,Survey/Parcel Mapping,1,2024-01-18,2024-02-17,2024-02-10,23,30,0,0,synthetic
PCL-AB9FE0A9,PRJ-007,Ownership Verification,2,2024-02-10,2024-03-26,2024-03-13,32,45,0,0,synthetic
PCL-AB9FE0A9,PRJ-007,Notification,3,2024-03-13,2024-04-02,2024-03-30,17,20,0,0,synthetic
PCL-AB9FE0A9,PRJ-007,Objections/Hearings,4,2024-03-30,2024-04-29,2024-04-20,21,30,0,0,synthetic
PCL-AB9FE0A9,PRJ-007,Compensation Assessment,5,2024-04-20,2024-05-30,,499,40,1,1,synthetic
PCL-B3BF3D2F,PRJ-007,Land Identification,0,2024-01-24,2024-02-08,2024-02-11,18,15,1,0,synthetic
PCL-B3BF3D2F,PRJ-007,Survey/Parcel Mapping,1,2024-02-11,2024-03-12,2024-03-07,25,30,0,0,synthetic
PCL-B3BF3D2F,PRJ-007,Ownership Verification,2,2024-03-07,2024-04-21,2024-04-22,46,45,1,0,synthetic
PCL-B3BF3D2F,PRJ-007,Notification,3,2024-04-22,2024-05-12,2024-05-09,17,20,0,0,synthetic
PCL-B3BF3D2F,PRJ-007,Objections/Hearings,4,2024-05-09,2024-06-08,2024-06-04,26,30,0,0,synthetic
PCL-B3BF3D2F,PRJ-007,Compensation Assessment,5,2024-06-04,2024-07-14,2024-07-19,45,40,1,0,synthetic
PCL-B3BF3D2F,PRJ-007,Compensation Disbursement,6,2024-07-19,2024-08-18,2024-08-22,34,30,1,0,synthetic
PCL-B3BF3D2F,PRJ-007,Rehabilitation & Resettlement,7,2024-08-22,2024-10-21,2024-12-13,113,60,1,0,synthetic
PCL-B3BF3D2F,PRJ-007,Possession,8,2024-12-13,2024-12-28,2024-12-28,15,15,0,0,synthetic
PCL-B3BF3D2F,PRJ-007,Closure/Handover,9,2024-12-28,2025-01-07,,247,10,1,1,synthetic
PCL-DE36119E,PRJ-007,Land Identification,0,2024-03-29,2024-04-13,2024-04-16,18,15,1,0,synthetic
PCL-DE36119E,PRJ-007,Survey/Parcel Mapping,1,2024-04-16,2024-05-16,2024-05-30,44,30,1,0,synthetic
PCL-DE36119E,PRJ-007,Ownership Verification,2,2024-05-30,2024-07-14,2024-07-11,42,45,0,0,synthetic
PCL-DE36119E,PRJ-007,Notification,3,2024-07-11,2024-07-31,2024-08-01,21,20,1,0,synthetic
PCL-DE36119E,PRJ-007,Objections/Hearings,4,2024-08-01,2024-08-31,2024-08-26,25,30,0,0,synthetic
PCL-DE36119E,PRJ-007,Compensation Assessment,5,2024-08-26,2024-10-05,,371,40,1,1,synthetic
PCL-DE07BC27,PRJ-009,Land Identification,0,2024-03-04,2024-03-19,2024-03-11,7,15,0,0,synthetic
PCL-DE07BC27,PRJ-009,Survey/Parcel Mapping,1,2024-03-11,2024-04-10,2024-04-12,32,30,1,0,synthetic
PCL-DE07BC27,PRJ-009,Ownership Verification,2,2024-04-12,2024-05-27,2024-05-25,43,45,0,0,synthetic
PCL-DE07BC27,PRJ-009,Notification,3,2024-05-25,2024-06-14,2024-06-16,22,20,1,0,synthetic
PCL-DE07BC27,PRJ-009,Objections/Hearings,4,2024-06-16,2024-07-16,2024-08-18,63,30,1,0,synthetic
PCL-DE07BC27,PRJ-009,Compensation Assessment,5,2024-08-18,2024-09-27,2024-11-01,75,40,1,0,synthetic
PCL-DE07BC27,PRJ-009,Compensation Disbursement,6,2024-11-01,2024-12-01,2024-12-02,31,30,1,0,synthetic
PCL-DE07BC27,PRJ-009,Rehabilitation & Resettlement,7,2024-12-02,2025-01-31,2025-01-25,54,60,0,0,synthetic
PCL-DE07BC27,PRJ-009,Possession,8,2025-01-25,2025-02-09,2025-02-17,23,15,1,0,synthetic
PCL-DE07BC27,PRJ-009,Closure/Handover,9,2025-02-17,2025-02-27,,196,10,1,1,synthetic
PCL-93DA8633,PRJ-009,Land Identification,0,2024-03-06,2024-03-21,2024-03-28,22,15,1,0,synthetic
PCL-93DA8633,PRJ-009,Survey/Parcel Mapping,1,2024-03-28,2024-04-27,2024-04-26,29,30,0,0,synthetic
PCL-93DA8633,PRJ-009,Ownership Verification,2,2024-04-26,2024-06-10,2024-06-01,36,45,0,0,synthetic
PCL-93DA8633,PRJ-009,Notification,3,2024-06-01,2024-06-21,2024-06-28,27,20,1,0,synthetic
PCL-93DA8633,PRJ-009,Objections/Hearings,4,2024-06-28,2024-07-28,2024-10-31,125,30,1,0,synthetic
PCL-93DA8633,PRJ-009,Compensation Assessment,5,2024-10-31,2024-12-10,2024-12-10,40,40,0,0,synthetic
PCL-93DA8633,PRJ-009,Compensation Disbursement,6,2024-12-10,2025-01-09,2025-01-16,37,30,1,0,synthetic
PCL-93DA8633,PRJ-009,Rehabilitation & Resettlement,7,2025-01-16,2025-03-17,2025-02-20,35,60,0,0,synthetic
PCL-93DA8633,PRJ-009,Possession,8,2025-02-20,2025-03-07,,193,15,1,1,synthetic
PCL-F51B76CB,PRJ-009,Land Identification,0,2024-02-06,2024-02-21,2024-02-28,22,15,1,0,synthetic
PCL-F51B76CB,PRJ-009,Survey/Parcel Mapping,1,2024-02-28,2024-03-29,2024-03-30,31,30,1,0,synthetic
PCL-F51B76CB,PRJ-009,Ownership Verification,2,2024-03-30,2024-05-14,2024-05-08,39,45,0,0,synthetic
PCL-F51B76CB,PRJ-009,Notification,3,2024-05-08,2024-05-28,2024-05-28,20,20,0,0,synthetic
PCL-F51B76CB,PRJ-009,Objections/Hearings,4,2024-05-28,2024-06-27,2024-09-14,109,30,1,0,synthetic
PCL-F51B76CB,PRJ-009,Compensation Assessment,5,2024-09-14,2024-10-24,2024-10-30,46,40,1,0,synthetic
PCL-F51B76CB,PRJ-009,Compensation Disbursement,6,2024-10-30,2024-11-29,2024-11-27,28,30,0,0,synthetic
PCL-F51B76CB,PRJ-009,Rehabilitation & Resettlement,7,2024-11-27,2025-01-26,2025-01-11,45,60,0,0,synthetic
PCL-F51B76CB,PRJ-009,Possession,8,2025-01-11,2025-01-26,2025-01-28,17,15,1,0,synthetic
PCL-F51B76CB,PRJ-009,Closure/Handover,9,2025-01-28,2025-02-07,,216,10,1,1,synthetic
PCL-345EF369,PRJ-009,Land Identification,0,2024-03-14,2024-03-29,2024-03-30,16,15,1,0,synthetic
PCL-345EF369,PRJ-009,Survey/Parcel Mapping,1,2024-03-30,2024-04-29,2024-04-11,12,30,0,0,synthetic
PCL-345EF369,PRJ-009,Ownership Verification,2,2024-04-11,2024-05-26,2024-05-18,37,45,0,0,synthetic
PCL-345EF369,PRJ-009,Notification,3,2024-05-18,2024-06-07,,471,20,1,1,synthetic
PCL-7F1A3E7E,PRJ-009,Land Identification,0,2024-01-16,2024-01-31,2024-01-28,12,15,0,0,synthetic
PCL-7F1A3E7E,PRJ-009,Survey/Parcel Mapping,1,2024-01-28,2024-02-27,,582,30,1,1,synthetic
PCL-173EFE2F,PRJ-009,Land Identification,0,2024-02-12,2024-02-27,2024-03-01,18,15,1,0,synthetic
PCL-173EFE2F,PRJ-009,Survey/Parcel Mapping,1,2024-03-01,2024-03-31,2024-04-19,49,30,1,0,synthetic
PCL-173EFE2F,PRJ-009,Ownership Verification,2,2024-04-19,2024-06-03,2024-05-19,30,45,0,0,synthetic
PCL-173EFE2F,PRJ-009,Notification,3,2024-05-19,2024-06-08,2024-06-04,16,20,0,0,synthetic
PCL-173EFE2F,PRJ-009,Objections/Hearings,4,2024-06-04,2024-07-04,,454,30,1,1,synthetic
PCL-156CFE22,PRJ-009,Land Identification,0,2024-01-03,2024-01-18,2024-01-12,9,15,0,0,synthetic
PCL-156CFE22,PRJ-009,Survey/Parcel Mapping,1,2024-01-12,2024-02-11,2024-02-10,29,30,0,0,synthetic
PCL-156CFE22,PRJ-009,Ownership Verification,2,2024-02-10,2024-03-26,2024-03-18,37,45,0,0,synthetic
PCL-156CFE22,PRJ-009,Notification,3,2024-03-18,2024-04-07,,532,20,1,1,synthetic
PCL-D2ACD24E,PRJ-009,Land Identification,0,2024-03-03,2024-03-18,,547,15,1,1,synthetic
PCL-14D73A6A,PRJ-009,Land Identification,0,2024-02-14,2024-02-29,2024-02-21,7,15,0,0,synthetic
PCL-14D73A6A,PRJ-009,Survey/Parcel Mapping,1,2024-02-21,2024-03-22,2024-04-25,64,30,1,0,synthetic
PCL-14D73A6A,PRJ-009,Ownership Verification,2,2024-04-25,2024-06-09,2024-06-03,39,45,0,0,synthetic
PCL-14D73A6A,PRJ-009,Notification,3,2024-06-03,2024-06-23,2024-06-30,27,20,1,0,synthetic
PCL-14D73A6A,PRJ-009,Objections/Hearings,4,2024-06-30,2024-07-30,2024-11-10,133,30,1,0,synthetic
PCL-14D73A6A,PRJ-009,Compensation Assessment,5,2024-11-10,2024-12-20,2024-12-15,35,40,0,0,synthetic
PCL-14D73A6A,PRJ-009,Compensation Disbursement,6,2024-12-15,2025-01-14,2025-01-06,22,30,0,0,synthetic
PCL-14D73A6A,PRJ-009,Rehabilitation & Resettlement,7,2025-01-06,2025-03-07,2025-03-02,55,60,0,0,synthetic
PCL-14D73A6A,PRJ-009,Possession,8,2025-03-02,2025-03-17,,183,15,1,1,synthetic
PCL-4FFE3C88,PRJ-009,Land Identification,0,2024-02-16,2024-03-02,2024-03-06,19,15,1,0,synthetic
PCL-4FFE3C88,PRJ-009,Survey/Parcel Mapping,1,2024-03-06,2024-04-05,2024-04-08,33,30,1,0,synthetic
PCL-4FFE3C88,PRJ-009,Ownership Verification,2,2024-04-08,2024-05-23,2024-06-07,60,45,1,0,synthetic
PCL-4FFE3C88,PRJ-009,Notification,3,2024-06-07,2024-06-27,2024-06-18,11,20,0,0,synthetic
PCL-4FFE3C88,PRJ-009,Objections/Hearings,4,2024-06-18,2024-07-18,2024-08-28,71,30,1,0,synthetic
PCL-4FFE3C88,PRJ-009,Compensation Assessment,5,2024-08-28,2024-10-07,,369,40,1,1,synthetic
PCL-7EAEC4C5,PRJ-009,Land Identification,0,2024-02-25,2024-03-11,2024-03-07,11,15,0,0,synthetic
PCL-7EAEC4C5,PRJ-009,Survey/Parcel Mapping,1,2024-03-07,2024-04-06,2024-04-01,25,30,0,0,synthetic
PCL-7EAEC4C5,PRJ-009,Ownership Verification,2,2024-04-01,2024-05-16,2024-05-24,53,45,1,0,synthetic
PCL-7EAEC4C5,PRJ-009,Notification,3,2024-05-24,2024-06-13,2024-06-08,15,20,0,0,synthetic
PCL-7EAEC4C5,PRJ-009,Objections/Hearings,4,2024-06-08,2024-07-08,2024-08-28,81,30,1,0,synthetic
PCL-7EAEC4C5,PRJ-009,Compensation Assessment,5,2024-08-28,2024-10-07,2024-10-04,37,40,0,0,synthetic
PCL-7EAEC4C5,PRJ-009,Compensation Disbursement,6,2024-10-04,2024-11-03,2024-11-15,42,30,1,0,synthetic
PCL-7EAEC4C5,PRJ-009,Rehabilitation & Resettlement,7,2024-11-15,2025-01-14,2024-12-14,29,60,0,0,synthetic
PCL-7EAEC4C5,PRJ-009,Possession,8,2024-12-14,2024-12-29,,261,15,1,1,synthetic
PCL-B3E88C24,PRJ-009,Land Identification,0,2024-02-04,2024-02-19,2024-02-16,12,15,0,0,synthetic
PCL-B3E88C24,PRJ-009,Survey/Parcel Mapping,1,2024-02-16,2024-03-17,,563,30,1,1,synthetic
PCL-E1385401,PRJ-009,Land Identification,0,2024-01-28,2024-02-12,2024-02-13,16,15,1,0,synthetic
PCL-E1385401,PRJ-009,Survey/Parcel Mapping,1,2024-02-13,2024-03-14,2024-03-13,29,30,0,0,synthetic
PCL-E1385401,PRJ-009,Ownership Verification,2,2024-03-13,2024-04-27,2024-05-18,66,45,1,0,synthetic
PCL-E1385401,PRJ-009,Notification,3,2024-05-18,2024-06-07,2024-06-11,24,20,1,0,synthetic
PCL-E1385401,PRJ-009,Objections/Hearings,4,2024-06-11,2024-07-11,2024-09-18,99,30,1,0,synthetic
PCL-E1385401,PRJ-009,Compensation Assessment,5,2024-09-18,2024-10-28,,348,40,1,1,synthetic
PCL-13F9FB9B,PRJ-009,Land Identification,0,2024-03-03,2024-03-18,2024-03-24,21,15,1,0,synthetic
PCL-13F9FB9B,PRJ-009,Survey/Parcel Mapping,1,2024-03-24,2024-04-23,2024-04-16,23,30,0,0,synthetic
PCL-13F9FB9B,PRJ-009,Ownership Verification,2,2024-04-16,2024-05-31,2024-06-04,49,45,1,0,synthetic
PCL-13F9FB9B,PRJ-009,Notification,3,2024-06-04,2024-06-24,2024-06-25,21,20,1,0,synthetic
PCL-13F9FB9B,PRJ-009,Objections/Hearings,4,2024-06-25,2024-07-25,2024-09-13,80,30,1,0,synthetic
PCL-13F9FB9B,PRJ-009,Compensation Assessment,5,2024-09-13,2024-10-23,2024-11-06,54,40,1,0,synthetic
PCL-13F9FB9B,PRJ-009,Compensation Disbursement,6,2024-11-06,2024-12-06,2024-12-05,29,30,0,0,synthetic
PCL-13F9FB9B,PRJ-009,Rehabilitation & Resettlement,7,2024-12-05,2025-02-03,2025-02-23,80,60,1,0,synthetic
PCL-13F9FB9B,PRJ-009,Possession,8,2025-02-23,2025-03-10,2025-03-08,13,15,0,0,synthetic
PCL-13F9FB9B,PRJ-009,Closure/Handover,9,2025-03-08,2025-03-18,,177,10,1,1,synthetic
PCL-0A0C5266,PRJ-009,Land Identification,0,2024-02-29,2024-03-15,2024-03-21,21,15,1,0,synthetic
PCL-0A0C5266,PRJ-009,Survey/Parcel Mapping,1,2024-03-21,2024-04-20,2024-05-06,46,30,1,0,synthetic
PCL-0A0C5266,PRJ-009,Ownership Verification,2,2024-05-06,2024-06-20,2024-07-05,60,45,1,0,synthetic
PCL-0A0C5266,PRJ-009,Notification,3,2024-07-05,2024-07-25,2024-07-23,18,20,0,0,synthetic
PCL-0A0C5266,PRJ-009,Objections/Hearings,4,2024-07-23,2024-08-22,,405,30,1,1,synthetic
PCL-DFC95F12,PRJ-009,Land Identification,0,2024-01-24,2024-02-08,2024-02-05,12,15,0,0,synthetic
PCL-DFC95F12,PRJ-009,Survey/Parcel Mapping,1,2024-02-05,2024-03-06,2024-03-07,31,30,1,0,synthetic
PCL-DFC95F12,PRJ-009,Ownership Verification,2,2024-03-07,2024-04-21,2024-05-28,82,45,1,0,synthetic
PCL-DFC95F12,PRJ-009,Notification,3,2024-05-28,2024-06-17,2024-06-22,25,20,1,0,synthetic
PCL-DFC95F12,PRJ-009,Objections/Hearings,4,2024-06-22,2024-07-22,,436,30,1,1,synthetic
PCL-29B1D943,PRJ-009,Land Identification,0,2024-03-09,2024-03-24,2024-03-20,11,15,0,0,synthetic
PCL-29B1D943,PRJ-009,Survey/Parcel Mapping,1,2024-03-20,2024-04-19,2024-04-19,30,30,0,0,synthetic
PCL-29B1D943,PRJ-009,Ownership Verification,2,2024-04-19,2024-06-03,,500,45,1,1,synthetic
PCL-097DD606,PRJ-009,Land Identification,0,2024-03-02,2024-03-17,2024-03-18,16,15,1,0,synthetic
PCL-097DD606,PRJ-009,Survey/Parcel Mapping,1,2024-03-18,2024-04-17,2024-05-13,56,30,1,0,synthetic
PCL-097DD606,PRJ-009,Ownership Verification,2,2024-05-13,2024-06-27,2024-06-30,48,45,1,0,synthetic
PCL-097DD606,PRJ-009,Notification,3,2024-06-30,2024-07-20,2024-07-18,18,20,0,0,synthetic
PCL-097DD606,PRJ-009,Objections/Hearings,4,2024-07-18,2024-08-17,2024-11-06,111,30,1,0,synthetic
PCL-097DD606,PRJ-009,Compensation Assessment,5,2024-11-06,2024-12-16,2024-12-15,39,40,0,0,synthetic
PCL-097DD606,PRJ-009,Compensation Disbursement,6,2024-12-15,2025-01-14,2025-01-15,31,30,1,0,synthetic
PCL-097DD606,PRJ-009,Rehabilitation & Resettlement,7,2025-01-15,2025-03-16,2025-04-13,88,60,1,0,synthetic
PCL-097DD606,PRJ-009,Possession,8,2025-04-13,2025-04-28,,141,15,1,1,synthetic
PCL-C4F60CBC,PRJ-009,Land Identification,0,2024-01-11,2024-01-26,2024-01-22,11,15,0,0,synthetic
PCL-C4F60CBC,PRJ-009,Survey/Parcel Mapping,1,2024-01-22,2024-02-21,2024-02-11,20,30,0,0,synthetic
PCL-C4F60CBC,PRJ-009,Ownership Verification,2,2024-02-11,2024-03-27,2024-03-24,42,45,0,0,synthetic
PCL-C4F60CBC,PRJ-009,Notification,3,2024-03-24,2024-04-13,2024-04-07,14,20,0,0,synthetic
PCL-C4F60CBC,PRJ-009,Objections/Hearings,4,2024-04-07,2024-05-07,2024-07-16,100,30,1,0,synthetic
PCL-C4F60CBC,PRJ-009,Compensation Assessment,5,2024-07-16,2024-08-25,2024-08-14,29,40,0,0,synthetic
PCL-C4F60CBC,PRJ-009,Compensation Disbursement,6,2024-08-14,2024-09-13,2024-09-17,34,30,1,0,synthetic
PCL-C4F60CBC,PRJ-009,Rehabilitation & Resettlement,7,2024-09-17,2024-11-16,2024-10-31,44,60,0,0,synthetic
PCL-C4F60CBC,PRJ-009,Possession,8,2024-10-31,2024-11-15,2024-11-12,12,15,0,0,synthetic
PCL-C4F60CBC,PRJ-009,Closure/Handover,9,2024-11-12,2024-11-22,,293,10,1,1,synthetic
PCL-DB7696B8,PRJ-009,Land Identification,0,2024-03-12,2024-03-27,2024-04-04,23,15,1,0,synthetic
PCL-DB7696B8,PRJ-009,Survey/Parcel Mapping,1,2024-04-04,2024-05-04,2024-05-05,31,30,1,0,synthetic
PCL-DB7696B8,PRJ-009,Ownership Verification,2,2024-05-05,2024-06-19,2024-06-07,33,45,0,0,synthetic
PCL-DB7696B8,PRJ-009,Notification,3,2024-06-07,2024-06-27,2024-06-27,20,20,0,0,synthetic
PCL-DB7696B8,PRJ-009,Objections/Hearings,4,2024-06-27,2024-07-27,2024-10-16,111,30,1,0,synthetic
PCL-DB7696B8,PRJ-009,Compensation Assessment,5,2024-10-16,2024-11-25,2024-11-26,41,40,1,0,synthetic
PCL-DB7696B8,PRJ-009,Compensation Disbursement,6,2024-11-26,2024-12-26,2024-12-26,30,30,0,0,synthetic
PCL-DB7696B8,PRJ-009,Rehabilitation & Resettlement,7,2024-12-26,2025-02-24,,249,60,1,1,synthetic
PCL-DDA4DBB8,PRJ-009,Land Identification,0,2024-02-03,2024-02-18,2024-02-26,23,15,1,0,synthetic
PCL-DDA4DBB8,PRJ-009,Survey/Parcel Mapping,1,2024-02-26,2024-03-27,2024-03-19,22,30,0,0,synthetic
PCL-DDA4DBB8,PRJ-009,Ownership Verification,2,2024-03-19,2024-05-03,2024-04-14,26,45,0,0,synthetic
PCL-DDA4DBB8,PRJ-009,Notification,3,2024-04-14,2024-05-04,2024-05-01,17,20,0,0,synthetic
PCL-DDA4DBB8,PRJ-009,Objections/Hearings,4,2024-05-01,2024-05-31,2024-06-30,60,30,1,0,synthetic
PCL-DDA4DBB8,PRJ-009,Compensation Assessment,5,2024-06-30,2024-08-09,2024-07-27,27,40,0,0,synthetic
PCL-DDA4DBB8,PRJ-009,Compensation Disbursement,6,2024-07-27,2024-08-26,,401,30,1,1,synthetic
PCL-00BBB909,PRJ-009,Land Identification,0,2024-03-26,2024-04-10,2024-04-06,11,15,0,0,synthetic
PCL-00BBB909,PRJ-009,Survey/Parcel Mapping,1,2024-04-06,2024-05-06,2024-05-11,35,30,1,0,synthetic
PCL-00BBB909,PRJ-009,Ownership Verification,2,2024-05-11,2024-06-25,2024-06-29,49,45,1,0,synthetic
PCL-00BBB909,PRJ-009,Notification,3,2024-06-29,2024-07-19,2024-07-10,11,20,0,0,synthetic
PCL-00BBB909,PRJ-009,Objections/Hearings,4,2024-07-10,2024-08-09,2024-10-08,90,30,1,0,synthetic
PCL-00BBB909,PRJ-009,Compensation Assessment,5,2024-10-08,2024-11-17,2024-11-23,46,40,1,0,synthetic
PCL-00BBB909,PRJ-009,Compensation Disbursement,6,2024-11-23,2024-12-23,2024-12-14,21,30,0,0,synthetic
PCL-00BBB909,PRJ-009,Rehabilitation & Resettlement,7,2024-12-14,2025-02-12,2025-02-03,51,60,0,0,synthetic
PCL-00BBB909,PRJ-009,Possession,8,2025-02-03,2025-02-18,2025-02-22,19,15,1,0,synthetic
PCL-00BBB909,PRJ-009,Closure/Handover,9,2025-02-22,2025-03-04,,191,10,1,1,synthetic
PCL-E23DEFE7,PRJ-009,Land Identification,0,2024-02-22,2024-03-08,2024-03-09,16,15,1,0,synthetic
PCL-E23DEFE7,PRJ-009,Survey/Parcel Mapping,1,2024-03-09,2024-04-08,2024-04-10,32,30,1,0,synthetic
PCL-E23DEFE7,PRJ-009,Ownership Verification,2,2024-04-10,2024-05-25,2024-05-23,43,45,0,0,synthetic
PCL-E23DEFE7,PRJ-009,Notification,3,2024-05-23,2024-06-12,2024-06-10,18,20,0,0,synthetic
PCL-E23DEFE7,PRJ-009,Objections/Hearings,4,2024-06-10,2024-07-10,2024-10-09,121,30,1,0,synthetic
PCL-E23DEFE7,PRJ-009,Compensation Assessment,5,2024-10-09,2024-11-18,2024-11-12,34,40,0,0,synthetic
PCL-E23DEFE7,PRJ-009,Compensation Disbursement,6,2024-11-12,2024-12-12,2024-12-09,27,30,0,0,synthetic
PCL-E23DEFE7,PRJ-009,Rehabilitation & Resettlement,7,2024-12-09,2025-02-07,2025-01-15,37,60,0,0,synthetic
PCL-E23DEFE7,PRJ-009,Possession,8,2025-01-15,2025-01-30,2025-01-24,9,15,0,0,synthetic
PCL-E23DEFE7,PRJ-009,Closure/Handover,9,2025-01-24,2025-02-03,,220,10,1,1,synthetic
PCL-DADA7FA9,PRJ-009,Land Identification,0,2024-01-20,2024-02-04,2024-02-16,27,15,1,0,synthetic
PCL-DADA7FA9,PRJ-009,Survey/Parcel Mapping,1,2024-02-16,2024-03-17,2024-03-13,26,30,0,0,synthetic
PCL-DADA7FA9,PRJ-009,Ownership Verification,2,2024-03-13,2024-04-27,2024-04-21,39,45,0,0,synthetic
PCL-DADA7FA9,PRJ-009,Notification,3,2024-04-21,2024-05-11,2024-05-08,17,20,0,0,synthetic
PCL-DADA7FA9,PRJ-009,Objections/Hearings,4,2024-05-08,2024-06-07,2024-09-19,134,30,1,0,synthetic
PCL-DADA7FA9,PRJ-009,Compensation Assessment,5,2024-09-19,2024-10-29,,347,40,1,1,synthetic
PCL-97DA2606,PRJ-009,Land Identification,0,2024-02-26,2024-03-12,2024-03-11,14,15,0,0,synthetic
PCL-97DA2606,PRJ-009,Survey/Parcel Mapping,1,2024-03-11,2024-04-10,2024-04-13,33,30,1,0,synthetic
PCL-97DA2606,PRJ-009,Ownership Verification,2,2024-04-13,2024-05-28,2024-05-19,36,45,0,0,synthetic
PCL-97DA2606,PRJ-009,Notification,3,2024-05-19,2024-06-08,2024-06-13,25,20,1,0,synthetic
PCL-97DA2606,PRJ-009,Objections/Hearings,4,2024-06-13,2024-07-13,,445,30,1,1,synthetic
PCL-3A541E84,PRJ-009,Land Identification,0,2024-01-19,2024-02-03,,591,15,1,1,synthetic
PCL-F85E3FAF,PRJ-009,Land Identification,0,2024-01-04,2024-01-19,2024-01-16,12,15,0,0,synthetic
PCL-F85E3FAF,PRJ-009,Survey/Parcel Mapping,1,2024-01-16,2024-02-15,,594,30,1,1,synthetic
PCL-3E8022FE,PRJ-009,Land Identification,0,2024-02-16,2024-03-02,2024-03-03,16,15,1,0,synthetic
PCL-3E8022FE,PRJ-009,Survey/Parcel Mapping,1,2024-03-03,2024-04-02,2024-03-22,19,30,0,0,synthetic
PCL-3E8022FE,PRJ-009,Ownership Verification,2,2024-03-22,2024-05-06,2024-05-03,42,45,0,0,synthetic
PCL-3E8022FE,PRJ-009,Notification,3,2024-05-03,2024-05-23,2024-05-13,10,20,0,0,synthetic
PCL-3E8022FE,PRJ-009,Objections/Hearings,4,2024-05-13,2024-06-12,2024-09-11,121,30,1,0,synthetic
PCL-3E8022FE,PRJ-009,Compensation Assessment,5,2024-09-11,2024-10-21,2024-10-10,29,40,0,0,synthetic
PCL-3E8022FE,PRJ-009,Compensation Disbursement,6,2024-10-10,2024-11-09,,326,30,1,1,synthetic
PCL-C185C3EB,PRJ-009,Land Identification,0,2024-01-23,2024-02-07,2024-02-06,14,15,0,0,synthetic
PCL-C185C3EB,PRJ-009,Survey/Parcel Mapping,1,2024-02-06,2024-03-07,,573,30,1,1,synthetic
PCL-1FCC992A,PRJ-009,Land Identification,0,2024-02-26,2024-03-12,2024-03-16,19,15,1,0,synthetic
PCL-1FCC992A,PRJ-009,Survey/Parcel Mapping,1,2024-03-16,2024-04-15,2024-04-27,42,30,1,0,synthetic
PCL-1FCC992A,PRJ-009,Ownership Verification,2,2024-04-27,2024-06-11,2024-06-04,38,45,0,0,synthetic
PCL-1FCC992A,PRJ-009,Notification,3,2024-06-04,2024-06-24,2024-06-17,13,20,0,0,synthetic
PCL-1FCC992A,PRJ-009,Objections/Hearings,4,2024-06-17,2024-07-17,2024-10-18,123,30,1,0,synthetic
PCL-1FCC992A,PRJ-009,Compensation Assessment,5,2024-10-18,2024-11-27,,318,40,1,1,synthetic
PCL-2C44C14B,PRJ-009,Land Identification,0,2024-02-22,2024-03-08,2024-03-10,17,15,1,0,synthetic
PCL-2C44C14B,PRJ-009,Survey/Parcel Mapping,1,2024-03-10,2024-04-09,2024-04-20,41,30,1,0,synthetic
PCL-2C44C14B,PRJ-009,Ownership Verification,2,2024-04-20,2024-06-04,2024-05-22,32,45,0,0,synthetic
PCL-2C44C14B,PRJ-009,Notification,3,2024-05-22,2024-06-11,2024-06-04,13,20,0,0,synthetic
PCL-2C44C14B,PRJ-009,Objections/Hearings,4,2024-06-04,2024-07-04,2024-09-04,92,30,1,0,synthetic
PCL-2C44C14B,PRJ-009,Compensation Assessment,5,2024-09-04,2024-10-14,2024-10-12,38,40,0,0,synthetic
PCL-2C44C14B,PRJ-009,Compensation Disbursement,6,2024-10-12,2024-11-11,2024-11-11,30,30,0,0,synthetic
PCL-2C44C14B,PRJ-009,Rehabilitation & Resettlement,7,2024-11-11,2025-01-10,,294,60,1,1,synthetic
PCL-DB24250C,PRJ-009,Land Identification,0,2024-03-27,2024-04-11,2024-04-23,27,15,1,0,synthetic
PCL-DB24250C,PRJ-009,Survey/Parcel Mapping,1,2024-04-23,2024-05-23,,496,30,1,1,synthetic
PCL-003034CE,PRJ-009,Land Identification,0,2024-02-15,2024-03-01,2024-02-28,13,15,0,0,synthetic
PCL-003034CE,PRJ-009,Survey/Parcel Mapping,1,2024-02-28,2024-03-29,2024-04-04,36,30,1,0,synthetic
PCL-003034CE,PRJ-009,Ownership Verification,2,2024-04-04,2024-05-19,2024-06-01,58,45,1,0,synthetic
PCL-003034CE,PRJ-009,Notification,3,2024-06-01,2024-06-21,2024-06-22,21,20,1,0,synthetic
PCL-003034CE,PRJ-009,Objections/Hearings,4,2024-06-22,2024-07-22,2024-10-06,106,30,1,0,synthetic
PCL-003034CE,PRJ-009,Compensation Assessment,5,2024-10-06,2024-11-15,2024-11-10,35,40,0,0,synthetic
PCL-003034CE,PRJ-009,Compensation Disbursement,6,2024-11-10,2024-12-10,2024-11-27,17,30,0,0,synthetic
PCL-003034CE,PRJ-009,Rehabilitation & Resettlement,7,2024-11-27,2025-01-26,,278,60,1,1,synthetic
PCL-3FBF1F32,PRJ-009,Land Identification,0,2024-01-24,2024-02-08,2024-02-10,17,15,1,0,synthetic
PCL-3FBF1F32,PRJ-009,Survey/Parcel Mapping,1,2024-02-10,2024-03-11,2024-03-28,47,30,1,0,synthetic
PCL-3FBF1F32,PRJ-009,Ownership Verification,2,2024-03-28,2024-05-12,2024-05-29,62,45,1,0,synthetic
PCL-3FBF1F32,PRJ-009,Notification,3,2024-05-29,2024-06-18,2024-06-16,18,20,0,0,synthetic
PCL-3FBF1F32,PRJ-009,Objections/Hearings,4,2024-06-16,2024-07-16,,442,30,1,1,synthetic
PCL-36641D2A,PRJ-009,Land Identification,0,2024-03-17,2024-04-01,2024-03-26,9,15,0,0,synthetic
PCL-36641D2A,PRJ-009,Survey/Parcel Mapping,1,2024-03-26,2024-04-25,,524,30,1,1,synthetic
PCL-A027BF94,PRJ-009,Land Identification,0,2024-02-10,2024-02-25,2024-02-28,18,15,1,0,synthetic
PCL-A027BF94,PRJ-009,Survey/Parcel Mapping,1,2024-02-28,2024-03-29,,551,30,1,1,synthetic
PCL-975DF8B5,PRJ-009,Land Identification,0,2024-01-07,2024-01-22,2024-01-31,24,15,1,0,synthetic
PCL-975DF8B5,PRJ-009,Survey/Parcel Mapping,1,2024-01-31,2024-03-01,2024-03-12,41,30,1,0,synthetic
PCL-975DF8B5,PRJ-009,Ownership Verification,2,2024-03-12,2024-04-26,2024-06-03,83,45,1,0,synthetic
PCL-975DF8B5,PRJ-009,Notification,3,2024-06-03,2024-06-23,2024-06-20,17,20,0,0,synthetic
PCL-975DF8B5,PRJ-009,Objections/Hearings,4,2024-06-20,2024-07-20,2024-10-22,124,30,1,0,synthetic
PCL-975DF8B5,PRJ-009,Compensation Assessment,5,2024-10-22,2024-12-01,,314,40,1,1,synthetic
PCL-01055E65,PRJ-009,Land Identification,0,2024-01-28,2024-02-12,2024-02-15,18,15,1,0,synthetic
PCL-01055E65,PRJ-009,Survey/Parcel Mapping,1,2024-02-15,2024-03-16,2024-03-05,19,30,0,0,synthetic
PCL-01055E65,PRJ-009,Ownership Verification,2,2024-03-05,2024-04-19,2024-04-04,30,45,0,0,synthetic
PCL-01055E65,PRJ-009,Notification,3,2024-04-04,2024-04-24,,515,20,1,1,synthetic
PCL-92B49004,PRJ-009,Land Identification,0,2024-01-12,2024-01-27,2024-01-24,12,15,0,0,synthetic
PCL-92B49004,PRJ-009,Survey/Parcel Mapping,1,2024-01-24,2024-02-23,2024-02-22,29,30,0,0,synthetic
PCL-92B49004,PRJ-009,Ownership Verification,2,2024-02-22,2024-04-07,,557,45,1,1,synthetic
PCL-11CF98D3,PRJ-009,Land Identification,0,2024-01-10,2024-01-25,2024-01-26,16,15,1,0,synthetic
PCL-11CF98D3,PRJ-009,Survey/Parcel Mapping,1,2024-01-26,2024-02-25,2024-03-04,38,30,1,0,synthetic
PCL-11CF98D3,PRJ-009,Ownership Verification,2,2024-03-04,2024-04-18,2024-04-29,56,45,1,0,synthetic
PCL-11CF98D3,PRJ-009,Notification,3,2024-04-29,2024-05-19,2024-05-19,20,20,0,0,synthetic
PCL-11CF98D3,PRJ-009,Objections/Hearings,4,2024-05-19,2024-06-18,2024-09-07,111,30,1,0,synthetic
PCL-11CF98D3,PRJ-009,Compensation Assessment,5,2024-09-07,2024-10-17,2024-10-02,25,40,0,0,synthetic
PCL-11CF98D3,PRJ-009,Compensation Disbursement,6,2024-10-02,2024-11-01,,334,30,1,1,synthetic
PCL-C0108DA0,PRJ-009,Land Identification,0,2024-02-22,2024-03-08,2024-03-05,12,15,0,0,synthetic
PCL-C0108DA0,PRJ-009,Survey/Parcel Mapping,1,2024-03-05,2024-04-04,2024-04-09,35,30,1,0,synthetic
PCL-C0108DA0,PRJ-009,Ownership Verification,2,2024-04-09,2024-05-24,,510,45,1,1,synthetic
PCL-B2832E0A,PRJ-009,Land Identification,0,2024-03-18,2024-04-02,2024-04-06,19,15,1,0,synthetic
PCL-B2832E0A,PRJ-009,Survey/Parcel Mapping,1,2024-04-06,2024-05-06,2024-05-12,36,30,1,0,synthetic
PCL-B2832E0A,PRJ-009,Ownership Verification,2,2024-05-12,2024-06-26,2024-06-11,30,45,0,0,synthetic
PCL-B2832E0A,PRJ-009,Notification,3,2024-06-11,2024-07-01,,447,20,1,1,synthetic
PCL-B5415B0B,PRJ-009,Land Identification,0,2024-03-18,2024-04-02,2024-04-08,21,15,1,0,synthetic
PCL-B5415B0B,PRJ-009,Survey/Parcel Mapping,1,2024-04-08,2024-05-08,2024-05-19,41,30,1,0,synthetic
PCL-B5415B0B,PRJ-009,Ownership Verification,2,2024-05-19,2024-07-03,2024-07-17,59,45,1,0,synthetic
PCL-B5415B0B,PRJ-009,Notification,3,2024-07-17,2024-08-06,2024-08-10,24,20,1,0,synthetic
PCL-B5415B0B,PRJ-009,Objections/Hearings,4,2024-08-10,2024-09-09,,387,30,1,1,synthetic
PCL-76508B5B,PRJ-009,Land Identification,0,2024-03-26,2024-04-10,2024-04-14,19,15,1,0,synthetic
PCL-76508B5B,PRJ-009,Survey/Parcel Mapping,1,2024-04-14,2024-05-14,2024-05-05,21,30,0,0,synthetic
PCL-76508B5B,PRJ-009,Ownership Verification,2,2024-05-05,2024-06-19,2024-06-14,40,45,0,0,synthetic
PCL-76508B5B,PRJ-009,Notification,3,2024-06-14,2024-07-04,2024-07-12,28,20,1,0,synthetic
PCL-76508B5B,PRJ-009,Objections/Hearings,4,2024-07-12,2024-08-11,2024-09-18,68,30,1,0,synthetic
PCL-76508B5B,PRJ-009,Compensation Assessment,5,2024-09-18,2024-10-28,2024-11-01,44,40,1,0,synthetic
PCL-76508B5B,PRJ-009,Compensation Disbursement,6,2024-11-01,2024-12-01,,304,30,1,1,synthetic
PCL-4D1F19B7,PRJ-009,Land Identification,0,2024-01-09,2024-01-24,2024-01-28,19,15,1,0,synthetic
PCL-4D1F19B7,PRJ-009,Survey/Parcel Mapping,1,2024-01-28,2024-02-27,2024-02-18,21,30,0,0,synthetic
PCL-4D1F19B7,PRJ-009,Ownership Verification,2,2024-02-18,2024-04-03,2024-03-27,38,45,0,0,synthetic
PCL-4D1F19B7,PRJ-009,Notification,3,2024-03-27,2024-04-16,,523,20,1,1,synthetic
PCL-155DDB2C,PRJ-009,Land Identification,0,2024-03-15,2024-03-30,2024-03-23,8,15,0,0,synthetic
PCL-155DDB2C,PRJ-009,Survey/Parcel Mapping,1,2024-03-23,2024-04-22,2024-05-01,39,30,1,0,synthetic
PCL-155DDB2C,PRJ-009,Ownership Verification,2,2024-05-01,2024-06-15,2024-06-23,53,45,1,0,synthetic
PCL-155DDB2C,PRJ-009,Notification,3,2024-06-23,2024-07-13,2024-07-07,14,20,0,0,synthetic
PCL-155DDB2C,PRJ-009,Objections/Hearings,4,2024-07-07,2024-08-06,2024-10-15,100,30,1,0,synthetic
PCL-155DDB2C,PRJ-009,Compensation Assessment,5,2024-10-15,2024-11-24,2024-12-09,55,40,1,0,synthetic
PCL-155DDB2C,PRJ-009,Compensation Disbursement,6,2024-12-09,2025-01-08,2025-01-16,38,30,1,0,synthetic
PCL-155DDB2C,PRJ-009,Rehabilitation & Resettlement,7,2025-01-16,2025-03-17,,228,60,1,1,synthetic
PCL-06A12170,PRJ-009,Land Identification,0,2024-01-28,2024-02-12,2024-02-16,19,15,1,0,synthetic
PCL-06A12170,PRJ-009,Survey/Parcel Mapping,1,2024-02-16,2024-03-17,2024-03-22,35,30,1,0,synthetic
PCL-06A12170,PRJ-009,Ownership Verification,2,2024-03-22,2024-05-06,2024-05-13,52,45,1,0,synthetic
PCL-06A12170,PRJ-009,Notification,3,2024-05-13,2024-06-02,2024-05-28,15,20,0,0,synthetic
PCL-06A12170,PRJ-009,Objections/Hearings,4,2024-05-28,2024-06-27,2024-10-09,134,30,1,0,synthetic
PCL-06A12170,PRJ-009,Compensation Assessment,5,2024-10-09,2024-11-18,,327,40,1,1,synthetic
PCL-6D683C40,PRJ-009,Land Identification,0,2024-01-27,2024-02-11,,583,15,1,1,synthetic
PCL-EE0075FF,PRJ-009,Land Identification,0,2024-02-20,2024-03-06,2024-03-16,25,15,1,0,synthetic
PCL-EE0075FF,PRJ-009,Survey/Parcel Mapping,1,2024-03-16,2024-04-15,2024-04-25,40,30,1,0,synthetic
PCL-EE0075FF,PRJ-009,Ownership Verification,2,2024-04-25,2024-06-09,2024-06-03,39,45,0,0,synthetic
PCL-EE0075FF,PRJ-009,Notification,3,2024-06-03,2024-06-23,2024-06-18,15,20,0,0,synthetic
PCL-EE0075FF,PRJ-009,Objections/Hearings,4,2024-06-18,2024-07-18,2024-10-05,109,30,1,0,synthetic
PCL-EE0075FF,PRJ-009,Compensation Assessment,5,2024-10-05,2024-11-14,,331,40,1,1,synthetic
PCL-FA37EC2C,PRJ-009,Land Identification,0,2024-03-23,2024-04-07,2024-04-02,10,15,0,0,synthetic
PCL-FA37EC2C,PRJ-009,Survey/Parcel Mapping,1,2024-04-02,2024-05-02,2024-05-08,36,30,1,0,synthetic
PCL-FA37EC2C,PRJ-009,Ownership Verification,2,2024-05-08,2024-06-22,2024-06-15,38,45,0,0,synthetic
PCL-FA37EC2C,PRJ-009,Notification,3,2024-06-15,2024-07-05,2024-07-10,25,20,1,0,synthetic
PCL-FA37EC2C,PRJ-009,Objections/Hearings,4,2024-07-10,2024-08-09,2024-10-06,88,30,1,0,synthetic
PCL-FA37EC2C,PRJ-009,Compensation Assessment,5,2024-10-06,2024-11-15,2024-11-09,34,40,0,0,synthetic
PCL-FA37EC2C,PRJ-009,Compensation Disbursement,6,2024-11-09,2024-12-09,2024-12-15,36,30,1,0,synthetic
PCL-FA37EC2C,PRJ-009,Rehabilitation & Resettlement,7,2024-12-15,2025-02-13,2025-02-17,64,60,1,0,synthetic
PCL-FA37EC2C,PRJ-009,Possession,8,2025-02-17,2025-03-04,2025-03-02,13,15,0,0,synthetic
PCL-FA37EC2C,PRJ-009,Closure/Handover,9,2025-03-02,2025-03-12,,183,10,1,1,synthetic
PCL-891138AB,PRJ-009,Land Identification,0,2024-02-29,2024-03-15,2024-03-15,15,15,0,0,synthetic
PCL-891138AB,PRJ-009,Survey/Parcel Mapping,1,2024-03-15,2024-04-14,2024-04-21,37,30,1,0,synthetic
PCL-891138AB,PRJ-009,Ownership Verification,2,2024-04-21,2024-06-05,2024-06-30,70,45,1,0,synthetic
PCL-891138AB,PRJ-009,Notification,3,2024-06-30,2024-07-20,2024-07-13,13,20,0,0,synthetic
PCL-891138AB,PRJ-009,Objections/Hearings,4,2024-07-13,2024-08-12,2024-11-13,123,30,1,0,synthetic
PCL-891138AB,PRJ-009,Compensation Assessment,5,2024-11-13,2024-12-23,2025-01-05,53,40,1,0,synthetic
PCL-891138AB,PRJ-009,Compensation Disbursement,6,2025-01-05,2025-02-04,2025-03-06,60,30,1,0,synthetic
PCL-891138AB,PRJ-009,Rehabilitation & Resettlement,7,2025-03-06,2025-05-05,,179,60,1,1,synthetic
PCL-E9F305BB,PRJ-009,Land Identification,0,2024-02-27,2024-03-13,2024-03-23,25,15,1,0,synthetic
PCL-E9F305BB,PRJ-009,Survey/Parcel Mapping,1,2024-03-23,2024-04-22,,527,30,1,1,synthetic
PCL-E2B21FE0,PRJ-009,Land Identification,0,2024-03-26,2024-04-10,2024-04-09,14,15,0,0,synthetic
PCL-E2B21FE0,PRJ-009,Survey/Parcel Mapping,1,2024-04-09,2024-05-09,2024-05-03,24,30,0,0,synthetic
PCL-E2B21FE0,PRJ-009,Ownership Verification,2,2024-05-03,2024-06-17,2024-06-22,50,45,1,0,synthetic
PCL-E2B21FE0,PRJ-009,Notification,3,2024-06-22,2024-07-12,2024-07-19,27,20,1,0,synthetic
PCL-E2B21FE0,PRJ-009,Objections/Hearings,4,2024-07-19,2024-08-18,2024-11-18,122,30,1,0,synthetic
PCL-E2B21FE0,PRJ-009,Compensation Assessment,5,2024-11-18,2024-12-28,2025-01-22,65,40,1,0,synthetic
PCL-E2B21FE0,PRJ-009,Compensation Disbursement,6,2025-01-22,2025-02-21,2025-03-08,45,30,1,0,synthetic
PCL-E2B21FE0,PRJ-009,Rehabilitation & Resettlement,7,2025-03-08,2025-05-07,,177,60,1,1,synthetic
PCL-B73C8116,PRJ-009,Land Identification,0,2024-03-28,2024-04-12,2024-04-07,10,15,0,0,synthetic
PCL-B73C8116,PRJ-009,Survey/Parcel Mapping,1,2024-04-07,2024-05-07,2024-05-11,34,30,1,0,synthetic
PCL-B73C8116,PRJ-009,Ownership Verification,2,2024-05-11,2024-06-25,,478,45,1,1,synthetic
PCL-71B86EEA,PRJ-009,Land Identification,0,2024-03-17,2024-04-01,2024-03-24,7,15,0,0,synthetic
PCL-71B86EEA,PRJ-009,Survey/Parcel Mapping,1,2024-03-24,2024-04-23,2024-04-29,36,30,1,0,synthetic
PCL-71B86EEA,PRJ-009,Ownership Verification,2,2024-04-29,2024-06-13,2024-06-17,49,45,1,0,synthetic
PCL-71B86EEA,PRJ-009,Notification,3,2024-06-17,2024-07-07,2024-07-05,18,20,0,0,synthetic
PCL-71B86EEA,PRJ-009,Objections/Hearings,4,2024-07-05,2024-08-04,2024-09-29,86,30,1,0,synthetic
PCL-71B86EEA,PRJ-009,Compensation Assessment,5,2024-09-29,2024-11-08,2024-12-04,66,40,1,0,synthetic
PCL-71B86EEA,PRJ-009,Compensation Disbursement,6,2024-12-04,2025-01-03,2024-12-29,25,30,0,0,synthetic
PCL-71B86EEA,PRJ-009,Rehabilitation & Resettlement,7,2024-12-29,2025-02-27,2025-03-06,67,60,1,0,synthetic
PCL-71B86EEA,PRJ-009,Possession,8,2025-03-06,2025-03-21,,179,15,1,1,synthetic
PCL-475DD3AF,PRJ-009,Land Identification,0,2024-02-28,2024-03-14,2024-03-22,23,15,1,0,synthetic
PCL-475DD3AF,PRJ-009,Survey/Parcel Mapping,1,2024-03-22,2024-04-21,2024-04-10,19,30,0,0,synthetic
PCL-475DD3AF,PRJ-009,Ownership Verification,2,2024-04-10,2024-05-25,2024-05-10,30,45,0,0,synthetic
PCL-475DD3AF,PRJ-009,Notification,3,2024-05-10,2024-05-30,,479,20,1,1,synthetic
PCL-C6B74174,PRJ-009,Land Identification,0,2024-02-16,2024-03-02,,563,15,1,1,synthetic
PCL-044BC0DB,PRJ-009,Land Identification,0,2024-01-25,2024-02-09,2024-02-07,13,15,0,0,synthetic
PCL-044BC0DB,PRJ-009,Survey/Parcel Mapping,1,2024-02-07,2024-03-08,2024-03-09,31,30,1,0,synthetic
PCL-044BC0DB,PRJ-009,Ownership Verification,2,2024-03-09,2024-04-23,2024-04-13,35,45,0,0,synthetic
PCL-044BC0DB,PRJ-009,Notification,3,2024-04-13,2024-05-03,2024-05-15,32,20,1,0,synthetic
PCL-044BC0DB,PRJ-009,Objections/Hearings,4,2024-05-15,2024-06-14,2024-09-04,112,30,1,0,synthetic
PCL-044BC0DB,PRJ-009,Compensation Assessment,5,2024-09-04,2024-10-14,,362,40,1,1,synthetic
PCL-89659C97,PRJ-009,Land Identification,0,2024-01-15,2024-01-30,2024-01-29,14,15,0,0,synthetic
PCL-89659C97,PRJ-009,Survey/Parcel Mapping,1,2024-01-29,2024-02-28,,581,30,1,1,synthetic
PCL-B8B3FAFB,PRJ-009,Land Identification,0,2024-02-13,2024-02-28,2024-02-21,8,15,0,0,synthetic
PCL-B8B3FAFB,PRJ-009,Survey/Parcel Mapping,1,2024-02-21,2024-03-22,2024-03-10,18,30,0,0,synthetic
PCL-B8B3FAFB,PRJ-009,Ownership Verification,2,2024-03-10,2024-04-24,2024-04-09,30,45,0,0,synthetic
PCL-B8B3FAFB,PRJ-009,Notification,3,2024-04-09,2024-04-29,2024-04-28,19,20,0,0,synthetic
PCL-B8B3FAFB,PRJ-009,Objections/Hearings,4,2024-04-28,2024-05-28,2024-08-09,103,30,1,0,synthetic
PCL-B8B3FAFB,PRJ-009,Compensation Assessment,5,2024-08-09,2024-09-18,2024-09-21,43,40,1,0,synthetic
PCL-B8B3FAFB,PRJ-009,Compensation Disbursement,6,2024-09-21,2024-10-21,,345,30,1,1,synthetic
PCL-52FCDA98,PRJ-009,Land Identification,0,2024-02-04,2024-02-19,2024-02-22,18,15,1,0,synthetic
PCL-52FCDA98,PRJ-009,Survey/Parcel Mapping,1,2024-02-22,2024-03-23,2024-03-31,38,30,1,0,synthetic
PCL-52FCDA98,PRJ-009,Ownership Verification,2,2024-03-31,2024-05-15,2024-05-28,58,45,1,0,synthetic
PCL-52FCDA98,PRJ-009,Notification,3,2024-05-28,2024-06-17,2024-06-15,18,20,0,0,synthetic
PCL-52FCDA98,PRJ-009,Objections/Hearings,4,2024-06-15,2024-07-15,2024-09-20,97,30,1,0,synthetic
PCL-52FCDA98,PRJ-009,Compensation Assessment,5,2024-09-20,2024-10-30,,346,40,1,1,synthetic
PCL-56B59E70,PRJ-009,Land Identification,0,2024-02-22,2024-03-08,2024-03-02,9,15,0,0,synthetic
PCL-56B59E70,PRJ-009,Survey/Parcel Mapping,1,2024-03-02,2024-04-01,2024-04-15,44,30,1,0,synthetic
PCL-56B59E70,PRJ-009,Ownership Verification,2,2024-04-15,2024-05-30,2024-06-09,55,45,1,0,synthetic
PCL-56B59E70,PRJ-009,Notification,3,2024-06-09,2024-06-29,,449,20,1,1,synthetic
PCL-407E484D,PRJ-009,Land Identification,0,2024-03-23,2024-04-07,2024-04-21,29,15,1,0,synthetic
PCL-407E484D,PRJ-009,Survey/Parcel Mapping,1,2024-04-21,2024-05-21,2024-06-10,50,30,1,0,synthetic
PCL-407E484D,PRJ-009,Ownership Verification,2,2024-06-10,2024-07-25,2024-07-11,31,45,0,0,synthetic
PCL-407E484D,PRJ-009,Notification,3,2024-07-11,2024-07-31,2024-07-24,13,20,0,0,synthetic
PCL-407E484D,PRJ-009,Objections/Hearings,4,2024-07-24,2024-08-23,2024-11-15,114,30,1,0,synthetic
PCL-407E484D,PRJ-009,Compensation Assessment,5,2024-11-15,2024-12-25,2024-12-02,17,40,0,0,synthetic
PCL-407E484D,PRJ-009,Compensation Disbursement,6,2024-12-02,2025-01-01,2025-01-02,31,30,1,0,synthetic
PCL-407E484D,PRJ-009,Rehabilitation & Resettlement,7,2025-01-02,2025-03-03,2025-03-08,65,60,1,0,synthetic
PCL-407E484D,PRJ-009,Possession,8,2025-03-08,2025-03-23,2025-03-20,12,15,0,0,synthetic
PCL-407E484D,PRJ-009,Closure/Handover,9,2025-03-20,2025-03-30,,165,10,1,1,synthetic
PCL-66514CC9,PRJ-009,Land Identification,0,2024-02-03,2024-02-18,,576,15,1,1,synthetic
PCL-FA293AB7,PRJ-009,Land Identification,0,2024-03-15,2024-03-30,2024-04-01,17,15,1,0,synthetic
PCL-FA293AB7,PRJ-009,Survey/Parcel Mapping,1,2024-04-01,2024-05-01,2024-04-24,23,30,0,0,synthetic
PCL-FA293AB7,PRJ-009,Ownership Verification,2,2024-04-24,2024-06-08,2024-05-11,17,45,0,0,synthetic
PCL-FA293AB7,PRJ-009,Notification,3,2024-05-11,2024-05-31,2024-05-27,16,20,0,0,synthetic
PCL-FA293AB7,PRJ-009,Objections/Hearings,4,2024-05-27,2024-06-26,,462,30,1,1,synthetic
PCL-FAC0BECA,PRJ-009,Land Identification,0,2024-02-23,2024-03-09,2024-03-08,14,15,0,0,synthetic
PCL-FAC0BECA,PRJ-009,Survey/Parcel Mapping,1,2024-03-08,2024-04-07,2024-03-29,21,30,0,0,synthetic
PCL-FAC0BECA,PRJ-009,Ownership Verification,2,2024-03-29,2024-05-13,2024-04-20,22,45,0,0,synthetic
PCL-FAC0BECA,PRJ-009,Notification,3,2024-04-20,2024-05-10,2024-05-11,21,20,1,0,synthetic
PCL-FAC0BECA,PRJ-009,Objections/Hearings,4,2024-05-11,2024-06-10,,478,30,1,1,synthetic
PCL-8816C774,PRJ-009,Land Identification,0,2024-02-22,2024-03-08,2024-03-08,15,15,0,0,synthetic
PCL-8816C774,PRJ-009,Survey/Parcel Mapping,1,2024-03-08,2024-04-07,2024-04-15,38,30,1,0,synthetic
PCL-8816C774,PRJ-009,Ownership Verification,2,2024-04-15,2024-05-30,2024-05-27,42,45,0,0,synthetic
PCL-8816C774,PRJ-009,Notification,3,2024-05-27,2024-06-16,2024-06-09,13,20,0,0,synthetic
PCL-8816C774,PRJ-009,Objections/Hearings,4,2024-06-09,2024-07-09,2024-09-23,106,30,1,0,synthetic
PCL-8816C774,PRJ-009,Compensation Assessment,5,2024-09-23,2024-11-02,2024-11-13,51,40,1,0,synthetic
PCL-8816C774,PRJ-009,Compensation Disbursement,6,2024-11-13,2024-12-13,,292,30,1,1,synthetic
PCL-602B02F6,PRJ-009,Land Identification,0,2024-02-21,2024-03-07,2024-02-28,7,15,0,0,synthetic
PCL-602B02F6,PRJ-009,Survey/Parcel Mapping,1,2024-02-28,2024-03-29,2024-03-25,26,30,0,0,synthetic
PCL-602B02F6,PRJ-009,Ownership Verification,2,2024-03-25,2024-05-09,2024-06-23,90,45,1,0,synthetic
PCL-602B02F6,PRJ-009,Notification,3,2024-06-23,2024-07-13,,435,20,1,1,synthetic
PCL-40B88729,PRJ-011,Land Identification,0,2024-02-23,2024-03-09,2024-03-07,13,15,0,0,synthetic
PCL-40B88729,PRJ-011,Survey/Parcel Mapping,1,2024-03-07,2024-04-06,2024-04-07,31,30,1,0,synthetic
PCL-40B88729,PRJ-011,Ownership Verification,2,2024-04-07,2024-05-22,2024-05-16,39,45,0,0,synthetic
PCL-40B88729,PRJ-011,Notification,3,2024-05-16,2024-06-05,2024-05-29,13,20,0,0,synthetic
PCL-40B88729,PRJ-011,Objections/Hearings,4,2024-05-29,2024-06-28,,460,30,1,1,synthetic
PCL-5454A992,PRJ-011,Land Identification,0,2024-01-09,2024-01-24,2024-01-27,18,15,1,0,synthetic
PCL-5454A992,PRJ-011,Survey/Parcel Mapping,1,2024-01-27,2024-02-26,2024-02-17,21,30,0,0,synthetic
PCL-5454A992,PRJ-011,Ownership Verification,2,2024-02-17,2024-04-02,,562,45,1,1,synthetic
PCL-81D5C63C,PRJ-011,Land Identification,0,2024-03-13,2024-03-28,2024-04-03,21,15,1,0,synthetic
PCL-81D5C63C,PRJ-011,Survey/Parcel Mapping,1,2024-04-03,2024-05-03,2024-05-01,28,30,0,0,synthetic
PCL-81D5C63C,PRJ-011,Ownership Verification,2,2024-05-01,2024-06-15,2024-06-18,48,45,1,0,synthetic
PCL-81D5C63C,PRJ-011,Notification,3,2024-06-18,2024-07-08,2024-07-12,24,20,1,0,synthetic
PCL-81D5C63C,PRJ-011,Objections/Hearings,4,2024-07-12,2024-08-11,2024-08-17,36,30,1,0,synthetic
PCL-81D5C63C,PRJ-011,Compensation Assessment,5,2024-08-17,2024-09-26,2024-10-07,51,40,1,0,synthetic
PCL-81D5C63C,PRJ-011,Compensation Disbursement,6,2024-10-07,2024-11-06,2025-01-21,106,30,1,0,synthetic
PCL-81D5C63C,PRJ-011,Rehabilitation & Resettlement,7,2025-01-21,2025-03-22,2025-04-01,70,60,1,0,synthetic
PCL-81D5C63C,PRJ-011,Possession,8,2025-04-01,2025-04-16,2025-04-14,13,15,0,0,synthetic
PCL-81D5C63C,PRJ-011,Closure/Handover,9,2025-04-14,2025-04-24,,140,10,1,1,synthetic
PCL-4A67198A,PRJ-011,Land Identification,0,2024-03-19,2024-04-03,2024-04-02,14,15,0,0,synthetic
PCL-4A67198A,PRJ-011,Survey/Parcel Mapping,1,2024-04-02,2024-05-02,2024-04-23,21,30,0,0,synthetic
PCL-4A67198A,PRJ-011,Ownership Verification,2,2024-04-23,2024-06-07,2024-05-18,25,45,0,0,synthetic
PCL-4A67198A,PRJ-011,Notification,3,2024-05-18,2024-06-07,2024-06-11,24,20,1,0,synthetic
PCL-4A67198A,PRJ-011,Objections/Hearings,4,2024-06-11,2024-07-11,2024-07-08,27,30,0,0,synthetic
PCL-4A67198A,PRJ-011,Compensation Assessment,5,2024-07-08,2024-08-17,2024-08-19,42,40,1,0,synthetic
PCL-4A67198A,PRJ-011,Compensation Disbursement,6,2024-08-19,2024-09-18,,378,30,1,1,synthetic
PCL-58F3CCD1,PRJ-011,Land Identification,0,2024-01-03,2024-01-18,2024-01-14,11,15,0,0,synthetic
PCL-58F3CCD1,PRJ-011,Survey/Parcel Mapping,1,2024-01-14,2024-02-13,2024-02-22,39,30,1,0,synthetic
PCL-58F3CCD1,PRJ-011,Ownership Verification,2,2024-02-22,2024-04-07,2024-03-19,26,45,0,0,synthetic
PCL-58F3CCD1,PRJ-011,Notification,3,2024-03-19,2024-04-08,2024-03-30,11,20,0,0,synthetic
PCL-58F3CCD1,PRJ-011,Objections/Hearings,4,2024-03-30,2024-04-29,,520,30,1,1,synthetic
PCL-ADE59C01,PRJ-011,Land Identification,0,2024-03-09,2024-03-24,2024-03-20,11,15,0,0,synthetic
PCL-ADE59C01,PRJ-011,Survey/Parcel Mapping,1,2024-03-20,2024-04-19,2024-04-12,23,30,0,0,synthetic
PCL-ADE59C01,PRJ-011,Ownership Verification,2,2024-04-12,2024-05-27,2024-06-06,55,45,1,0,synthetic
PCL-ADE59C01,PRJ-011,Notification,3,2024-06-06,2024-06-26,2024-06-25,19,20,0,0,synthetic
PCL-ADE59C01,PRJ-011,Objections/Hearings,4,2024-06-25,2024-07-25,,433,30,1,1,synthetic
PCL-A59E6875,PRJ-011,Land Identification,0,2024-03-04,2024-03-19,2024-03-19,15,15,0,0,synthetic
PCL-A59E6875,PRJ-011,Survey/Parcel Mapping,1,2024-03-19,2024-04-18,2024-05-01,43,30,1,0,synthetic
PCL-A59E6875,PRJ-011,Ownership Verification,2,2024-05-01,2024-06-15,2024-06-28,58,45,1,0,synthetic
PCL-A59E6875,PRJ-011,Notification,3,2024-06-28,2024-07-18,2024-07-16,18,20,0,0,synthetic
PCL-A59E6875,PRJ-011,Objections/Hearings,4,2024-07-16,2024-08-15,,412,30,1,1,synthetic
PCL-A958A837,PRJ-011,Land Identification,0,2024-03-01,2024-03-16,,549,15,1,1,synthetic
PCL-5F0FDDE8,PRJ-011,Land Identification,0,2024-01-15,2024-01-30,2024-02-04,20,15,1,0,synthetic
PCL-5F0FDDE8,PRJ-011,Survey/Parcel Mapping,1,2024-02-04,2024-03-05,2024-03-07,32,30,1,0,synthetic
PCL-5F0FDDE8,PRJ-011,Ownership Verification,2,2024-03-07,2024-04-21,2024-04-06,30,45,0,0,synthetic
PCL-5F0FDDE8,PRJ-011,Notification,3,2024-04-06,2024-04-26,2024-04-20,14,20,0,0,synthetic
PCL-5F0FDDE8,PRJ-011,Objections/Hearings,4,2024-04-20,2024-05-20,2024-05-19,29,30,0,0,synthetic
PCL-5F0FDDE8,PRJ-011,Compensation Assessment,5,2024-05-19,2024-06-28,2024-07-19,61,40,1,0,synthetic
PCL-5F0FDDE8,PRJ-011,Compensation Disbursement,6,2024-07-19,2024-08-18,2024-09-21,64,30,1,0,synthetic
PCL-5F0FDDE8,PRJ-011,Rehabilitation & Resettlement,7,2024-09-21,2024-11-20,,345,60,1,1,synthetic
PCL-91D8D99B,PRJ-011,Land Identification,0,2024-03-03,2024-03-18,2024-03-13,10,15,0,0,synthetic
PCL-91D8D99B,PRJ-011,Survey/Parcel Mapping,1,2024-03-13,2024-04-12,2024-04-05,23,30,0,0,synthetic
PCL-91D8D99B,PRJ-011,Ownership Verification,2,2024-04-05,2024-05-20,,514,45,1,1,synthetic
PCL-88EA0495,PRJ-011,Land Identification,0,2024-03-26,2024-04-10,2024-04-08,13,15,0,0,synthetic
PCL-88EA0495,PRJ-011,Survey/Parcel Mapping,1,2024-04-08,2024-05-08,2024-05-15,37,30,1,0,synthetic
PCL-88EA0495,PRJ-011,Ownership Verification,2,2024-05-15,2024-06-29,2024-07-01,47,45,1,0,synthetic
PCL-88EA0495,PRJ-011,Notification,3,2024-07-01,2024-07-21,2024-07-30,29,20,1,0,synthetic
PCL-88EA0495,PRJ-011,Objections/Hearings,4,2024-07-30,2024-08-29,2024-08-29,30,30,0,0,synthetic
PCL-88EA0495,PRJ-011,Compensation Assessment,5,2024-08-29,2024-10-08,2024-10-15,47,40,1,0,synthetic
PCL-88EA0495,PRJ-011,Compensation Disbursement,6,2024-10-15,2024-11-14,2024-12-28,74,30,1,0,synthetic
PCL-88EA0495,PRJ-011,Rehabilitation & Resettlement,7,2024-12-28,2025-02-26,2025-03-16,78,60,1,0,synthetic
PCL-88EA0495,PRJ-011,Possession,8,2025-03-16,2025-03-31,,169,15,1,1,synthetic
PCL-521B2CC0,PRJ-011,Land Identification,0,2024-01-31,2024-02-15,2024-02-13,13,15,0,0,synthetic
PCL-521B2CC0,PRJ-011,Survey/Parcel Mapping,1,2024-02-13,2024-03-14,2024-03-11,27,30,0,0,synthetic
PCL-521B2CC0,PRJ-011,Ownership Verification,2,2024-03-11,2024-04-25,2024-04-04,24,45,0,0,synthetic
PCL-521B2CC0,PRJ-011,Notification,3,2024-04-04,2024-04-24,,515,20,1,1,synthetic
PCL-08DF24A8,PRJ-011,Land Identification,0,2024-03-02,2024-03-17,2024-03-19,17,15,1,0,synthetic
PCL-08DF24A8,PRJ-011,Survey/Parcel Mapping,1,2024-03-19,2024-04-18,2024-04-21,33,30,1,0,synthetic
PCL-08DF24A8,PRJ-011,Ownership Verification,2,2024-04-21,2024-06-05,2024-06-15,55,45,1,0,synthetic
PCL-08DF24A8,PRJ-011,Notification,3,2024-06-15,2024-07-05,2024-07-10,25,20,1,0,synthetic
PCL-08DF24A8,PRJ-011,Objections/Hearings,4,2024-07-10,2024-08-09,2024-08-04,25,30,0,0,synthetic
PCL-08DF24A8,PRJ-011,Compensation Assessment,5,2024-08-04,2024-09-13,,393,40,1,1,synthetic
PCL-C44325E4,PRJ-011,Land Identification,0,2024-01-26,2024-02-10,,584,15,1,1,synthetic
PCL-FCF80CDC,PRJ-011,Land Identification,0,2024-01-29,2024-02-13,2024-02-13,15,15,0,0,synthetic
PCL-FCF80CDC,PRJ-011,Survey/Parcel Mapping,1,2024-02-13,2024-03-14,2024-03-01,17,30,0,0,synthetic
PCL-FCF80CDC,PRJ-011,Ownership Verification,2,2024-03-01,2024-04-15,,549,45,1,1,synthetic
PCL-DFB64283,PRJ-011,Land Identification,0,2024-02-18,2024-03-04,2024-02-27,9,15,0,0,synthetic
PCL-DFB64283,PRJ-011,Survey/Parcel Mapping,1,2024-02-27,2024-03-28,,552,30,1,1,synthetic
PCL-DBAB655B,PRJ-011,Land Identification,0,2024-01-22,2024-02-06,2024-02-23,32,15,1,0,synthetic
PCL-DBAB655B,PRJ-011,Survey/Parcel Mapping,1,2024-02-23,2024-03-24,2024-03-28,34,30,1,0,synthetic
PCL-DBAB655B,PRJ-011,Ownership Verification,2,2024-03-28,2024-05-12,2024-05-30,63,45,1,0,synthetic
PCL-DBAB655B,PRJ-011,Notification,3,2024-05-30,2024-06-19,2024-06-19,20,20,0,0,synthetic
PCL-DBAB655B,PRJ-011,Objections/Hearings,4,2024-06-19,2024-07-19,2024-07-25,36,30,1,0,synthetic
PCL-DBAB655B,PRJ-011,Compensation Assessment,5,2024-07-25,2024-09-03,2024-09-07,44,40,1,0,synthetic
PCL-DBAB655B,PRJ-011,Compensation Disbursement,6,2024-09-07,2024-10-07,,359,30,1,1,synthetic
PCL-A7FFCF4F,PRJ-011,Land Identification,0,2024-03-28,2024-04-12,2024-04-08,11,15,0,0,synthetic
PCL-A7FFCF4F,PRJ-011,Survey/Parcel Mapping,1,2024-04-08,2024-05-08,2024-05-05,27,30,0,0,synthetic
PCL-A7FFCF4F,PRJ-011,Ownership Verification,2,2024-05-05,2024-06-19,2024-07-18,74,45,1,0,synthetic
PCL-A7FFCF4F,PRJ-011,Notification,3,2024-07-18,2024-08-07,2024-08-01,14,20,0,0,synthetic
PCL-A7FFCF4F,PRJ-011,Objections/Hearings,4,2024-08-01,2024-08-31,2024-08-23,22,30,0,0,synthetic
PCL-A7FFCF4F,PRJ-011,Compensation Assessment,5,2024-08-23,2024-10-02,2024-10-23,61,40,1,0,synthetic
PCL-A7FFCF4F,PRJ-011,Compensation Disbursement,6,2024-10-23,2024-11-22,2024-12-31,69,30,1,0,synthetic
PCL-A7FFCF4F,PRJ-011,Rehabilitation & Resettlement,7,2024-12-31,2025-03-01,,244,60,1,1,synthetic
PCL-ABD3F5E8,PRJ-011,Land Identification,0,2024-01-13,2024-01-28,,597,15,1,1,synthetic
PCL-4651E9A2,PRJ-011,Land Identification,0,2024-03-17,2024-04-01,2024-03-26,9,15,0,0,synthetic
PCL-4651E9A2,PRJ-011,Survey/Parcel Mapping,1,2024-03-26,2024-04-25,2024-04-22,27,30,0,0,synthetic
PCL-4651E9A2,PRJ-011,Ownership Verification,2,2024-04-22,2024-06-06,2024-06-10,49,45,1,0,synthetic
PCL-4651E9A2,PRJ-011,Notification,3,2024-06-10,2024-06-30,,448,20,1,1,synthetic
PCL-41841544,PRJ-011,Land Identification,0,2024-02-03,2024-02-18,2024-02-14,11,15,0,0,synthetic
PCL-41841544,PRJ-011,Survey/Parcel Mapping,1,2024-02-14,2024-03-15,2024-03-08,23,30,0,0,synthetic
PCL-41841544,PRJ-011,Ownership Verification,2,2024-03-08,2024-04-22,2024-04-28,51,45,1,0,synthetic
PCL-41841544,PRJ-011,Notification,3,2024-04-28,2024-05-18,2024-05-08,10,20,0,0,synthetic
PCL-41841544,PRJ-011,Objections/Hearings,4,2024-05-08,2024-06-07,2024-06-04,27,30,0,0,synthetic
PCL-41841544,PRJ-011,Compensation Assessment,5,2024-06-04,2024-07-14,,454,40,1,1,synthetic
PCL-7B937555,PRJ-011,Land Identification,0,2024-02-22,2024-03-08,2024-03-06,13,15,0,0,synthetic
PCL-7B937555,PRJ-011,Survey/Parcel Mapping,1,2024-03-06,2024-04-05,2024-04-16,41,30,1,0,synthetic
PCL-7B937555,PRJ-011,Ownership Verification,2,2024-04-16,2024-05-31,2024-05-31,45,45,0,0,synthetic
PCL-7B937555,PRJ-011,Notification,3,2024-05-31,2024-06-20,2024-07-02,32,20,1,0,synthetic
PCL-7B937555,PRJ-011,Objections/Hearings,4,2024-07-02,2024-08-01,2024-08-01,30,30,0,0,synthetic
PCL-7B937555,PRJ-011,Compensation Assessment,5,2024-08-01,2024-09-10,,396,40,1,1,synthetic
PCL-751EE0E4,PRJ-011,Land Identification,0,2024-03-28,2024-04-12,,522,15,1,1,synthetic
PCL-803F0880,PRJ-011,Land Identification,0,2024-01-05,2024-01-20,2024-01-17,12,15,0,0,synthetic
PCL-803F0880,PRJ-011,Survey/Parcel Mapping,1,2024-01-17,2024-02-16,2024-03-01,44,30,1,0,synthetic
PCL-803F0880,PRJ-011,Ownership Verification,2,2024-03-01,2024-04-15,2024-04-24,54,45,1,0,synthetic
PCL-803F0880,PRJ-011,Notification,3,2024-04-24,2024-05-14,2024-05-31,37,20,1,0,synthetic
PCL-803F0880,PRJ-011,Objections/Hearings,4,2024-05-31,2024-06-30,2024-07-13,43,30,1,0,synthetic
PCL-803F0880,PRJ-011,Compensation Assessment,5,2024-07-13,2024-08-22,2024-08-12,30,40,0,0,synthetic
PCL-803F0880,PRJ-011,Compensation Disbursement,6,2024-08-12,2024-09-11,,385,30,1,1,synthetic
PCL-383AA74F,PRJ-011,Land Identification,0,2024-01-26,2024-02-10,2024-02-08,13,15,0,0,synthetic
PCL-383AA74F,PRJ-011,Survey/Parcel Mapping,1,2024-02-08,2024-03-09,2024-03-04,25,30,0,0,synthetic
PCL-383AA74F,PRJ-011,Ownership Verification,2,2024-03-04,2024-04-18,2024-04-22,49,45,1,0,synthetic
PCL-383AA74F,PRJ-011,Notification,3,2024-04-22,2024-05-12,2024-05-16,24,20,1,0,synthetic
PCL-383AA74F,PRJ-011,Objections/Hearings,4,2024-05-16,2024-06-15,2024-06-04,19,30,0,0,synthetic
PCL-383AA74F,PRJ-011,Compensation Assessment,5,2024-06-04,2024-07-14,2024-07-24,50,40,1,0,synthetic
PCL-383AA74F,PRJ-011,Compensation Disbursement,6,2024-07-24,2024-08-23,2024-10-06,74,30,1,0,synthetic
PCL-383AA74F,PRJ-011,Rehabilitation & Resettlement,7,2024-10-06,2024-12-05,2025-01-08,94,60,1,0,synthetic
PCL-383AA74F,PRJ-011,Possession,8,2025-01-08,2025-01-23,2025-01-26,18,15,1,0,synthetic
PCL-383AA74F,PRJ-011,Closure/Handover,9,2025-01-26,2025-02-05,,218,10,1,1,synthetic
PCL-28D55200,PRJ-011,Land Identification,0,2024-01-27,2024-02-11,,583,15,1,1,synthetic
PCL-30AF5AC9,PRJ-011,Land Identification,0,2024-03-29,2024-04-13,2024-04-16,18,15,1,0,synthetic
PCL-30AF5AC9,PRJ-011,Survey/Parcel Mapping,1,2024-04-16,2024-05-16,2024-05-10,24,30,0,0,synthetic
PCL-30AF5AC9,PRJ-011,Ownership Verification,2,2024-05-10,2024-06-24,2024-06-10,31,45,0,0,synthetic
PCL-30AF5AC9,PRJ-011,Notification,3,2024-06-10,2024-06-30,2024-06-27,17,20,0,0,synthetic
PCL-30AF5AC9,PRJ-011,Objections/Hearings,4,2024-06-27,2024-07-27,2024-07-16,19,30,0,0,synthetic
PCL-30AF5AC9,PRJ-011,Compensation Assessment,5,2024-07-16,2024-08-25,2024-08-17,32,40,0,0,synthetic
PCL-30AF5AC9,PRJ-011,Compensation Disbursement,6,2024-08-17,2024-09-16,2024-11-06,81,30,1,0,synthetic
PCL-30AF5AC9,PRJ-011,Rehabilitation & Resettlement,7,2024-11-06,2025-01-05,,299,60,1,1,synthetic
PCL-1604BCD9,PRJ-011,Land Identification,0,2024-01-03,2024-01-18,2024-01-23,20,15,1,0,synthetic
PCL-1604BCD9,PRJ-011,Survey/Parcel Mapping,1,2024-01-23,2024-02-22,2024-03-07,44,30,1,0,synthetic
PCL-1604BCD9,PRJ-011,Ownership Verification,2,2024-03-07,2024-04-21,2024-05-10,64,45,1,0,synthetic
PCL-1604BCD9,PRJ-011,Notification,3,2024-05-10,2024-05-30,2024-05-26,16,20,0,0,synthetic
PCL-1604BCD9,PRJ-011,Objections/Hearings,4,2024-05-26,2024-06-25,2024-06-08,13,30,0,0,synthetic
PCL-1604BCD9,PRJ-011,Compensation Assessment,5,2024-06-08,2024-07-18,2024-07-16,38,40,0,0,synthetic
PCL-1604BCD9,PRJ-011,Compensation Disbursement,6,2024-07-16,2024-08-15,2024-09-06,52,30,1,0,synthetic
PCL-1604BCD9,PRJ-011,Rehabilitation & Resettlement,7,2024-09-06,2024-11-05,2024-12-20,105,60,1,0,synthetic
PCL-1604BCD9,PRJ-011,Possession,8,2024-12-20,2025-01-04,2024-12-31,11,15,0,0,synthetic
PCL-1604BCD9,PRJ-011,Closure/Handover,9,2024-12-31,2025-01-10,,244,10,1,1,synthetic
PCL-3B191FAB,PRJ-011,Land Identification,0,2024-02-14,2024-02-29,,565,15,1,1,synthetic
PCL-6778EEC8,PRJ-011,Land Identification,0,2024-03-18,2024-04-02,2024-03-31,13,15,0,0,synthetic
PCL-6778EEC8,PRJ-011,Survey/Parcel Mapping,1,2024-03-31,2024-04-30,2024-04-23,23,30,0,0,synthetic
PCL-6778EEC8,PRJ-011,Ownership Verification,2,2024-04-23,2024-06-07,2024-06-12,50,45,1,0,synthetic
PCL-6778EEC8,PRJ-011,Notification,3,2024-06-12,2024-07-02,2024-06-28,16,20,0,0,synthetic
PCL-6778EEC8,PRJ-011,Objections/Hearings,4,2024-06-28,2024-07-28,2024-07-18,20,30,0,0,synthetic
PCL-6778EEC8,PRJ-011,Compensation Assessment,5,2024-07-18,2024-08-27,2024-08-22,35,40,0,0,synthetic
PCL-6778EEC8,PRJ-011,Compensation Disbursement,6,2024-08-22,2024-09-21,2024-11-29,99,30,1,0,synthetic
PCL-6778EEC8,PRJ-011,Rehabilitation & Resettlement,7,2024-11-29,2025-01-28,,276,60,1,1,synthetic
PCL-170E7048,PRJ-011,Land Identification,0,2024-02-20,2024-03-06,,559,15,1,1,synthetic
PCL-E2A704D5,PRJ-011,Land Identification,0,2024-01-22,2024-02-06,2024-02-15,24,15,1,0,synthetic
PCL-E2A704D5,PRJ-011,Survey/Parcel Mapping,1,2024-02-15,2024-03-16,2024-04-02,47,30,1,0,synthetic
PCL-E2A704D5,PRJ-011,Ownership Verification,2,2024-04-02,2024-05-17,,517,45,1,1,synthetic
PCL-83149894,PRJ-011,Land Identification,0,2024-03-07,2024-03-22,2024-03-29,22,15,1,0,synthetic
PCL-83149894,PRJ-011,Survey/Parcel Mapping,1,2024-03-29,2024-04-28,,521,30,1,1,synthetic
PCL-2451C40D,PRJ-011,Land Identification,0,2024-02-12,2024-02-27,2024-02-29,17,15,1,0,synthetic
PCL-2451C40D,PRJ-011,Survey/Parcel Mapping,1,2024-02-29,2024-03-30,2024-04-18,49,30,1,0,synthetic
PCL-2451C40D,PRJ-011,Ownership Verification,2,2024-04-18,2024-06-02,,501,45,1,1,synthetic
PCL-5B99B6C9,PRJ-011,Land Identification,0,2024-03-25,2024-04-09,,525,15,1,1,synthetic
PCL-0F42CA5F,PRJ-011,Land Identification,0,2024-01-14,2024-01-29,2024-01-22,8,15,0,0,synthetic
PCL-0F42CA5F,PRJ-011,Survey/Parcel Mapping,1,2024-01-22,2024-02-21,2024-02-12,21,30,0,0,synthetic
PCL-0F42CA5F,PRJ-011,Ownership Verification,2,2024-02-12,2024-03-28,2024-03-10,27,45,0,0,synthetic
PCL-0F42CA5F,PRJ-011,Notification,3,2024-03-10,2024-03-30,,540,20,1,1,synthetic
PCL-6856421F,PRJ-011,Land Identification,0,2024-02-22,2024-03-08,2024-03-08,15,15,0,0,synthetic
PCL-6856421F,PRJ-011,Survey/Parcel Mapping,1,2024-03-08,2024-04-07,2024-04-07,30,30,0,0,synthetic
PCL-6856421F,PRJ-011,Ownership Verification,2,2024-04-07,2024-05-22,2024-05-21,44,45,0,0,synthetic
PCL-6856421F,PRJ-011,Notification,3,2024-05-21,2024-06-10,2024-06-07,17,20,0,0,synthetic
PCL-6856421F,PRJ-011,Objections/Hearings,4,2024-06-07,2024-07-07,2024-06-23,16,30,0,0,synthetic
PCL-6856421F,PRJ-011,Compensation Assessment,5,2024-06-23,2024-08-02,2024-08-09,47,40,1,0,synthetic
PCL-6856421F,PRJ-011,Compensation Disbursement,6,2024-08-09,2024-09-08,2024-11-19,102,30,1,0,synthetic
PCL-6856421F,PRJ-011,Rehabilitation & Resettlement,7,2024-11-19,2025-01-18,,286,60,1,1,synthetic
PCL-92FE4A78,PRJ-011,Land Identification,0,2024-03-02,2024-03-17,2024-03-15,13,15,0,0,synthetic
PCL-92FE4A78,PRJ-011,Survey/Parcel Mapping,1,2024-03-15,2024-04-14,2024-04-09,25,30,0,0,synthetic
PCL-92FE4A78,PRJ-011,Ownership Verification,2,2024-04-09,2024-05-24,2024-05-08,29,45,0,0,synthetic
PCL-92FE4A78,PRJ-011,Notification,3,2024-05-08,2024-05-28,,481,20,1,1,synthetic
PCL-3CE01EDC,PRJ-011,Land Identification,0,2024-01-29,2024-02-13,2024-02-09,11,15,0,0,synthetic
PCL-3CE01EDC,PRJ-011,Survey/Parcel Mapping,1,2024-02-09,2024-03-10,2024-02-27,18,30,0,0,synthetic
PCL-3CE01EDC,PRJ-011,Ownership Verification,2,2024-02-27,2024-04-12,2024-04-13,46,45,1,0,synthetic
PCL-3CE01EDC,PRJ-011,Notification,3,2024-04-13,2024-05-03,2024-04-28,15,20,0,0,synthetic
PCL-3CE01EDC,PRJ-011,Objections/Hearings,4,2024-04-28,2024-05-28,,491,30,1,1,synthetic
PCL-D225D2A2,PRJ-013,Land Identification,0,2024-01-29,2024-02-13,2024-02-14,16,15,1,0,synthetic
PCL-D225D2A2,PRJ-013,Survey/Parcel Mapping,1,2024-02-14,2024-03-15,2024-03-13,28,30,0,0,synthetic
PCL-D225D2A2,PRJ-013,Ownership Verification,2,2024-03-13,2024-04-27,,537,45,1,1,synthetic
PCL-4311AA57,PRJ-013,Land Identification,0,2024-01-07,2024-01-22,2024-01-15,8,15,0,0,synthetic
PCL-4311AA57,PRJ-013,Survey/Parcel Mapping,1,2024-01-15,2024-02-14,2024-03-03,48,30,1,0,synthetic
PCL-4311AA57,PRJ-013,Ownership Verification,2,2024-03-03,2024-04-17,2024-04-20,48,45,1,0,synthetic
PCL-4311AA57,PRJ-013,Notification,3,2024-04-20,2024-05-10,2024-05-04,14,20,0,0,synthetic
PCL-4311AA57,PRJ-013,Objections/Hearings,4,2024-05-04,2024-06-03,2024-05-19,15,30,0,0,synthetic
PCL-4311AA57,PRJ-013,Compensation Assessment,5,2024-05-19,2024-06-28,2024-06-28,40,40,0,0,synthetic
PCL-4311AA57,PRJ-013,Compensation Disbursement,6,2024-06-28,2024-07-28,2024-09-25,89,30,1,0,synthetic
PCL-4311AA57,PRJ-013,Rehabilitation & Resettlement,7,2024-09-25,2024-11-24,,341,60,1,1,synthetic
PCL-06224F7C,PRJ-013,Land Identification,0,2024-03-30,2024-04-14,2024-04-20,21,15,1,0,synthetic
PCL-06224F7C,PRJ-013,Survey/Parcel Mapping,1,2024-04-20,2024-05-20,2024-05-09,19,30,0,0,synthetic
PCL-06224F7C,PRJ-013,Ownership Verification,2,2024-05-09,2024-06-23,2024-06-26,48,45,1,0,synthetic
PCL-06224F7C,PRJ-013,Notification,3,2024-06-26,2024-07-16,2024-07-23,27,20,1,0,synthetic
PCL-06224F7C,PRJ-013,Objections/Hearings,4,2024-07-23,2024-08-22,,405,30,1,1,synthetic
PCL-9EBFC7FB,PRJ-013,Land Identification,0,2024-02-07,2024-02-22,2024-02-15,8,15,0,0,synthetic
PCL-9EBFC7FB,PRJ-013,Survey/Parcel Mapping,1,2024-02-15,2024-03-16,2024-04-06,51,30,1,0,synthetic
PCL-9EBFC7FB,PRJ-013,Ownership Verification,2,2024-04-06,2024-05-21,2024-06-07,62,45,1,0,synthetic
PCL-9EBFC7FB,PRJ-013,Notification,3,2024-06-07,2024-06-27,2024-06-19,12,20,0,0,synthetic
PCL-9EBFC7FB,PRJ-013,Objections/Hearings,4,2024-06-19,2024-07-19,,439,30,1,1,synthetic
PCL-D2F4C25A,PRJ-013,Land Identification,0,2024-03-04,2024-03-19,2024-03-13,9,15,0,0,synthetic
PCL-D2F4C25A,PRJ-013,Survey/Parcel Mapping,1,2024-03-13,2024-04-12,2024-04-12,30,30,0,0,synthetic
PCL-D2F4C25A,PRJ-013,Ownership Verification,2,2024-04-12,2024-05-27,2024-05-17,35,45,0,0,synthetic
PCL-D2F4C25A,PRJ-013,Notification,3,2024-05-17,2024-06-06,2024-06-12,26,20,1,0,synthetic
PCL-D2F4C25A,PRJ-013,Objections/Hearings,4,2024-06-12,2024-07-12,2024-07-24,42,30,1,0,synthetic
PCL-D2F4C25A,PRJ-013,Compensation Assessment,5,2024-07-24,2024-09-02,2024-08-28,35,40,0,0,synthetic
PCL-D2F4C25A,PRJ-013,Compensation Disbursement,6,2024-08-28,2024-09-27,2024-10-31,64,30,1,0,synthetic
PCL-D2F4C25A,PRJ-013,Rehabilitation & Resettlement,7,2024-10-31,2024-12-30,2025-01-29,90,60,1,0,synthetic
PCL-D2F4C25A,PRJ-013,Possession,8,2025-01-29,2025-02-13,2025-02-12,14,15,0,0,synthetic
PCL-D2F4C25A,PRJ-013,Closure/Handover,9,2025-02-12,2025-02-22,,201,10,1,1,synthetic
PCL-AA099E19,PRJ-013,Land Identification,0,2024-01-23,2024-02-07,2024-02-03,11,15,0,0,synthetic
PCL-AA099E19,PRJ-013,Survey/Parcel Mapping,1,2024-02-03,2024-03-04,2024-03-10,36,30,1,0,synthetic
PCL-AA099E19,PRJ-013,Ownership Verification,2,2024-03-10,2024-04-24,2024-04-14,35,45,0,0,synthetic
PCL-AA099E19,PRJ-013,Notification,3,2024-04-14,2024-05-04,2024-05-10,26,20,1,0,synthetic
PCL-AA099E19,PRJ-013,Objections/Hearings,4,2024-05-10,2024-06-09,2024-05-31,21,30,0,0,synthetic
PCL-AA099E19,PRJ-013,Compensation Assessment,5,2024-05-31,2024-07-10,2024-07-29,59,40,1,0,synthetic
PCL-AA099E19,PRJ-013,Compensation Disbursement,6,2024-07-29,2024-08-28,2024-10-24,87,30,1,0,synthetic
PCL-AA099E19,PRJ-013,Rehabilitation & Resettlement,7,2024-10-24,2024-12-23,2024-12-12,49,60,0,0,synthetic
PCL-AA099E19,PRJ-013,Possession,8,2024-12-12,2024-12-27,,263,15,1,1,synthetic
PCL-CB03366C,PRJ-013,Land Identification,0,2024-01-14,2024-01-29,2024-02-03,20,15,1,0,synthetic
PCL-CB03366C,PRJ-013,Survey/Parcel Mapping,1,2024-02-03,2024-03-04,2024-02-26,23,30,0,0,synthetic
PCL-CB03366C,PRJ-013,Ownership Verification,2,2024-02-26,2024-04-11,2024-04-10,44,45,0,0,synthetic
PCL-CB03366C,PRJ-013,Notification,3,2024-04-10,2024-04-30,,509,20,1,1,synthetic
PCL-04CC0373,PRJ-013,Land Identification,0,2024-03-05,2024-03-20,2024-03-14,9,15,0,0,synthetic
PCL-04CC0373,PRJ-013,Survey/Parcel Mapping,1,2024-03-14,2024-04-13,2024-05-02,49,30,1,0,synthetic
PCL-04CC0373,PRJ-013,Ownership Verification,2,2024-05-02,2024-06-16,2024-07-03,62,45,1,0,synthetic
PCL-04CC0373,PRJ-013,Notification,3,2024-07-03,2024-07-23,2024-07-28,25,20,1,0,synthetic
PCL-04CC0373,PRJ-013,Objections/Hearings,4,2024-07-28,2024-08-27,2024-08-19,22,30,0,0,synthetic
PCL-04CC0373,PRJ-013,Compensation Assessment,5,2024-08-19,2024-09-28,2024-10-06,48,40,1,0,synthetic
PCL-04CC0373,PRJ-013,Compensation Disbursement,6,2024-10-06,2024-11-05,,330,30,1,1,synthetic
PCL-2CDA4156,PRJ-013,Land Identification,0,2024-03-12,2024-03-27,2024-03-25,13,15,0,0,synthetic
PCL-2CDA4156,PRJ-013,Survey/Parcel Mapping,1,2024-03-25,2024-04-24,2024-04-22,28,30,0,0,synthetic
PCL-2CDA4156,PRJ-013,Ownership Verification,2,2024-04-22,2024-06-06,2024-06-01,40,45,0,0,synthetic
PCL-2CDA4156,PRJ-013,Notification,3,2024-06-01,2024-06-21,2024-06-25,24,20,1,0,synthetic
PCL-2CDA4156,PRJ-013,Objections/Hearings,4,2024-06-25,2024-07-25,2024-07-23,28,30,0,0,synthetic
PCL-2CDA4156,PRJ-013,Compensation Assessment,5,2024-07-23,2024-09-01,2024-08-29,37,40,0,0,synthetic
PCL-2CDA4156,PRJ-013,Compensation Disbursement,6,2024-08-29,2024-09-28,2024-10-15,47,30,1,0,synthetic
PCL-2CDA4156,PRJ-013,Rehabilitation & Resettlement,7,2024-10-15,2024-12-14,,321,60,1,1,synthetic
PCL-DDA0BE06,PRJ-013,Land Identification,0,2024-03-13,2024-03-28,2024-04-02,20,15,1,0,synthetic
PCL-DDA0BE06,PRJ-013,Survey/Parcel Mapping,1,2024-04-02,2024-05-02,2024-05-19,47,30,1,0,synthetic
PCL-DDA0BE06,PRJ-013,Ownership Verification,2,2024-05-19,2024-07-03,2024-06-27,39,45,0,0,synthetic
PCL-DDA0BE06,PRJ-013,Notification,3,2024-06-27,2024-07-17,2024-07-17,20,20,0,0,synthetic
PCL-DDA0BE06,PRJ-013,Objections/Hearings,4,2024-07-17,2024-08-16,2024-08-20,34,30,1,0,synthetic
PCL-DDA0BE06,PRJ-013,Compensation Assessment,5,2024-08-20,2024-09-29,2024-09-28,39,40,0,0,synthetic
PCL-DDA0BE06,PRJ-013,Compensation Disbursement,6,2024-09-28,2024-10-28,,338,30,1,1,synthetic
PCL-169B69CE,PRJ-013,Land Identification,0,2024-02-12,2024-02-27,,567,15,1,1,synthetic
PCL-A723A042,PRJ-013,Land Identification,0,2024-03-14,2024-03-29,2024-03-26,12,15,0,0,synthetic
PCL-A723A042,PRJ-013,Survey/Parcel Mapping,1,2024-03-26,2024-04-25,2024-04-21,26,30,0,0,synthetic
PCL-A723A042,PRJ-013,Ownership Verification,2,2024-04-21,2024-06-05,2024-05-20,29,45,0,0,synthetic
PCL-A723A042,PRJ-013,Notification,3,2024-05-20,2024-06-09,2024-06-08,19,20,0,0,synthetic
PCL-A723A042,PRJ-013,Objections/Hearings,4,2024-06-08,2024-07-08,2024-07-03,25,30,0,0,synthetic
PCL-A723A042,PRJ-013,Compensation Assessment,5,2024-07-03,2024-08-12,,425,40,1,1,synthetic
PCL-9C8A6011,PRJ-013,Land Identification,0,2024-01-01,2024-01-16,2024-01-13,12,15,0,0,synthetic
PCL-9C8A6011,PRJ-013,Survey/Parcel Mapping,1,2024-01-13,2024-02-12,2024-02-17,35,30,1,0,synthetic
PCL-9C8A6011,PRJ-013,Ownership Verification,2,2024-02-17,2024-04-02,2024-03-27,39,45,0,0,synthetic
PCL-9C8A6011,PRJ-013,Notification,3,2024-03-27,2024-04-16,2024-04-09,13,20,0,0,synthetic
PCL-9C8A6011,PRJ-013,Objections/Hearings,4,2024-04-09,2024-05-09,2024-04-29,20,30,0,0,synthetic
PCL-9C8A6011,PRJ-013,Compensation Assessment,5,2024-04-29,2024-06-08,,490,40,1,1,synthetic
PCL-4B709D48,PRJ-013,Land Identification,0,2024-03-27,2024-04-11,2024-04-13,17,15,1,0,synthetic
PCL-4B709D48,PRJ-013,Survey/Parcel Mapping,1,2024-04-13,2024-05-13,2024-05-23,40,30,1,0,synthetic
PCL-4B709D48,PRJ-013,Ownership Verification,2,2024-05-23,2024-07-07,2024-07-01,39,45,0,0,synthetic
PCL-4B709D48,PRJ-013,Notification,3,2024-07-01,2024-07-21,2024-07-31,30,20,1,0,synthetic
PCL-4B709D48,PRJ-013,Objections/Hearings,4,2024-07-31,2024-08-30,2024-08-16,16,30,0,0,synthetic
PCL-4B709D48,PRJ-013,Compensation Assessment,5,2024-08-16,2024-09-25,2024-10-10,55,40,1,0,synthetic
PCL-4B709D48,PRJ-013,Compensation Disbursement,6,2024-10-10,2024-11-09,2024-12-02,53,30,1,0,synthetic
PCL-4B709D48,PRJ-013,Rehabilitation & Resettlement,7,2024-12-02,2025-01-31,,273,60,1,1,synthetic
PCL-B4C2B1B4,PRJ-013,Land Identification,0,2024-01-29,2024-02-13,2024-02-08,10,15,0,0,synthetic
PCL-B4C2B1B4,PRJ-013,Survey/Parcel Mapping,1,2024-02-08,2024-03-09,,571,30,1,1,synthetic
PCL-880E5DB4,PRJ-013,Land Identification,0,2024-01-10,2024-01-25,2024-01-20,10,15,0,0,synthetic
PCL-880E5DB4,PRJ-013,Survey/Parcel Mapping,1,2024-01-20,2024-02-19,2024-03-10,50,30,1,0,synthetic
PCL-880E5DB4,PRJ-013,Ownership Verification,2,2024-03-10,2024-04-24,2024-04-16,37,45,0,0,synthetic
PCL-880E5DB4,PRJ-013,Notification,3,2024-04-16,2024-05-06,2024-04-29,13,20,0,0,synthetic
PCL-880E5DB4,PRJ-013,Objections/Hearings,4,2024-04-29,2024-05-29,2024-05-16,17,30,0,0,synthetic
PCL-880E5DB4,PRJ-013,Compensation Assessment,5,2024-05-16,2024-06-25,2024-07-02,47,40,1,0,synthetic
PCL-880E5DB4,PRJ-013,Compensation Disbursement,6,2024-07-02,2024-08-01,2024-08-30,59,30,1,0,synthetic
PCL-880E5DB4,PRJ-013,Rehabilitation & Resettlement,7,2024-08-30,2024-10-29,2024-10-27,58,60,0,0,synthetic
PCL-880E5DB4,PRJ-013,Possession,8,2024-10-27,2024-11-11,,309,15,1,1,synthetic
PCL-30401354,PRJ-013,Land Identification,0,2024-02-15,2024-03-01,2024-03-02,16,15,1,0,synthetic
PCL-30401354,PRJ-013,Survey/Parcel Mapping,1,2024-03-02,2024-04-01,,548,30,1,1,synthetic
PCL-D22B92D0,PRJ-013,Land Identification,0,2024-03-13,2024-03-28,2024-03-29,16,15,1,0,synthetic
PCL-D22B92D0,PRJ-013,Survey/Parcel Mapping,1,2024-03-29,2024-04-28,,521,30,1,1,synthetic
PCL-E7B9FA6C,PRJ-013,Land Identification,0,2024-03-09,2024-03-24,2024-03-26,17,15,1,0,synthetic
PCL-E7B9FA6C,PRJ-013,Survey/Parcel Mapping,1,2024-03-26,2024-04-25,2024-04-22,27,30,0,0,synthetic
PCL-E7B9FA6C,PRJ-013,Ownership Verification,2,2024-04-22,2024-06-06,2024-06-15,54,45,1,0,synthetic
PCL-E7B9FA6C,PRJ-013,Notification,3,2024-06-15,2024-07-05,2024-07-03,18,20,0,0,synthetic
PCL-E7B9FA6C,PRJ-013,Objections/Hearings,4,2024-07-03,2024-08-02,,425,30,1,1,synthetic
PCL-9F5FB081,PRJ-013,Land Identification,0,2024-02-09,2024-02-24,2024-02-21,12,15,0,0,synthetic
PCL-9F5FB081,PRJ-013,Survey/Parcel Mapping,1,2024-02-21,2024-03-22,2024-04-03,42,30,1,0,synthetic
PCL-9F5FB081,PRJ-013,Ownership Verification,2,2024-04-03,2024-05-18,2024-05-15,42,45,0,0,synthetic
PCL-9F5FB081,PRJ-013,Notification,3,2024-05-15,2024-06-04,2024-06-13,29,20,1,0,synthetic
PCL-9F5FB081,PRJ-013,Objections/Hearings,4,2024-06-13,2024-07-13,2024-07-04,21,30,0,0,synthetic
PCL-9F5FB081,PRJ-013,Compensation Assessment,5,2024-07-04,2024-08-13,2024-09-01,59,40,1,0,synthetic
PCL-9F5FB081,PRJ-013,Compensation Disbursement,6,2024-09-01,2024-10-01,,365,30,1,1,synthetic
PCL-B5248683,PRJ-013,Land Identification,0,2024-03-13,2024-03-28,2024-03-27,14,15,0,0,synthetic
PCL-B5248683,PRJ-013,Survey/Parcel Mapping,1,2024-03-27,2024-04-26,2024-04-21,25,30,0,0,synthetic
PCL-B5248683,PRJ-013,Ownership Verification,2,2024-04-21,2024-06-05,2024-06-06,46,45,1,0,synthetic
PCL-B5248683,PRJ-013,Notification,3,2024-06-06,2024-06-26,2024-06-19,13,20,0,0,synthetic
PCL-B5248683,PRJ-013,Objections/Hearings,4,2024-06-19,2024-07-19,,439,30,1,1,synthetic
PCL-62905FBB,PRJ-013,Land Identification,0,2024-01-06,2024-01-21,2024-01-21,15,15,0,0,synthetic
PCL-62905FBB,PRJ-013,Survey/Parcel Mapping,1,2024-01-21,2024-02-20,2024-02-28,38,30,1,0,synthetic
PCL-62905FBB,PRJ-013,Ownership Verification,2,2024-02-28,2024-04-13,2024-04-05,37,45,0,0,synthetic
PCL-62905FBB,PRJ-013,Notification,3,2024-04-05,2024-04-25,2024-05-06,31,20,1,0,synthetic
PCL-62905FBB,PRJ-013,Objections/Hearings,4,2024-05-06,2024-06-05,2024-06-14,39,30,1,0,synthetic
PCL-62905FBB,PRJ-013,Compensation Assessment,5,2024-06-14,2024-07-24,2024-07-31,47,40,1,0,synthetic
PCL-62905FBB,PRJ-013,Compensation Disbursement,6,2024-07-31,2024-08-30,,397,30,1,1,synthetic
PCL-F53F8B1B,PRJ-013,Land Identification,0,2024-01-13,2024-01-28,2024-02-06,24,15,1,0,synthetic
PCL-F53F8B1B,PRJ-013,Survey/Parcel Mapping,1,2024-02-06,2024-03-07,2024-03-11,34,30,1,0,synthetic
PCL-F53F8B1B,PRJ-013,Ownership Verification,2,2024-03-11,2024-04-25,2024-05-17,67,45,1,0,synthetic
PCL-F53F8B1B,PRJ-013,Notification,3,2024-05-17,2024-06-06,2024-06-07,21,20,1,0,synthetic
PCL-F53F8B1B,PRJ-013,Objections/Hearings,4,2024-06-07,2024-07-07,2024-07-21,44,30,1,0,synthetic
PCL-F53F8B1B,PRJ-013,Compensation Assessment,5,2024-07-21,2024-08-30,2024-08-22,32,40,0,0,synthetic
PCL-F53F8B1B,PRJ-013,Compensation Disbursement,6,2024-08-22,2024-09-21,2024-10-12,51,30,1,0,synthetic
PCL-F53F8B1B,PRJ-013,Rehabilitation & Resettlement,7,2024-10-12,2024-12-11,2024-11-22,41,60,0,0,synthetic
PCL-F53F8B1B,PRJ-013,Possession,8,2024-11-22,2024-12-07,2024-12-11,19,15,1,0,synthetic
PCL-F53F8B1B,PRJ-013,Closure/Handover,9,2024-12-11,2024-12-21,,264,10,1,1,synthetic
PCL-AE84895F,PRJ-013,Land Identification,0,2024-01-05,2024-01-20,2024-01-29,24,15,1,0,synthetic
PCL-AE84895F,PRJ-013,Survey/Parcel Mapping,1,2024-01-29,2024-02-28,2024-02-24,26,30,0,0,synthetic
PCL-AE84895F,PRJ-013,Ownership Verification,2,2024-02-24,2024-04-09,2024-04-08,44,45,0,0,synthetic
PCL-AE84895F,PRJ-013,Notification,3,2024-04-08,2024-04-28,2024-05-03,25,20,1,0,synthetic
PCL-AE84895F,PRJ-013,Objections/Hearings,4,2024-05-03,2024-06-02,2024-05-19,16,30,0,0,synthetic
PCL-AE84895F,PRJ-013,Compensation Assessment,5,2024-05-19,2024-06-28,2024-07-13,55,40,1,0,synthetic
PCL-AE84895F,PRJ-013,Compensation Disbursement,6,2024-07-13,2024-08-12,,415,30,1,1,synthetic
PCL-11F57F58,PRJ-013,Land Identification,0,2024-02-03,2024-02-18,2024-02-20,17,15,1,0,synthetic
PCL-11F57F58,PRJ-013,Survey/Parcel Mapping,1,2024-02-20,2024-03-21,2024-04-12,52,30,1,0,synthetic
PCL-11F57F58,PRJ-013,Ownership Verification,2,2024-04-12,2024-05-27,2024-06-04,53,45,1,0,synthetic
PCL-11F57F58,PRJ-013,Notification,3,2024-06-04,2024-06-24,,454,20,1,1,synthetic
PCL-5191E5B8,PRJ-013,Land Identification,0,2024-01-01,2024-01-16,2024-01-28,27,15,1,0,synthetic
PCL-5191E5B8,PRJ-013,Survey/Parcel Mapping,1,2024-01-28,2024-02-27,2024-03-09,41,30,1,0,synthetic
PCL-5191E5B8,PRJ-013,Ownership Verification,2,2024-03-09,2024-04-23,2024-05-17,69,45,1,0,synthetic
PCL-5191E5B8,PRJ-013,Notification,3,2024-05-17,2024-06-06,2024-05-29,12,20,0,0,synthetic
PCL-5191E5B8,PRJ-013,Objections/Hearings,4,2024-05-29,2024-06-28,2024-06-24,26,30,0,0,synthetic
PCL-5191E5B8,PRJ-013,Compensation Assessment,5,2024-06-24,2024-08-03,2024-08-16,53,40,1,0,synthetic
PCL-5191E5B8,PRJ-013,Compensation Disbursement,6,2024-08-16,2024-09-15,2024-10-29,74,30,1,0,synthetic
PCL-5191E5B8,PRJ-013,Rehabilitation & Resettlement,7,2024-10-29,2024-12-28,2025-01-04,67,60,1,0,synthetic
PCL-5191E5B8,PRJ-013,Possession,8,2025-01-04,2025-01-19,,240,15,1,1,synthetic
PCL-487ADC81,PRJ-013,Land Identification,0,2024-01-11,2024-01-26,,599,15,1,1,synthetic
PCL-51AAC500,PRJ-013,Land Identification,0,2024-01-10,2024-01-25,2024-01-16,6,15,0,0,synthetic
PCL-51AAC500,PRJ-013,Survey/Parcel Mapping,1,2024-01-16,2024-02-15,2024-02-06,21,30,0,0,synthetic
PCL-51AAC500,PRJ-013,Ownership Verification,2,2024-02-06,2024-03-22,2024-05-09,93,45,1,0,synthetic
PCL-51AAC500,PRJ-013,Notification,3,2024-05-09,2024-05-29,2024-06-07,29,20,1,0,synthetic
PCL-51AAC500,PRJ-013,Objections/Hearings,4,2024-06-07,2024-07-07,2024-07-17,40,30,1,0,synthetic
PCL-51AAC500,PRJ-013,Compensation Assessment,5,2024-07-17,2024-08-26,2024-08-25,39,40,0,0,synthetic
PCL-51AAC500,PRJ-013,Compensation Disbursement,6,2024-08-25,2024-09-24,2024-11-20,87,30,1,0,synthetic
PCL-51AAC500,PRJ-013,Rehabilitation & Resettlement,7,2024-11-20,2025-01-19,2025-02-09,81,60,1,0,synthetic
PCL-51AAC500,PRJ-013,Possession,8,2025-02-09,2025-02-24,2025-02-27,18,15,1,0,synthetic
PCL-51AAC500,PRJ-013,Closure/Handover,9,2025-02-27,2025-03-09,,186,10,1,1,synthetic
PCL-73EF0AE6,PRJ-013,Land Identification,0,2024-03-16,2024-03-31,2024-04-01,16,15,1,0,synthetic
PCL-73EF0AE6,PRJ-013,Survey/Parcel Mapping,1,2024-04-01,2024-05-01,2024-04-24,23,30,0,0,synthetic
PCL-73EF0AE6,PRJ-013,Ownership Verification,2,2024-04-24,2024-06-08,2024-06-14,51,45,1,0,synthetic
PCL-73EF0AE6,PRJ-013,Notification,3,2024-06-14,2024-07-04,2024-07-04,20,20,0,0,synthetic
PCL-73EF0AE6,PRJ-013,Objections/Hearings,4,2024-07-04,2024-08-03,2024-08-06,33,30,1,0,synthetic
PCL-73EF0AE6,PRJ-013,Compensation Assessment,5,2024-08-06,2024-09-15,2024-09-19,44,40,1,0,synthetic
PCL-73EF0AE6,PRJ-013,Compensation Disbursement,6,2024-09-19,2024-10-19,,347,30,1,1,synthetic
PCL-00EDE25B,PRJ-013,Land Identification,0,2024-02-20,2024-03-06,2024-03-11,20,15,1,0,synthetic
PCL-00EDE25B,PRJ-013,Survey/Parcel Mapping,1,2024-03-11,2024-04-10,2024-04-19,39,30,1,0,synthetic
PCL-00EDE25B,PRJ-013,Ownership Verification,2,2024-04-19,2024-06-03,2024-05-20,31,45,0,0,synthetic
PCL-00EDE25B,PRJ-013,Notification,3,2024-05-20,2024-06-09,2024-06-09,20,20,0,0,synthetic
PCL-00EDE25B,PRJ-013,Objections/Hearings,4,2024-06-09,2024-07-09,2024-07-03,24,30,0,0,synthetic
PCL-00EDE25B,PRJ-013,Compensation Assessment,5,2024-07-03,2024-08-12,2024-08-08,36,40,0,0,synthetic
PCL-00EDE25B,PRJ-013,Compensation Disbursement,6,2024-08-08,2024-09-07,,389,30,1,1,synthetic
PCL-61C595FF,PRJ-013,Land Identification,0,2024-01-28,2024-02-12,,582,15,1,1,synthetic
PCL-0EBC2398,PRJ-013,Land Identification,0,2024-02-04,2024-02-19,2024-02-15,11,15,0,0,synthetic
PCL-0EBC2398,PRJ-013,Survey/Parcel Mapping,1,2024-02-15,2024-03-16,2024-03-18,32,30,1,0,synthetic
PCL-0EBC2398,PRJ-013,Ownership Verification,2,2024-03-18,2024-05-02,2024-04-09,22,45,0,0,synthetic
PCL-0EBC2398,PRJ-013,Notification,3,2024-04-09,2024-04-29,2024-05-14,35,20,1,0,synthetic
PCL-0EBC2398,PRJ-013,Objections/Hearings,4,2024-05-14,2024-06-13,2024-06-16,33,30,1,0,synthetic
PCL-0EBC2398,PRJ-013,Compensation Assessment,5,2024-06-16,2024-07-26,,442,40,1,1,synthetic
PCL-CDF088D8,PRJ-013,Land Identification,0,2024-02-20,2024-03-06,2024-03-05,14,15,0,0,synthetic
PCL-CDF088D8,PRJ-013,Survey/Parcel Mapping,1,2024-03-05,2024-04-04,2024-03-29,24,30,0,0,synthetic
PCL-CDF088D8,PRJ-013,Ownership Verification,2,2024-03-29,2024-05-13,2024-05-07,39,45,0,0,synthetic
PCL-CDF088D8,PRJ-013,Notification,3,2024-05-07,2024-05-27,2024-05-29,22,20,1,0,synthetic
PCL-CDF088D8,PRJ-013,Objections/Hearings,4,2024-05-29,2024-06-28,,460,30,1,1,synthetic
PCL-BE93325C,PRJ-013,Land Identification,0,2024-02-07,2024-02-22,2024-03-03,25,15,1,0,synthetic
PCL-BE93325C,PRJ-013,Survey/Parcel Mapping,1,2024-03-03,2024-04-02,2024-03-26,23,30,0,0,synthetic
PCL-BE93325C,PRJ-013,Ownership Verification,2,2024-03-26,2024-05-10,2024-05-02,37,45,0,0,synthetic
PCL-BE93325C,PRJ-013,Notification,3,2024-05-02,2024-05-22,2024-06-01,30,20,1,0,synthetic
PCL-BE93325C,PRJ-013,Objections/Hearings,4,2024-06-01,2024-07-01,,457,30,1,1,synthetic
PCL-E57C988B,PRJ-013,Land Identification,0,2024-03-28,2024-04-12,2024-04-06,9,15,0,0,synthetic
PCL-E57C988B,PRJ-013,Survey/Parcel Mapping,1,2024-04-06,2024-05-06,2024-05-01,25,30,0,0,synthetic
PCL-E57C988B,PRJ-013,Ownership Verification,2,2024-05-01,2024-06-15,2024-05-26,25,45,0,0,synthetic
PCL-E57C988B,PRJ-013,Notification,3,2024-05-26,2024-06-15,2024-06-14,19,20,0,0,synthetic
PCL-E57C988B,PRJ-013,Objections/Hearings,4,2024-06-14,2024-07-14,2024-07-04,20,30,0,0,synthetic
PCL-E57C988B,PRJ-013,Compensation Assessment,5,2024-07-04,2024-08-13,2024-08-30,57,40,1,0,synthetic
PCL-E57C988B,PRJ-013,Compensation Disbursement,6,2024-08-30,2024-09-29,2024-11-15,77,30,1,0,synthetic
PCL-E57C988B,PRJ-013,Rehabilitation & Resettlement,7,2024-11-15,2025-01-14,2025-01-25,71,60,1,0,synthetic
PCL-E57C988B,PRJ-013,Possession,8,2025-01-25,2025-02-09,,219,15,1,1,synthetic
PCL-32D7E98F,PRJ-013,Land Identification,0,2024-01-30,2024-02-14,2024-02-25,26,15,1,0,synthetic
PCL-32D7E98F,PRJ-013,Survey/Parcel Mapping,1,2024-02-25,2024-03-26,,554,30,1,1,synthetic
PCL-FD73A330,PRJ-013,Land Identification,0,2024-03-28,2024-04-12,2024-04-12,15,15,0,0,synthetic
PCL-FD73A330,PRJ-013,Survey/Parcel Mapping,1,2024-04-12,2024-05-12,2024-05-09,27,30,0,0,synthetic
PCL-FD73A330,PRJ-013,Ownership Verification,2,2024-05-09,2024-06-23,2024-06-18,40,45,0,0,synthetic
PCL-FD73A330,PRJ-013,Notification,3,2024-06-18,2024-07-08,2024-07-17,29,20,1,0,synthetic
PCL-FD73A330,PRJ-013,Objections/Hearings,4,2024-07-17,2024-08-16,2024-08-08,22,30,0,0,synthetic
PCL-FD73A330,PRJ-013,Compensation Assessment,5,2024-08-08,2024-09-17,2024-09-14,37,40,0,0,synthetic
PCL-FD73A330,PRJ-013,Compensation Disbursement,6,2024-09-14,2024-10-14,2024-11-19,66,30,1,0,synthetic
PCL-FD73A330,PRJ-013,Rehabilitation & Resettlement,7,2024-11-19,2025-01-18,2025-01-13,55,60,0,0,synthetic
PCL-FD73A330,PRJ-013,Possession,8,2025-01-13,2025-01-28,,231,15,1,1,synthetic
PCL-4D010A0F,PRJ-013,Land Identification,0,2024-03-19,2024-04-03,2024-04-09,21,15,1,0,synthetic
PCL-4D010A0F,PRJ-013,Survey/Parcel Mapping,1,2024-04-09,2024-05-09,2024-05-02,23,30,0,0,synthetic
PCL-4D010A0F,PRJ-013,Ownership Verification,2,2024-05-02,2024-06-16,2024-07-11,70,45,1,0,synthetic
PCL-4D010A0F,PRJ-013,Notification,3,2024-07-11,2024-07-31,2024-07-31,20,20,0,0,synthetic
PCL-4D010A0F,PRJ-013,Objections/Hearings,4,2024-07-31,2024-08-30,2024-09-12,43,30,1,0,synthetic
PCL-4D010A0F,PRJ-013,Compensation Assessment,5,2024-09-12,2024-10-22,2024-10-16,34,40,0,0,synthetic
PCL-4D010A0F,PRJ-013,Compensation Disbursement,6,2024-10-16,2024-11-15,2024-12-12,57,30,1,0,synthetic
PCL-4D010A0F,PRJ-013,Rehabilitation & Resettlement,7,2024-12-12,2025-02-10,2025-02-03,53,60,0,0,synthetic
PCL-4D010A0F,PRJ-013,Possession,8,2025-02-03,2025-02-18,2025-02-25,22,15,1,0,synthetic
PCL-4D010A0F,PRJ-013,Closure/Handover,9,2025-02-25,2025-03-07,,188,10,1,1,synthetic
PCL-29161BEE,PRJ-013,Land Identification,0,2024-02-28,2024-03-14,2024-03-16,17,15,1,0,synthetic
PCL-29161BEE,PRJ-013,Survey/Parcel Mapping,1,2024-03-16,2024-04-15,2024-04-13,28,30,0,0,synthetic
PCL-29161BEE,PRJ-013,Ownership Verification,2,2024-04-13,2024-05-28,2024-05-23,40,45,0,0,synthetic
PCL-29161BEE,PRJ-013,Notification,3,2024-05-23,2024-06-12,2024-06-24,32,20,1,0,synthetic
PCL-29161BEE,PRJ-013,Objections/Hearings,4,2024-06-24,2024-07-24,2024-07-14,20,30,0,0,synthetic
PCL-29161BEE,PRJ-013,Compensation Assessment,5,2024-07-14,2024-08-23,2024-09-02,50,40,1,0,synthetic
PCL-29161BEE,PRJ-013,Compensation Disbursement,6,2024-09-02,2024-10-02,,364,30,1,1,synthetic
PCL-31CDBD28,PRJ-013,Land Identification,0,2024-01-22,2024-02-06,2024-02-05,14,15,0,0,synthetic
PCL-31CDBD28,PRJ-013,Survey/Parcel Mapping,1,2024-02-05,2024-03-06,2024-03-12,36,30,1,0,synthetic
PCL-31CDBD28,PRJ-013,Ownership Verification,2,2024-03-12,2024-04-26,,538,45,1,1,synthetic
PCL-4C596B68,PRJ-013,Land Identification,0,2024-03-22,2024-04-06,2024-04-10,19,15,1,0,synthetic
PCL-4C596B68,PRJ-013,Survey/Parcel Mapping,1,2024-04-10,2024-05-10,2024-05-18,38,30,1,0,synthetic
PCL-4C596B68,PRJ-013,Ownership Verification,2,2024-05-18,2024-07-02,2024-06-29,42,45,0,0,synthetic
PCL-4C596B68,PRJ-013,Notification,3,2024-06-29,2024-07-19,2024-07-30,31,20,1,0,synthetic
PCL-4C596B68,PRJ-013,Objections/Hearings,4,2024-07-30,2024-08-29,2024-10-04,66,30,1,0,synthetic
PCL-4C596B68,PRJ-013,Compensation Assessment,5,2024-10-04,2024-11-13,,332,40,1,1,synthetic
PCL-3A5451B9,PRJ-013,Land Identification,0,2024-02-28,2024-03-14,2024-03-08,9,15,0,0,synthetic
PCL-3A5451B9,PRJ-013,Survey/Parcel Mapping,1,2024-03-08,2024-04-07,2024-04-09,32,30,1,0,synthetic
PCL-3A5451B9,PRJ-013,Ownership Verification,2,2024-04-09,2024-05-24,2024-05-21,42,45,0,0,synthetic
PCL-3A5451B9,PRJ-013,Notification,3,2024-05-21,2024-06-10,2024-06-15,25,20,1,0,synthetic
PCL-3A5451B9,PRJ-013,Objections/Hearings,4,2024-06-15,2024-07-15,2024-07-18,33,30,1,0,synthetic
PCL-3A5451B9,PRJ-013,Compensation Assessment,5,2024-07-18,2024-08-27,,410,40,1,1,synthetic
PCL-4B433027,PRJ-013,Land Identification,0,2024-02-18,2024-03-04,2024-03-11,22,15,1,0,synthetic
PCL-4B433027,PRJ-013,Survey/Parcel Mapping,1,2024-03-11,2024-04-10,2024-04-04,24,30,0,0,synthetic
PCL-4B433027,PRJ-013,Ownership Verification,2,2024-04-04,2024-05-19,2024-05-22,48,45,1,0,synthetic
PCL-4B433027,PRJ-013,Notification,3,2024-05-22,2024-06-11,2024-06-18,27,20,1,0,synthetic
PCL-4B433027,PRJ-013,Objections/Hearings,4,2024-06-18,2024-07-18,2024-07-06,18,30,0,0,synthetic
PCL-4B433027,PRJ-013,Compensation Assessment,5,2024-07-06,2024-08-15,2024-07-28,22,40,0,0,synthetic
PCL-4B433027,PRJ-013,Compensation Disbursement,6,2024-07-28,2024-08-27,,400,30,1,1,synthetic
PCL-ABB0185F,PRJ-013,Land Identification,0,2024-03-11,2024-03-26,2024-04-13,33,15,1,0,synthetic
PCL-ABB0185F,PRJ-013,Survey/Parcel Mapping,1,2024-04-13,2024-05-13,2024-05-08,25,30,0,0,synthetic
PCL-ABB0185F,PRJ-013,Ownership Verification,2,2024-05-08,2024-06-22,2024-06-25,48,45,1,0,synthetic
PCL-ABB0185F,PRJ-013,Notification,3,2024-06-25,2024-07-15,2024-07-15,20,20,0,0,synthetic
PCL-ABB0185F,PRJ-013,Objections/Hearings,4,2024-07-15,2024-08-14,2024-08-12,28,30,0,0,synthetic
PCL-ABB0185F,PRJ-013,Compensation Assessment,5,2024-08-12,2024-09-21,2024-09-17,36,40,0,0,synthetic
PCL-ABB0185F,PRJ-013,Compensation Disbursement,6,2024-09-17,2024-10-17,2024-11-23,67,30,1,0,synthetic
PCL-ABB0185F,PRJ-013,Rehabilitation & Resettlement,7,2024-11-23,2025-01-22,,282,60,1,1,synthetic
PCL-E3C8EFE8,PRJ-013,Land Identification,0,2024-01-12,2024-01-27,,598,15,1,1,synthetic
PCL-52D9F3BE,PRJ-013,Land Identification,0,2024-03-07,2024-03-22,2024-03-19,12,15,0,0,synthetic
PCL-52D9F3BE,PRJ-013,Survey/Parcel Mapping,1,2024-03-19,2024-04-18,2024-04-08,20,30,0,0,synthetic
PCL-52D9F3BE,PRJ-013,Ownership Verification,2,2024-04-08,2024-05-23,2024-05-15,37,45,0,0,synthetic
PCL-52D9F3BE,PRJ-013,Notification,3,2024-05-15,2024-06-04,2024-05-31,16,20,0,0,synthetic
PCL-52D9F3BE,PRJ-013,Objections/Hearings,4,2024-05-31,2024-06-30,2024-07-02,32,30,1,0,synthetic
PCL-52D9F3BE,PRJ-013,Compensation Assessment,5,2024-07-02,2024-08-11,,426,40,1,1,synthetic
PCL-BF9429FF,PRJ-013,Land Identification,0,2024-02-10,2024-02-25,2024-03-07,26,15,1,0,synthetic
PCL-BF9429FF,PRJ-013,Survey/Parcel Mapping,1,2024-03-07,2024-04-06,2024-04-03,27,30,0,0,synthetic
PCL-BF9429FF,PRJ-013,Ownership Verification,2,2024-04-03,2024-05-18,2024-05-14,41,45,0,0,synthetic
PCL-BF9429FF,PRJ-013,Notification,3,2024-05-14,2024-06-03,2024-05-28,14,20,0,0,synthetic
PCL-BF9429FF,PRJ-013,Objections/Hearings,4,2024-05-28,2024-06-27,2024-06-16,19,30,0,0,synthetic
PCL-BF9429FF,PRJ-013,Compensation Assessment,5,2024-06-16,2024-07-26,2024-07-30,44,40,1,0,synthetic
PCL-BF9429FF,PRJ-013,Compensation Disbursement,6,2024-07-30,2024-08-29,2024-10-02,64,30,1,0,synthetic
PCL-BF9429FF,PRJ-013,Rehabilitation & Resettlement,7,2024-10-02,2024-12-01,2024-12-12,71,60,1,0,synthetic
PCL-BF9429FF,PRJ-013,Possession,8,2024-12-12,2024-12-27,,263,15,1,1,synthetic
PCL-D500E90F,PRJ-013,Land Identification,0,2024-02-13,2024-02-28,2024-02-25,12,15,0,0,synthetic
PCL-D500E90F,PRJ-013,Survey/Parcel Mapping,1,2024-02-25,2024-03-26,2024-03-23,27,30,0,0,synthetic
PCL-D500E90F,PRJ-013,Ownership Verification,2,2024-03-23,2024-05-07,2024-05-01,39,45,0,0,synthetic
PCL-D500E90F,PRJ-013,Notification,3,2024-05-01,2024-05-21,,488,20,1,1,synthetic
PCL-978B204A,PRJ-013,Land Identification,0,2024-01-19,2024-02-03,2024-02-02,14,15,0,0,synthetic
PCL-978B204A,PRJ-013,Survey/Parcel Mapping,1,2024-02-02,2024-03-03,,577,30,1,1,synthetic
PCL-2E790013,PRJ-013,Land Identification,0,2024-02-15,2024-03-01,,564,15,1,1,synthetic
PCL-9144900E,PRJ-013,Land Identification,0,2024-02-24,2024-03-10,2024-03-08,13,15,0,0,synthetic
PCL-9144900E,PRJ-013,Survey/Parcel Mapping,1,2024-03-08,2024-04-07,2024-04-14,37,30,1,0,synthetic
PCL-9144900E,PRJ-013,Ownership Verification,2,2024-04-14,2024-05-29,2024-06-03,50,45,1,0,synthetic
PCL-9144900E,PRJ-013,Notification,3,2024-06-03,2024-06-23,2024-06-21,18,20,0,0,synthetic
PCL-9144900E,PRJ-013,Objections/Hearings,4,2024-06-21,2024-07-21,,437,30,1,1,synthetic
PCL-D1235EDF,PRJ-013,Land Identification,0,2024-02-05,2024-02-20,,574,15,1,1,synthetic
PCL-55EC179C,PRJ-013,Land Identification,0,2024-03-23,2024-04-07,2024-03-30,7,15,0,0,synthetic
PCL-55EC179C,PRJ-013,Survey/Parcel Mapping,1,2024-03-30,2024-04-29,2024-05-03,34,30,1,0,synthetic
PCL-55EC179C,PRJ-013,Ownership Verification,2,2024-05-03,2024-06-17,2024-06-27,55,45,1,0,synthetic
PCL-55EC179C,PRJ-013,Notification,3,2024-06-27,2024-07-17,2024-07-26,29,20,1,0,synthetic
PCL-55EC179C,PRJ-013,Objections/Hearings,4,2024-07-26,2024-08-25,2024-08-21,26,30,0,0,synthetic
PCL-55EC179C,PRJ-013,Compensation Assessment,5,2024-08-21,2024-09-30,2024-09-21,31,40,0,0,synthetic
PCL-55EC179C,PRJ-013,Compensation Disbursement,6,2024-09-21,2024-10-21,2024-12-05,75,30,1,0,synthetic
PCL-55EC179C,PRJ-013,Rehabilitation & Resettlement,7,2024-12-05,2025-02-03,2025-02-05,62,60,1,0,synthetic
PCL-55EC179C,PRJ-013,Possession,8,2025-02-05,2025-02-20,2025-02-27,22,15,1,0,synthetic
PCL-55EC179C,PRJ-013,Closure/Handover,9,2025-02-27,2025-03-09,,186,10,1,1,synthetic
PCL-9036801B,PRJ-013,Land Identification,0,2024-03-28,2024-04-12,,522,15,1,1,synthetic
PCL-6E297102,PRJ-013,Land Identification,0,2024-01-29,2024-02-13,2024-02-11,13,15,0,0,synthetic
PCL-6E297102,PRJ-013,Survey/Parcel Mapping,1,2024-02-11,2024-03-12,2024-03-03,21,30,0,0,synthetic
PCL-6E297102,PRJ-013,Ownership Verification,2,2024-03-03,2024-04-17,2024-04-21,49,45,1,0,synthetic
PCL-6E297102,PRJ-013,Notification,3,2024-04-21,2024-05-11,2024-05-07,16,20,0,0,synthetic
PCL-6E297102,PRJ-013,Objections/Hearings,4,2024-05-07,2024-06-06,2024-05-19,12,30,0,0,synthetic
PCL-6E297102,PRJ-013,Compensation Assessment,5,2024-05-19,2024-06-28,2024-07-16,58,40,1,0,synthetic
PCL-6E297102,PRJ-013,Compensation Disbursement,6,2024-07-16,2024-08-15,2024-10-29,105,30,1,0,synthetic
PCL-6E297102,PRJ-013,Rehabilitation & Resettlement,7,2024-10-29,2024-12-28,,307,60,1,1,synthetic
PCL-C6946601,PRJ-013,Land Identification,0,2024-02-15,2024-03-01,2024-03-01,15,15,0,0,synthetic
PCL-C6946601,PRJ-013,Survey/Parcel Mapping,1,2024-03-01,2024-03-31,2024-03-29,28,30,0,0,synthetic
PCL-C6946601,PRJ-013,Ownership Verification,2,2024-03-29,2024-05-13,2024-05-10,42,45,0,0,synthetic
PCL-C6946601,PRJ-013,Notification,3,2024-05-10,2024-05-30,2024-06-02,23,20,1,0,synthetic
PCL-C6946601,PRJ-013,Objections/Hearings,4,2024-06-02,2024-07-02,2024-06-22,20,30,0,0,synthetic
PCL-C6946601,PRJ-013,Compensation Assessment,5,2024-06-22,2024-08-01,2024-07-22,30,40,0,0,synthetic
PCL-C6946601,PRJ-013,Compensation Disbursement,6,2024-07-22,2024-08-21,2024-09-19,59,30,1,0,synthetic
PCL-C6946601,PRJ-013,Rehabilitation & Resettlement,7,2024-09-19,2024-11-18,2024-11-17,59,60,0,0,synthetic
PCL-C6946601,PRJ-013,Possession,8,2024-11-17,2024-12-02,,288,15,1,1,synthetic
PCL-77BB821E,PRJ-013,Land Identification,0,2024-01-04,2024-01-19,2024-01-28,24,15,1,0,synthetic
PCL-77BB821E,PRJ-013,Survey/Parcel Mapping,1,2024-01-28,2024-02-27,2024-02-27,30,30,0,0,synthetic
PCL-77BB821E,PRJ-013,Ownership Verification,2,2024-02-27,2024-04-12,2024-05-10,73,45,1,0,synthetic
PCL-77BB821E,PRJ-013,Notification,3,2024-05-10,2024-05-30,2024-05-26,16,20,0,0,synthetic
PCL-77BB821E,PRJ-013,Objections/Hearings,4,2024-05-26,2024-06-25,2024-06-28,33,30,1,0,synthetic
PCL-77BB821E,PRJ-013,Compensation Assessment,5,2024-06-28,2024-08-07,2024-08-12,45,40,1,0,synthetic
PCL-77BB821E,PRJ-013,Compensation Disbursement,6,2024-08-12,2024-09-11,2024-09-30,49,30,1,0,synthetic
PCL-77BB821E,PRJ-013,Rehabilitation & Resettlement,7,2024-09-30,2024-11-29,2024-12-05,66,60,1,0,synthetic
PCL-77BB821E,PRJ-013,Possession,8,2024-12-05,2024-12-20,,270,15,1,1,synthetic
PCL-AC4167D6,PRJ-013,Land Identification,0,2024-02-06,2024-02-21,2024-02-25,19,15,1,0,synthetic
PCL-AC4167D6,PRJ-013,Survey/Parcel Mapping,1,2024-02-25,2024-03-26,2024-03-16,20,30,0,0,synthetic
PCL-AC4167D6,PRJ-013,Ownership Verification,2,2024-03-16,2024-04-30,2024-04-30,45,45,0,0,synthetic
PCL-AC4167D6,PRJ-013,Notification,3,2024-04-30,2024-05-20,2024-05-21,21,20,1,0,synthetic
PCL-AC4167D6,PRJ-013,Objections/Hearings,4,2024-05-21,2024-06-20,2024-06-23,33,30,1,0,synthetic
PCL-AC4167D6,PRJ-013,Compensation Assessment,5,2024-06-23,2024-08-02,2024-07-24,31,40,0,0,synthetic
PCL-AC4167D6,PRJ-013,Compensation Disbursement,6,2024-07-24,2024-08-23,2024-10-23,91,30,1,0,synthetic
PCL-AC4167D6,PRJ-013,Rehabilitation & Resettlement,7,2024-10-23,2024-12-22,2024-12-12,50,60,0,0,synthetic
PCL-AC4167D6,PRJ-013,Possession,8,2024-12-12,2024-12-27,,263,15,1,1,synthetic
PCL-F84ABEB0,PRJ-013,Land Identification,0,2024-01-28,2024-02-12,2024-02-08,11,15,0,0,synthetic
PCL-F84ABEB0,PRJ-013,Survey/Parcel Mapping,1,2024-02-08,2024-03-09,2024-03-24,45,30,1,0,synthetic
PCL-F84ABEB0,PRJ-013,Ownership Verification,2,2024-03-24,2024-05-08,2024-05-09,46,45,1,0,synthetic
PCL-F84ABEB0,PRJ-013,Notification,3,2024-05-09,2024-05-29,2024-05-27,18,20,0,0,synthetic
PCL-F84ABEB0,PRJ-013,Objections/Hearings,4,2024-05-27,2024-06-26,2024-07-06,40,30,1,0,synthetic
PCL-F84ABEB0,PRJ-013,Compensation Assessment,5,2024-07-06,2024-08-15,2024-08-21,46,40,1,0,synthetic
PCL-F84ABEB0,PRJ-013,Compensation Disbursement,6,2024-08-21,2024-09-20,,376,30,1,1,synthetic
PCL-2A131EF6,PRJ-013,Land Identification,0,2024-03-08,2024-03-23,2024-03-19,11,15,0,0,synthetic
PCL-2A131EF6,PRJ-013,Survey/Parcel Mapping,1,2024-03-19,2024-04-18,2024-04-06,18,30,0,0,synthetic
PCL-2A131EF6,PRJ-013,Ownership Verification,2,2024-04-06,2024-05-21,2024-05-06,30,45,0,0,synthetic
PCL-2A131EF6,PRJ-013,Notification,3,2024-05-06,2024-05-26,2024-06-02,27,20,1,0,synthetic
PCL-2A131EF6,PRJ-013,Objections/Hearings,4,2024-06-02,2024-07-02,2024-06-30,28,30,0,0,synthetic
PCL-2A131EF6,PRJ-013,Compensation Assessment,5,2024-06-30,2024-08-09,2024-08-03,34,40,0,0,synthetic
PCL-2A131EF6,PRJ-013,Compensation Disbursement,6,2024-08-03,2024-09-02,2024-09-29,57,30,1,0,synthetic
PCL-2A131EF6,PRJ-013,Rehabilitation & Resettlement,7,2024-09-29,2024-11-28,,337,60,1,1,synthetic
PCL-FAA861C7,PRJ-013,Land Identification,0,2024-01-06,2024-01-21,2024-01-19,13,15,0,0,synthetic
PCL-FAA861C7,PRJ-013,Survey/Parcel Mapping,1,2024-01-19,2024-02-18,2024-02-14,26,30,0,0,synthetic
PCL-FAA861C7,PRJ-013,Ownership Verification,2,2024-02-14,2024-03-30,2024-03-19,34,45,0,0,synthetic
PCL-FAA861C7,PRJ-013,Notification,3,2024-03-19,2024-04-08,2024-04-10,22,20,1,0,synthetic
PCL-FAA861C7,PRJ-013,Objections/Hearings,4,2024-04-10,2024-05-10,2024-04-29,19,30,0,0,synthetic
PCL-FAA861C7,PRJ-013,Compensation Assessment,5,2024-04-29,2024-06-08,,490,40,1,1,synthetic
PCL-AE3FF34C,PRJ-013,Land Identification,0,2024-02-01,2024-02-16,2024-02-28,27,15,1,0,synthetic
PCL-AE3FF34C,PRJ-013,Survey/Parcel Mapping,1,2024-02-28,2024-03-29,2024-03-26,27,30,0,0,synthetic
PCL-AE3FF34C,PRJ-013,Ownership Verification,2,2024-03-26,2024-05-10,2024-05-08,43,45,0,0,synthetic
PCL-AE3FF34C,PRJ-013,Notification,3,2024-05-08,2024-05-28,2024-06-01,24,20,1,0,synthetic
PCL-AE3FF34C,PRJ-013,Objections/Hearings,4,2024-06-01,2024-07-01,2024-06-28,27,30,0,0,synthetic
PCL-AE3FF34C,PRJ-013,Compensation Assessment,5,2024-06-28,2024-08-07,2024-07-23,25,40,0,0,synthetic
PCL-AE3FF34C,PRJ-013,Compensation Disbursement,6,2024-07-23,2024-08-22,2024-10-19,88,30,1,0,synthetic
PCL-AE3FF34C,PRJ-013,Rehabilitation & Resettlement,7,2024-10-19,2024-12-18,2025-01-20,93,60,1,0,synthetic
PCL-AE3FF34C,PRJ-013,Possession,8,2025-01-20,2025-02-04,2025-02-04,15,15,0,0,synthetic
PCL-AE3FF34C,PRJ-013,Closure/Handover,9,2025-02-04,2025-02-14,,209,10,1,1,synthetic
PCL-E6D91700,PRJ-013,Land Identification,0,2024-02-15,2024-03-01,,564,15,1,1,synthetic
PCL-22CE04F7,PRJ-013,Land Identification,0,2024-03-14,2024-03-29,2024-03-24,10,15,0,0,synthetic
PCL-22CE04F7,PRJ-013,Survey/Parcel Mapping,1,2024-03-24,2024-04-23,2024-04-21,28,30,0,0,synthetic
PCL-22CE04F7,PRJ-013,Ownership Verification,2,2024-04-21,2024-06-05,2024-06-03,43,45,0,0,synthetic
PCL-22CE04F7,PRJ-013,Notification,3,2024-06-03,2024-06-23,2024-06-21,18,20,0,0,synthetic
PCL-22CE04F7,PRJ-013,Objections/Hearings,4,2024-06-21,2024-07-21,2024-07-14,23,30,0,0,synthetic
PCL-22CE04F7,PRJ-013,Compensation Assessment,5,2024-07-14,2024-08-23,2024-08-24,41,40,1,0,synthetic
PCL-22CE04F7,PRJ-013,Compensation Disbursement,6,2024-08-24,2024-09-23,2024-11-21,89,30,1,0,synthetic
PCL-22CE04F7,PRJ-013,Rehabilitation & Resettlement,7,2024-11-21,2025-01-20,,284,60,1,1,synthetic
PCL-D1A68DEC,PRJ-013,Land Identification,0,2024-03-04,2024-03-19,2024-03-24,20,15,1,0,synthetic
PCL-D1A68DEC,PRJ-013,Survey/Parcel Mapping,1,2024-03-24,2024-04-23,2024-04-16,23,30,0,0,synthetic
PCL-D1A68DEC,PRJ-013,Ownership Verification,2,2024-04-16,2024-05-31,,503,45,1,1,synthetic
PCL-048EEE08,PRJ-013,Land Identification,0,2024-03-29,2024-04-13,2024-04-09,11,15,0,0,synthetic
PCL-048EEE08,PRJ-013,Survey/Parcel Mapping,1,2024-04-09,2024-05-09,,510,30,1,1,synthetic
PCL-A8FC38DF,PRJ-013,Land Identification,0,2024-01-07,2024-01-22,2024-01-19,12,15,0,0,synthetic
PCL-A8FC38DF,PRJ-013,Survey/Parcel Mapping,1,2024-01-19,2024-02-18,2024-02-10,22,30,0,0,synthetic
PCL-A8FC38DF,PRJ-013,Ownership Verification,2,2024-02-10,2024-03-26,2024-03-22,41,45,0,0,synthetic
PCL-A8FC38DF,PRJ-013,Notification,3,2024-03-22,2024-04-11,,528,20,1,1,synthetic
PCL-C35C89B2,PRJ-013,Land Identification,0,2024-02-17,2024-03-03,2024-03-03,15,15,0,0,synthetic
PCL-C35C89B2,PRJ-013,Survey/Parcel Mapping,1,2024-03-03,2024-04-02,2024-04-01,29,30,0,0,synthetic
PCL-C35C89B2,PRJ-013,Ownership Verification,2,2024-04-01,2024-05-16,2024-06-05,65,45,1,0,synthetic
PCL-C35C89B2,PRJ-013,Notification,3,2024-06-05,2024-06-25,2024-06-15,10,20,0,0,synthetic
PCL-C35C89B2,PRJ-013,Objections/Hearings,4,2024-06-15,2024-07-15,2024-07-08,23,30,0,0,synthetic
PCL-C35C89B2,PRJ-013,Compensation Assessment,5,2024-07-08,2024-08-17,2024-08-11,34,40,0,0,synthetic
PCL-C35C89B2,PRJ-013,Compensation Disbursement,6,2024-08-11,2024-09-10,2024-10-31,81,30,1,0,synthetic
PCL-C35C89B2,PRJ-013,Rehabilitation & Resettlement,7,2024-10-31,2024-12-30,2025-03-03,123,60,1,0,synthetic
PCL-C35C89B2,PRJ-013,Possession,8,2025-03-03,2025-03-18,2025-03-27,24,15,1,0,synthetic
PCL-C35C89B2,PRJ-013,Closure/Handover,9,2025-03-27,2025-04-06,,158,10,1,1,synthetic
PCL-AA454A9C,PRJ-013,Land Identification,0,2024-01-16,2024-01-31,2024-01-29,13,15,0,0,synthetic
PCL-AA454A9C,PRJ-013,Survey/Parcel Mapping,1,2024-01-29,2024-02-28,2024-03-01,32,30,1,0,synthetic
PCL-AA454A9C,PRJ-013,Ownership Verification,2,2024-03-01,2024-04-15,2024-04-01,31,45,0,0,synthetic
PCL-AA454A9C,PRJ-013,Notification,3,2024-04-01,2024-04-21,2024-04-13,12,20,0,0,synthetic
PCL-AA454A9C,PRJ-013,Objections/Hearings,4,2024-04-13,2024-05-13,2024-05-09,26,30,0,0,synthetic
PCL-AA454A9C,PRJ-013,Compensation Assessment,5,2024-05-09,2024-06-18,2024-06-14,36,40,0,0,synthetic
PCL-AA454A9C,PRJ-013,Compensation Disbursement,6,2024-06-14,2024-07-14,,444,30,1,1,synthetic
PCL-787AC3B7,PRJ-013,Land Identification,0,2024-01-18,2024-02-02,2024-01-31,13,15,0,0,synthetic
PCL-787AC3B7,PRJ-013,Survey/Parcel Mapping,1,2024-01-31,2024-03-01,2024-03-03,32,30,1,0,synthetic
PCL-787AC3B7,PRJ-013,Ownership Verification,2,2024-03-03,2024-04-17,2024-04-15,43,45,0,0,synthetic
PCL-787AC3B7,PRJ-013,Notification,3,2024-04-15,2024-05-05,,504,20,1,1,synthetic
PCL-A935E774,PRJ-013,Land Identification,0,2024-01-11,2024-01-26,2024-01-30,19,15,1,0,synthetic
PCL-A935E774,PRJ-013,Survey/Parcel Mapping,1,2024-01-30,2024-02-29,2024-02-29,30,30,0,0,synthetic
PCL-A935E774,PRJ-013,Ownership Verification,2,2024-02-29,2024-04-14,2024-04-13,44,45,0,0,synthetic
PCL-A935E774,PRJ-013,Notification,3,2024-04-13,2024-05-03,2024-05-06,23,20,1,0,synthetic
PCL-A935E774,PRJ-013,Objections/Hearings,4,2024-05-06,2024-06-05,2024-06-17,42,30,1,0,synthetic
PCL-A935E774,PRJ-013,Compensation Assessment,5,2024-06-17,2024-07-27,2024-07-10,23,40,0,0,synthetic
PCL-A935E774,PRJ-013,Compensation Disbursement,6,2024-07-10,2024-08-09,2024-09-21,73,30,1,0,synthetic
PCL-A935E774,PRJ-013,Rehabilitation & Resettlement,7,2024-09-21,2024-11-20,,345,60,1,1,synthetic
PCL-EDBC76FD,PRJ-013,Land Identification,0,2024-01-01,2024-01-16,2024-01-14,13,15,0,0,synthetic
PCL-EDBC76FD,PRJ-013,Survey/Parcel Mapping,1,2024-01-14,2024-02-13,2024-02-04,21,30,0,0,synthetic
PCL-EDBC76FD,PRJ-013,Ownership Verification,2,2024-02-04,2024-03-20,2024-04-11,67,45,1,0,synthetic
PCL-EDBC76FD,PRJ-013,Notification,3,2024-04-11,2024-05-01,2024-05-10,29,20,1,0,synthetic
PCL-EDBC76FD,PRJ-013,Objections/Hearings,4,2024-05-10,2024-06-09,,479,30,1,1,synthetic
PCL-F91BA288,PRJ-013,Land Identification,0,2024-02-16,2024-03-02,2024-03-04,17,15,1,0,synthetic
PCL-F91BA288,PRJ-013,Survey/Parcel Mapping,1,2024-03-04,2024-04-03,2024-03-27,23,30,0,0,synthetic
PCL-F91BA288,PRJ-013,Ownership Verification,2,2024-03-27,2024-05-11,,523,45,1,1,synthetic
PCL-33ECFD83,PRJ-013,Land Identification,0,2024-03-16,2024-03-31,2024-03-26,10,15,0,0,synthetic
PCL-33ECFD83,PRJ-013,Survey/Parcel Mapping,1,2024-03-26,2024-04-25,,524,30,1,1,synthetic
PCL-64FD76EB,PRJ-013,Land Identification,0,2024-02-23,2024-03-09,2024-03-11,17,15,1,0,synthetic
PCL-64FD76EB,PRJ-013,Survey/Parcel Mapping,1,2024-03-11,2024-04-10,2024-04-07,27,30,0,0,synthetic
PCL-64FD76EB,PRJ-013,Ownership Verification,2,2024-04-07,2024-05-22,2024-06-13,67,45,1,0,synthetic
PCL-64FD76EB,PRJ-013,Notification,3,2024-06-13,2024-07-03,2024-07-02,19,20,0,0,synthetic
PCL-64FD76EB,PRJ-013,Objections/Hearings,4,2024-07-02,2024-08-01,2024-08-05,34,30,1,0,synthetic
PCL-64FD76EB,PRJ-013,Compensation Assessment,5,2024-08-05,2024-09-14,2024-09-15,41,40,1,0,synthetic
PCL-64FD76EB,PRJ-013,Compensation Disbursement,6,2024-09-15,2024-10-15,2024-12-12,88,30,1,0,synthetic
PCL-64FD76EB,PRJ-013,Rehabilitation & Resettlement,7,2024-12-12,2025-02-10,2025-02-11,61,60,1,0,synthetic
PCL-64FD76EB,PRJ-013,Possession,8,2025-02-11,2025-02-26,,202,15,1,1,synthetic
PCL-5DD7C164,PRJ-013,Land Identification,0,2024-02-09,2024-02-24,2024-02-19,10,15,0,0,synthetic
PCL-5DD7C164,PRJ-013,Survey/Parcel Mapping,1,2024-02-19,2024-03-20,2024-03-21,31,30,1,0,synthetic
PCL-5DD7C164,PRJ-013,Ownership Verification,2,2024-03-21,2024-05-05,2024-05-07,47,45,1,0,synthetic
PCL-5DD7C164,PRJ-013,Notification,3,2024-05-07,2024-05-27,2024-05-20,13,20,0,0,synthetic
PCL-5DD7C164,PRJ-013,Objections/Hearings,4,2024-05-20,2024-06-19,,469,30,1,1,synthetic
PCL-67BEEB42,PRJ-013,Land Identification,0,2024-02-25,2024-03-11,2024-03-06,10,15,0,0,synthetic
PCL-67BEEB42,PRJ-013,Survey/Parcel Mapping,1,2024-03-06,2024-04-05,2024-04-15,40,30,1,0,synthetic
PCL-67BEEB42,PRJ-013,Ownership Verification,2,2024-04-15,2024-05-30,2024-05-31,46,45,1,0,synthetic
PCL-67BEEB42,PRJ-013,Notification,3,2024-05-31,2024-06-20,2024-06-16,16,20,0,0,synthetic
PCL-67BEEB42,PRJ-013,Objections/Hearings,4,2024-06-16,2024-07-16,2024-07-17,31,30,1,0,synthetic
PCL-67BEEB42,PRJ-013,Compensation Assessment,5,2024-07-17,2024-08-26,2024-08-23,37,40,0,0,synthetic
PCL-67BEEB42,PRJ-013,Compensation Disbursement,6,2024-08-23,2024-09-22,2024-11-16,85,30,1,0,synthetic
PCL-67BEEB42,PRJ-013,Rehabilitation & Resettlement,7,2024-11-16,2025-01-15,2025-02-19,95,60,1,0,synthetic
PCL-67BEEB42,PRJ-013,Possession,8,2025-02-19,2025-03-06,,194,15,1,1,synthetic
PCL-4BD353FE,PRJ-013,Land Identification,0,2024-01-26,2024-02-10,2024-02-05,10,15,0,0,synthetic
PCL-4BD353FE,PRJ-013,Survey/Parcel Mapping,1,2024-02-05,2024-03-06,2024-03-20,44,30,1,0,synthetic
PCL-4BD353FE,PRJ-013,Ownership Verification,2,2024-03-20,2024-05-04,2024-06-19,91,45,1,0,synthetic
PCL-4BD353FE,PRJ-013,Notification,3,2024-06-19,2024-07-09,2024-07-05,16,20,0,0,synthetic
PCL-4BD353FE,PRJ-013,Objections/Hearings,4,2024-07-05,2024-08-04,2024-07-27,22,30,0,0,synthetic
PCL-4BD353FE,PRJ-013,Compensation Assessment,5,2024-07-27,2024-09-05,2024-08-23,27,40,0,0,synthetic
PCL-4BD353FE,PRJ-013,Compensation Disbursement,6,2024-08-23,2024-09-22,,374,30,1,1,synthetic
PCL-CF39BFCD,PRJ-013,Land Identification,0,2024-03-03,2024-03-18,2024-03-18,15,15,0,0,synthetic
PCL-CF39BFCD,PRJ-013,Survey/Parcel Mapping,1,2024-03-18,2024-04-17,2024-05-12,55,30,1,0,synthetic
PCL-CF39BFCD,PRJ-013,Ownership Verification,2,2024-05-12,2024-06-26,2024-06-23,42,45,0,0,synthetic
PCL-CF39BFCD,PRJ-013,Notification,3,2024-06-23,2024-07-13,2024-07-07,14,20,0,0,synthetic
PCL-CF39BFCD,PRJ-013,Objections/Hearings,4,2024-07-07,2024-08-06,2024-07-30,23,30,0,0,synthetic
PCL-CF39BFCD,PRJ-013,Compensation Assessment,5,2024-07-30,2024-09-08,2024-09-02,34,40,0,0,synthetic
PCL-CF39BFCD,PRJ-013,Compensation Disbursement,6,2024-09-02,2024-10-02,2024-11-09,68,30,1,0,synthetic
PCL-CF39BFCD,PRJ-013,Rehabilitation & Resettlement,7,2024-11-09,2025-01-08,,296,60,1,1,synthetic
PCL-D1331239,PRJ-013,Land Identification,0,2024-02-17,2024-03-03,2024-02-25,8,15,0,0,synthetic
PCL-D1331239,PRJ-013,Survey/Parcel Mapping,1,2024-02-25,2024-03-26,2024-04-02,37,30,1,0,synthetic
PCL-D1331239,PRJ-013,Ownership Verification,2,2024-04-02,2024-05-17,,517,45,1,1,synthetic
PCL-19F9B70B,PRJ-013,Land Identification,0,2024-03-20,2024-04-04,2024-03-31,11,15,0,0,synthetic
PCL-19F9B70B,PRJ-013,Survey/Parcel Mapping,1,2024-03-31,2024-04-30,2024-05-08,38,30,1,0,synthetic
PCL-19F9B70B,PRJ-013,Ownership Verification,2,2024-05-08,2024-06-22,2024-07-05,58,45,1,0,synthetic
PCL-19F9B70B,PRJ-013,Notification,3,2024-07-05,2024-07-25,2024-07-22,17,20,0,0,synthetic
PCL-19F9B70B,PRJ-013,Objections/Hearings,4,2024-07-22,2024-08-21,2024-08-11,20,30,0,0,synthetic
PCL-19F9B70B,PRJ-013,Compensation Assessment,5,2024-08-11,2024-09-20,2024-09-12,32,40,0,0,synthetic
PCL-19F9B70B,PRJ-013,Compensation Disbursement,6,2024-09-12,2024-10-12,,354,30,1,1,synthetic
PCL-BFEB753A,PRJ-013,Land Identification,0,2024-02-11,2024-02-26,2024-02-26,15,15,0,0,synthetic
PCL-BFEB753A,PRJ-013,Survey/Parcel Mapping,1,2024-02-26,2024-03-27,2024-03-17,20,30,0,0,synthetic
PCL-BFEB753A,PRJ-013,Ownership Verification,2,2024-03-17,2024-05-01,2024-05-05,49,45,1,0,synthetic
PCL-BFEB753A,PRJ-013,Notification,3,2024-05-05,2024-05-25,2024-05-28,23,20,1,0,synthetic
PCL-BFEB753A,PRJ-013,Objections/Hearings,4,2024-05-28,2024-06-27,2024-06-23,26,30,0,0,synthetic
PCL-BFEB753A,PRJ-013,Compensation Assessment,5,2024-06-23,2024-08-02,2024-08-01,39,40,0,0,synthetic
PCL-BFEB753A,PRJ-013,Compensation Disbursement,6,2024-08-01,2024-08-31,2024-09-28,58,30,1,0,synthetic
PCL-BFEB753A,PRJ-013,Rehabilitation & Resettlement,7,2024-09-28,2024-11-27,2024-12-11,74,60,1,0,synthetic
PCL-BFEB753A,PRJ-013,Possession,8,2024-12-11,2024-12-26,,264,15,1,1,synthetic
PCL-60F16041,PRJ-013,Land Identification,0,2024-02-12,2024-02-27,2024-02-28,16,15,1,0,synthetic
PCL-60F16041,PRJ-013,Survey/Parcel Mapping,1,2024-02-28,2024-03-29,2024-03-23,24,30,0,0,synthetic
PCL-60F16041,PRJ-013,Ownership Verification,2,2024-03-23,2024-05-07,,527,45,1,1,synthetic
PCL-92D4CABB,PRJ-013,Land Identification,0,2024-03-19,2024-04-03,2024-04-02,14,15,0,0,synthetic
PCL-92D4CABB,PRJ-013,Survey/Parcel Mapping,1,2024-04-02,2024-05-02,2024-05-12,40,30,1,0,synthetic
PCL-92D4CABB,PRJ-013,Ownership Verification,2,2024-05-12,2024-06-26,2024-07-06,55,45,1,0,synthetic
PCL-92D4CABB,PRJ-013,Notification,3,2024-07-06,2024-07-26,2024-08-06,31,20,1,0,synthetic
PCL-92D4CABB,PRJ-013,Objections/Hearings,4,2024-08-06,2024-09-05,2024-09-12,37,30,1,0,synthetic
PCL-92D4CABB,PRJ-013,Compensation Assessment,5,2024-09-12,2024-10-22,2024-10-18,36,40,0,0,synthetic
PCL-92D4CABB,PRJ-013,Compensation Disbursement,6,2024-10-18,2024-11-17,2024-12-30,73,30,1,0,synthetic
PCL-92D4CABB,PRJ-013,Rehabilitation & Resettlement,7,2024-12-30,2025-02-28,2025-02-04,36,60,0,0,synthetic
PCL-92D4CABB,PRJ-013,Possession,8,2025-02-04,2025-02-19,,209,15,1,1,synthetic
PCL-D4155F45,PRJ-013,Land Identification,0,2024-02-17,2024-03-03,2024-02-29,12,15,0,0,synthetic
PCL-D4155F45,PRJ-013,Survey/Parcel Mapping,1,2024-02-29,2024-03-30,2024-03-21,21,30,0,0,synthetic
PCL-D4155F45,PRJ-013,Ownership Verification,2,2024-03-21,2024-05-05,,529,45,1,1,synthetic
PCL-61CD76AF,PRJ-013,Land Identification,0,2024-03-11,2024-03-26,,539,15,1,1,synthetic
PCL-C1373AA8,PRJ-013,Land Identification,0,2024-03-24,2024-04-08,2024-04-09,16,15,1,0,synthetic
PCL-C1373AA8,PRJ-013,Survey/Parcel Mapping,1,2024-04-09,2024-05-09,2024-05-02,23,30,0,0,synthetic
PCL-C1373AA8,PRJ-013,Ownership Verification,2,2024-05-02,2024-06-16,2024-06-17,46,45,1,0,synthetic
PCL-C1373AA8,PRJ-013,Notification,3,2024-06-17,2024-07-07,2024-07-06,19,20,0,0,synthetic
PCL-C1373AA8,PRJ-013,Objections/Hearings,4,2024-07-06,2024-08-05,2024-08-06,31,30,1,0,synthetic
PCL-C1373AA8,PRJ-013,Compensation Assessment,5,2024-08-06,2024-09-15,,391,40,1,1,synthetic
PCL-CA49F819,PRJ-013,Land Identification,0,2024-03-21,2024-04-05,2024-04-06,16,15,1,0,synthetic
PCL-CA49F819,PRJ-013,Survey/Parcel Mapping,1,2024-04-06,2024-05-06,2024-05-15,39,30,1,0,synthetic
PCL-CA49F819,PRJ-013,Ownership Verification,2,2024-05-15,2024-06-29,2024-09-21,129,45,1,0,synthetic
PCL-CA49F819,PRJ-013,Notification,3,2024-09-21,2024-10-11,2024-10-21,30,20,1,0,synthetic
PCL-CA49F819,PRJ-013,Objections/Hearings,4,2024-10-21,2024-11-20,,315,30,1,1,synthetic
PCL-C8B404B8,PRJ-013,Land Identification,0,2024-02-23,2024-03-09,2024-03-10,16,15,1,0,synthetic
PCL-C8B404B8,PRJ-013,Survey/Parcel Mapping,1,2024-03-10,2024-04-09,2024-03-31,21,30,0,0,synthetic
PCL-C8B404B8,PRJ-013,Ownership Verification,2,2024-03-31,2024-05-15,2024-05-12,42,45,0,0,synthetic
PCL-C8B404B8,PRJ-013,Notification,3,2024-05-12,2024-06-01,,477,20,1,1,synthetic
PCL-3DCE3645,PRJ-013,Land Identification,0,2024-02-23,2024-03-09,,556,15,1,1,synthetic
PCL-CEBB6314,PRJ-013,Land Identification,0,2024-03-08,2024-03-23,2024-03-20,12,15,0,0,synthetic
PCL-CEBB6314,PRJ-013,Survey/Parcel Mapping,1,2024-03-20,2024-04-19,2024-04-18,29,30,0,0,synthetic
PCL-CEBB6314,PRJ-013,Ownership Verification,2,2024-04-18,2024-06-02,2024-06-10,53,45,1,0,synthetic
PCL-CEBB6314,PRJ-013,Notification,3,2024-06-10,2024-06-30,2024-06-28,18,20,0,0,synthetic
PCL-CEBB6314,PRJ-013,Objections/Hearings,4,2024-06-28,2024-07-28,2024-07-27,29,30,0,0,synthetic
PCL-CEBB6314,PRJ-013,Compensation Assessment,5,2024-07-27,2024-09-05,2024-09-12,47,40,1,0,synthetic
PCL-CEBB6314,PRJ-013,Compensation Disbursement,6,2024-09-12,2024-10-12,,354,30,1,1,synthetic
PCL-11EA654C,PRJ-013,Land Identification,0,2024-02-15,2024-03-01,2024-02-28,13,15,0,0,synthetic
PCL-11EA654C,PRJ-013,Survey/Parcel Mapping,1,2024-02-28,2024-03-29,2024-04-12,44,30,1,0,synthetic
PCL-11EA654C,PRJ-013,Ownership Verification,2,2024-04-12,2024-05-27,2024-05-28,46,45,1,0,synthetic
PCL-11EA654C,PRJ-013,Notification,3,2024-05-28,2024-06-17,2024-06-10,13,20,0,0,synthetic
PCL-11EA654C,PRJ-013,Objections/Hearings,4,2024-06-10,2024-07-10,2024-07-10,30,30,0,0,synthetic
PCL-11EA654C,PRJ-013,Compensation Assessment,5,2024-07-10,2024-08-19,2024-08-16,37,40,0,0,synthetic
PCL-11EA654C,PRJ-013,Compensation Disbursement,6,2024-08-16,2024-09-15,2024-10-25,70,30,1,0,synthetic
PCL-11EA654C,PRJ-013,Rehabilitation & Resettlement,7,2024-10-25,2024-12-24,2024-12-25,61,60,1,0,synthetic
PCL-11EA654C,PRJ-013,Possession,8,2024-12-25,2025-01-09,,250,15,1,1,synthetic
PCL-057790C7,PRJ-013,Land Identification,0,2024-03-15,2024-03-30,2024-03-31,16,15,1,0,synthetic
PCL-057790C7,PRJ-013,Survey/Parcel Mapping,1,2024-03-31,2024-04-30,,519,30,1,1,synthetic
PCL-DF36103C,PRJ-013,Land Identification,0,2024-01-12,2024-01-27,2024-01-29,17,15,1,0,synthetic
PCL-DF36103C,PRJ-013,Survey/Parcel Mapping,1,2024-01-29,2024-02-28,2024-02-26,28,30,0,0,synthetic
PCL-DF36103C,PRJ-013,Ownership Verification,2,2024-02-26,2024-04-11,2024-04-18,52,45,1,0,synthetic
PCL-DF36103C,PRJ-013,Notification,3,2024-04-18,2024-05-08,2024-05-08,20,20,0,0,synthetic
PCL-DF36103C,PRJ-013,Objections/Hearings,4,2024-05-08,2024-06-07,2024-06-13,36,30,1,0,synthetic
PCL-DF36103C,PRJ-013,Compensation Assessment,5,2024-06-13,2024-07-23,2024-07-30,47,40,1,0,synthetic
PCL-DF36103C,PRJ-013,Compensation Disbursement,6,2024-07-30,2024-08-29,2024-10-21,83,30,1,0,synthetic
PCL-DF36103C,PRJ-013,Rehabilitation & Resettlement,7,2024-10-21,2024-12-20,2025-01-28,99,60,1,0,synthetic
PCL-DF36103C,PRJ-013,Possession,8,2025-01-28,2025-02-12,2025-02-10,13,15,0,0,synthetic
PCL-DF36103C,PRJ-013,Closure/Handover,9,2025-02-10,2025-02-20,,203,10,1,1,synthetic
PCL-06600B97,PRJ-013,Land Identification,0,2024-03-08,2024-03-23,2024-03-28,20,15,1,0,synthetic
PCL-06600B97,PRJ-013,Survey/Parcel Mapping,1,2024-03-28,2024-04-27,,522,30,1,1,synthetic
PCL-0DF5EDC5,PRJ-013,Land Identification,0,2024-03-25,2024-04-09,2024-04-14,20,15,1,0,synthetic
PCL-0DF5EDC5,PRJ-013,Survey/Parcel Mapping,1,2024-04-14,2024-05-14,,505,30,1,1,synthetic
PCL-969DEEEB,PRJ-013,Land Identification,0,2024-01-23,2024-02-07,2024-02-03,11,15,0,0,synthetic
PCL-969DEEEB,PRJ-013,Survey/Parcel Mapping,1,2024-02-03,2024-03-04,2024-03-04,30,30,0,0,synthetic
PCL-969DEEEB,PRJ-013,Ownership Verification,2,2024-03-04,2024-04-18,,546,45,1,1,synthetic
PCL-6F8D5775,PRJ-013,Land Identification,0,2024-01-14,2024-01-29,2024-01-26,12,15,0,0,synthetic
PCL-6F8D5775,PRJ-013,Survey/Parcel Mapping,1,2024-01-26,2024-02-25,2024-02-24,29,30,0,0,synthetic
PCL-6F8D5775,PRJ-013,Ownership Verification,2,2024-02-24,2024-04-09,2024-04-27,63,45,1,0,synthetic
PCL-6F8D5775,PRJ-013,Notification,3,2024-04-27,2024-05-17,2024-05-17,20,20,0,0,synthetic
PCL-6F8D5775,PRJ-013,Objections/Hearings,4,2024-05-17,2024-06-16,2024-06-20,34,30,1,0,synthetic
PCL-6F8D5775,PRJ-013,Compensation Assessment,5,2024-06-20,2024-07-30,2024-07-28,38,40,0,0,synthetic
PCL-6F8D5775,PRJ-013,Compensation Disbursement,6,2024-07-28,2024-08-27,2024-09-27,61,30,1,0,synthetic
PCL-6F8D5775,PRJ-013,Rehabilitation & Resettlement,7,2024-09-27,2024-11-26,,339,60,1,1,synthetic
PCL-8FB2D015,PRJ-015,Land Identification,0,2024-01-22,2024-02-06,2024-02-13,22,15,1,0,synthetic
PCL-8FB2D015,PRJ-015,Survey/Parcel Mapping,1,2024-02-13,2024-03-14,2024-03-16,32,30,1,0,synthetic
PCL-8FB2D015,PRJ-015,Ownership Verification,2,2024-03-16,2024-04-30,,534,45,1,1,synthetic
PCL-16B0BF86,PRJ-015,Land Identification,0,2024-01-10,2024-01-25,2024-01-26,16,15,1,0,synthetic
PCL-16B0BF86,PRJ-015,Survey/Parcel Mapping,1,2024-01-26,2024-02-25,2024-03-03,37,30,1,0,synthetic
PCL-16B0BF86,PRJ-015,Ownership Verification,2,2024-03-03,2024-04-17,2024-04-12,40,45,0,0,synthetic
PCL-16B0BF86,PRJ-015,Notification,3,2024-04-12,2024-05-02,2024-04-29,17,20,0,0,synthetic
PCL-16B0BF86,PRJ-015,Objections/Hearings,4,2024-04-29,2024-05-29,2024-05-19,20,30,0,0,synthetic
PCL-16B0BF86,PRJ-015,Compensation Assessment,5,2024-05-19,2024-06-28,2024-07-02,44,40,1,0,synthetic
PCL-16B0BF86,PRJ-015,Compensation Disbursement,6,2024-07-02,2024-08-01,2024-07-25,23,30,0,0,synthetic
PCL-16B0BF86,PRJ-015,Rehabilitation & Resettlement,7,2024-07-25,2024-09-23,2024-09-17,54,60,0,0,synthetic
PCL-16B0BF86,PRJ-015,Possession,8,2024-09-17,2024-10-02,2024-09-30,13,15,0,0,synthetic
PCL-16B0BF86,PRJ-015,Closure/Handover,9,2024-09-30,2024-10-10,,336,10,1,1,synthetic
PCL-7BE86239,PRJ-015,Land Identification,0,2024-01-10,2024-01-25,2024-01-23,13,15,0,0,synthetic
PCL-7BE86239,PRJ-015,Survey/Parcel Mapping,1,2024-01-23,2024-02-22,2024-03-20,57,30,1,0,synthetic
PCL-7BE86239,PRJ-015,Ownership Verification,2,2024-03-20,2024-05-04,2024-05-11,52,45,1,0,synthetic
PCL-7BE86239,PRJ-015,Notification,3,2024-05-11,2024-05-31,2024-05-31,20,20,0,0,synthetic
PCL-7BE86239,PRJ-015,Objections/Hearings,4,2024-05-31,2024-06-30,2024-06-29,29,30,0,0,synthetic
PCL-7BE86239,PRJ-015,Compensation Assessment,5,2024-06-29,2024-08-08,2024-08-03,35,40,0,0,synthetic
PCL-7BE86239,PRJ-015,Compensation Disbursement,6,2024-08-03,2024-09-02,,394,30,1,1,synthetic
PCL-E64E0226,PRJ-015,Land Identification,0,2024-02-08,2024-02-23,2024-03-07,28,15,1,0,synthetic
PCL-E64E0226,PRJ-015,Survey/Parcel Mapping,1,2024-03-07,2024-04-06,2024-03-27,20,30,0,0,synthetic
PCL-E64E0226,PRJ-015,Ownership Verification,2,2024-03-27,2024-05-11,2024-05-01,35,45,0,0,synthetic
PCL-E64E0226,PRJ-015,Notification,3,2024-05-01,2024-05-21,2024-05-30,29,20,1,0,synthetic
PCL-E64E0226,PRJ-015,Objections/Hearings,4,2024-05-30,2024-06-29,2024-07-09,40,30,1,0,synthetic
PCL-E64E0226,PRJ-015,Compensation Assessment,5,2024-07-09,2024-08-18,,419,40,1,1,synthetic
PCL-BD09538E,PRJ-015,Land Identification,0,2024-01-27,2024-02-11,2024-02-08,12,15,0,0,synthetic
PCL-BD09538E,PRJ-015,Survey/Parcel Mapping,1,2024-02-08,2024-03-09,2024-03-02,23,30,0,0,synthetic
PCL-BD09538E,PRJ-015,Ownership Verification,2,2024-03-02,2024-04-16,2024-04-19,48,45,1,0,synthetic
PCL-BD09538E,PRJ-015,Notification,3,2024-04-19,2024-05-09,2024-04-30,11,20,0,0,synthetic
PCL-BD09538E,PRJ-015,Objections/Hearings,4,2024-04-30,2024-05-30,2024-05-28,28,30,0,0,synthetic
PCL-BD09538E,PRJ-015,Compensation Assessment,5,2024-05-28,2024-07-07,2024-07-09,42,40,1,0,synthetic
PCL-BD09538E,PRJ-015,Compensation Disbursement,6,2024-07-09,2024-08-08,2024-08-15,37,30,1,0,synthetic
PCL-BD09538E,PRJ-015,Rehabilitation & Resettlement,7,2024-08-15,2024-10-14,2024-09-30,46,60,0,0,synthetic
PCL-BD09538E,PRJ-015,Possession,8,2024-09-30,2024-10-15,2024-10-19,19,15,1,0,synthetic
PCL-BD09538E,PRJ-015,Closure/Handover,9,2024-10-19,2024-10-29,,317,10,1,1,synthetic
PCL-19A05DA3,PRJ-015,Land Identification,0,2024-01-21,2024-02-05,2024-01-30,9,15,0,0,synthetic
PCL-19A05DA3,PRJ-015,Survey/Parcel Mapping,1,2024-01-30,2024-02-29,,580,30,1,1,synthetic
PCL-207793FC,PRJ-015,Land Identification,0,2024-03-14,2024-03-29,2024-04-04,21,15,1,0,synthetic
PCL-207793FC,PRJ-015,Survey/Parcel Mapping,1,2024-04-04,2024-05-04,,515,30,1,1,synthetic
PCL-F2D365AA,PRJ-015,Land Identification,0,2024-03-18,2024-04-02,2024-03-30,12,15,0,0,synthetic
PCL-F2D365AA,PRJ-015,Survey/Parcel Mapping,1,2024-03-30,2024-04-29,2024-04-24,25,30,0,0,synthetic
PCL-F2D365AA,PRJ-015,Ownership Verification,2,2024-04-24,2024-06-08,2024-05-31,37,45,0,0,synthetic
PCL-F2D365AA,PRJ-015,Notification,3,2024-05-31,2024-06-20,2024-06-16,16,20,0,0,synthetic
PCL-F2D365AA,PRJ-015,Objections/Hearings,4,2024-06-16,2024-07-16,2024-07-07,21,30,0,0,synthetic
PCL-F2D365AA,PRJ-015,Compensation Assessment,5,2024-07-07,2024-08-16,2024-09-03,58,40,1,0,synthetic
PCL-F2D365AA,PRJ-015,Compensation Disbursement,6,2024-09-03,2024-10-03,2024-10-03,30,30,0,0,synthetic
PCL-F2D365AA,PRJ-015,Rehabilitation & Resettlement,7,2024-10-03,2024-12-02,2024-12-12,70,60,1,0,synthetic
PCL-F2D365AA,PRJ-015,Possession,8,2024-12-12,2024-12-27,2024-12-21,9,15,0,0,synthetic
PCL-F2D365AA,PRJ-015,Closure/Handover,9,2024-12-21,2024-12-31,,254,10,1,1,synthetic
PCL-56441DE5,PRJ-015,Land Identification,0,2024-03-03,2024-03-18,2024-03-21,18,15,1,0,synthetic
PCL-56441DE5,PRJ-015,Survey/Parcel Mapping,1,2024-03-21,2024-04-20,2024-04-21,31,30,1,0,synthetic
PCL-56441DE5,PRJ-015,Ownership Verification,2,2024-04-21,2024-06-05,2024-05-17,26,45,0,0,synthetic
PCL-56441DE5,PRJ-015,Notification,3,2024-05-17,2024-06-06,2024-06-02,16,20,0,0,synthetic
PCL-56441DE5,PRJ-015,Objections/Hearings,4,2024-06-02,2024-07-02,2024-06-24,22,30,0,0,synthetic
PCL-56441DE5,PRJ-015,Compensation Assessment,5,2024-06-24,2024-08-03,2024-07-20,26,40,0,0,synthetic
PCL-56441DE5,PRJ-015,Compensation Disbursement,6,2024-07-20,2024-08-19,,408,30,1,1,synthetic
PCL-71ED39D8,PRJ-015,Land Identification,0,2024-03-13,2024-03-28,2024-03-22,9,15,0,0,synthetic
PCL-71ED39D8,PRJ-015,Survey/Parcel Mapping,1,2024-03-22,2024-04-21,2024-04-11,20,30,0,0,synthetic
PCL-71ED39D8,PRJ-015,Ownership Verification,2,2024-04-11,2024-05-26,,508,45,1,1,synthetic
PCL-4912D992,PRJ-015,Land Identification,0,2024-01-19,2024-02-03,2024-01-28,9,15,0,0,synthetic
PCL-4912D992,PRJ-015,Survey/Parcel Mapping,1,2024-01-28,2024-02-27,2024-03-01,33,30,1,0,synthetic
PCL-4912D992,PRJ-015,Ownership Verification,2,2024-03-01,2024-04-15,2024-04-11,41,45,0,0,synthetic
PCL-4912D992,PRJ-015,Notification,3,2024-04-11,2024-05-01,2024-04-27,16,20,0,0,synthetic
PCL-4912D992,PRJ-015,Objections/Hearings,4,2024-04-27,2024-05-27,2024-05-26,29,30,0,0,synthetic
PCL-4912D992,PRJ-015,Compensation Assessment,5,2024-05-26,2024-07-05,2024-06-28,33,40,0,0,synthetic
PCL-4912D992,PRJ-015,Compensation Disbursement,6,2024-06-28,2024-07-28,2024-07-17,19,30,0,0,synthetic
PCL-4912D992,PRJ-015,Rehabilitation & Resettlement,7,2024-07-17,2024-09-15,,411,60,1,1,synthetic
PCL-68D7695B,PRJ-015,Land Identification,0,2024-02-27,2024-03-13,2024-03-14,16,15,1,0,synthetic
PCL-68D7695B,PRJ-015,Survey/Parcel Mapping,1,2024-03-14,2024-04-13,2024-04-04,21,30,0,0,synthetic
PCL-68D7695B,PRJ-015,Ownership Verification,2,2024-04-04,2024-05-19,2024-05-24,50,45,1,0,synthetic
PCL-68D7695B,PRJ-015,Notification,3,2024-05-24,2024-06-13,2024-06-16,23,20,1,0,synthetic
PCL-68D7695B,PRJ-015,Objections/Hearings,4,2024-06-16,2024-07-16,2024-07-17,31,30,1,0,synthetic
PCL-68D7695B,PRJ-015,Compensation Assessment,5,2024-07-17,2024-08-26,2024-08-24,38,40,0,0,synthetic
PCL-68D7695B,PRJ-015,Compensation Disbursement,6,2024-08-24,2024-09-23,2024-09-30,37,30,1,0,synthetic
PCL-68D7695B,PRJ-015,Rehabilitation & Resettlement,7,2024-09-30,2024-11-29,2024-11-18,49,60,0,0,synthetic
PCL-68D7695B,PRJ-015,Possession,8,2024-11-18,2024-12-03,,287,15,1,1,synthetic
PCL-7AD2E7F2,PRJ-015,Land Identification,0,2024-03-23,2024-04-07,2024-03-30,7,15,0,0,synthetic
PCL-7AD2E7F2,PRJ-015,Survey/Parcel Mapping,1,2024-03-30,2024-04-29,2024-05-16,47,30,1,0,synthetic
PCL-7AD2E7F2,PRJ-015,Ownership Verification,2,2024-05-16,2024-06-30,2024-06-20,35,45,0,0,synthetic
PCL-7AD2E7F2,PRJ-015,Notification,3,2024-06-20,2024-07-10,2024-07-06,16,20,0,0,synthetic
PCL-7AD2E7F2,PRJ-015,Objections/Hearings,4,2024-07-06,2024-08-05,,422,30,1,1,synthetic
PCL-C1AD2E1F,PRJ-015,Land Identification,0,2024-03-05,2024-03-20,2024-03-30,25,15,1,0,synthetic
PCL-C1AD2E1F,PRJ-015,Survey/Parcel Mapping,1,2024-03-30,2024-04-29,2024-04-26,27,30,0,0,synthetic
PCL-C1AD2E1F,PRJ-015,Ownership Verification,2,2024-04-26,2024-06-10,2024-06-04,39,45,0,0,synthetic
PCL-C1AD2E1F,PRJ-015,Notification,3,2024-06-04,2024-06-24,2024-07-02,28,20,1,0,synthetic
PCL-C1AD2E1F,PRJ-015,Objections/Hearings,4,2024-07-02,2024-08-01,2024-07-28,26,30,0,0,synthetic
PCL-C1AD2E1F,PRJ-015,Compensation Assessment,5,2024-07-28,2024-09-06,,400,40,1,1,synthetic
PCL-BB5E4957,PRJ-015,Land Identification,0,2024-02-16,2024-03-02,2024-02-22,6,15,0,0,synthetic
PCL-BB5E4957,PRJ-015,Survey/Parcel Mapping,1,2024-02-22,2024-03-23,2024-03-12,19,30,0,0,synthetic
PCL-BB5E4957,PRJ-015,Ownership Verification,2,2024-03-12,2024-04-26,2024-05-02,51,45,1,0,synthetic
PCL-BB5E4957,PRJ-015,Notification,3,2024-05-02,2024-05-22,2024-05-14,12,20,0,0,synthetic
PCL-BB5E4957,PRJ-015,Objections/Hearings,4,2024-05-14,2024-06-13,2024-06-23,40,30,1,0,synthetic
PCL-BB5E4957,PRJ-015,Compensation Assessment,5,2024-06-23,2024-08-02,2024-07-29,36,40,0,0,synthetic
PCL-BB5E4957,PRJ-015,Compensation Disbursement,6,2024-07-29,2024-08-28,2024-08-28,30,30,0,0,synthetic
PCL-BB5E4957,PRJ-015,Rehabilitation & Resettlement,7,2024-08-28,2024-10-27,,369,60,1,1,synthetic
PCL-BEA70B4E,PRJ-015,Land Identification,0,2024-03-16,2024-03-31,2024-03-28,12,15,0,0,synthetic
PCL-BEA70B4E,PRJ-015,Survey/Parcel Mapping,1,2024-03-28,2024-04-27,2024-04-25,28,30,0,0,synthetic
PCL-BEA70B4E,PRJ-015,Ownership Verification,2,2024-04-25,2024-06-09,2024-05-25,30,45,0,0,synthetic
PCL-BEA70B4E,PRJ-015,Notification,3,2024-05-25,2024-06-14,,464,20,1,1,synthetic
PCL-D5E201F9,PRJ-015,Land Identification,0,2024-02-07,2024-02-22,2024-02-23,16,15,1,0,synthetic
PCL-D5E201F9,PRJ-015,Survey/Parcel Mapping,1,2024-02-23,2024-03-24,2024-03-19,25,30,0,0,synthetic
PCL-D5E201F9,PRJ-015,Ownership Verification,2,2024-03-19,2024-05-03,2024-05-26,68,45,1,0,synthetic
PCL-D5E201F9,PRJ-015,Notification,3,2024-05-26,2024-06-15,2024-06-13,18,20,0,0,synthetic
PCL-D5E201F9,PRJ-015,Objections/Hearings,4,2024-06-13,2024-07-13,2024-07-11,28,30,0,0,synthetic
PCL-D5E201F9,PRJ-015,Compensation Assessment,5,2024-07-11,2024-08-20,,417,40,1,1,synthetic
PCL-8AFA3581,PRJ-015,Land Identification,0,2024-02-11,2024-02-26,2024-02-27,16,15,1,0,synthetic
PCL-8AFA3581,PRJ-015,Survey/Parcel Mapping,1,2024-02-27,2024-03-28,2024-04-04,37,30,1,0,synthetic
PCL-8AFA3581,PRJ-015,Ownership Verification,2,2024-04-04,2024-05-19,2024-05-19,45,45,0,0,synthetic
PCL-8AFA3581,PRJ-015,Notification,3,2024-05-19,2024-06-08,2024-06-04,16,20,0,0,synthetic
PCL-8AFA3581,PRJ-015,Objections/Hearings,4,2024-06-04,2024-07-04,2024-06-28,24,30,0,0,synthetic
PCL-8AFA3581,PRJ-015,Compensation Assessment,5,2024-06-28,2024-08-07,2024-08-16,49,40,1,0,synthetic
PCL-8AFA3581,PRJ-015,Compensation Disbursement,6,2024-08-16,2024-09-15,,381,30,1,1,synthetic
PCL-30984175,PRJ-015,Land Identification,0,2024-01-20,2024-02-04,2024-02-14,25,15,1,0,synthetic
PCL-30984175,PRJ-015,Survey/Parcel Mapping,1,2024-02-14,2024-03-15,2024-03-01,16,30,0,0,synthetic
PCL-30984175,PRJ-015,Ownership Verification,2,2024-03-01,2024-04-15,2024-04-16,46,45,1,0,synthetic
PCL-30984175,PRJ-015,Notification,3,2024-04-16,2024-05-06,2024-05-01,15,20,0,0,synthetic
PCL-30984175,PRJ-015,Objections/Hearings,4,2024-05-01,2024-05-31,2024-06-07,37,30,1,0,synthetic
PCL-30984175,PRJ-015,Compensation Assessment,5,2024-06-07,2024-07-17,2024-07-19,42,40,1,0,synthetic
PCL-30984175,PRJ-015,Compensation Disbursement,6,2024-07-19,2024-08-18,2024-08-16,28,30,0,0,synthetic
PCL-30984175,PRJ-015,Rehabilitation & Resettlement,7,2024-08-16,2024-10-15,,381,60,1,1,synthetic
PCL-3C67DE25,PRJ-015,Land Identification,0,2024-01-02,2024-01-17,2024-01-15,13,15,0,0,synthetic
PCL-3C67DE25,PRJ-015,Survey/Parcel Mapping,1,2024-01-15,2024-02-14,2024-02-28,44,30,1,0,synthetic
PCL-3C67DE25,PRJ-015,Ownership Verification,2,2024-02-28,2024-04-13,2024-04-17,49,45,1,0,synthetic
PCL-3C67DE25,PRJ-015,Notification,3,2024-04-17,2024-05-07,,502,20,1,1,synthetic
PCL-8F33FB1D,PRJ-015,Land Identification,0,2024-02-15,2024-03-01,2024-02-29,14,15,0,0,synthetic
PCL-8F33FB1D,PRJ-015,Survey/Parcel Mapping,1,2024-02-29,2024-03-30,2024-04-09,40,30,1,0,synthetic
PCL-8F33FB1D,PRJ-015,Ownership Verification,2,2024-04-09,2024-05-24,,510,45,1,1,synthetic
PCL-1C7FCD94,PRJ-015,Land Identification,0,2024-03-17,2024-04-01,2024-03-27,10,15,0,0,synthetic
PCL-1C7FCD94,PRJ-015,Survey/Parcel Mapping,1,2024-03-27,2024-04-26,2024-04-29,33,30,1,0,synthetic
PCL-1C7FCD94,PRJ-015,Ownership Verification,2,2024-04-29,2024-06-13,2024-07-04,66,45,1,0,synthetic
PCL-1C7FCD94,PRJ-015,Notification,3,2024-07-04,2024-07-24,2024-07-24,20,20,0,0,synthetic
PCL-1C7FCD94,PRJ-015,Objections/Hearings,4,2024-07-24,2024-08-23,2024-08-14,21,30,0,0,synthetic
PCL-1C7FCD94,PRJ-015,Compensation Assessment,5,2024-08-14,2024-09-23,,383,40,1,1,synthetic
PCL-DB38EB51,PRJ-015,Land Identification,0,2024-02-06,2024-02-21,2024-03-01,24,15,1,0,synthetic
PCL-DB38EB51,PRJ-015,Survey/Parcel Mapping,1,2024-03-01,2024-03-31,2024-03-31,30,30,0,0,synthetic
PCL-DB38EB51,PRJ-015,Ownership Verification,2,2024-03-31,2024-05-15,2024-05-05,35,45,0,0,synthetic
PCL-DB38EB51,PRJ-015,Notification,3,2024-05-05,2024-05-25,,484,20,1,1,synthetic
PCL-777E6CBB,PRJ-015,Land Identification,0,2024-01-22,2024-02-06,,588,15,1,1,synthetic
PCL-A8C249AB,PRJ-015,Land Identification,0,2024-03-25,2024-04-09,2024-04-14,20,15,1,0,synthetic
PCL-A8C249AB,PRJ-015,Survey/Parcel Mapping,1,2024-04-14,2024-05-14,2024-05-25,41,30,1,0,synthetic
PCL-A8C249AB,PRJ-015,Ownership Verification,2,2024-05-25,2024-07-09,,464,45,1,1,synthetic
PCL-E86AB94C,PRJ-015,Land Identification,0,2024-03-17,2024-04-01,2024-03-29,12,15,0,0,synthetic
PCL-E86AB94C,PRJ-015,Survey/Parcel Mapping,1,2024-03-29,2024-04-28,2024-04-25,27,30,0,0,synthetic
PCL-E86AB94C,PRJ-015,Ownership Verification,2,2024-04-25,2024-06-09,2024-07-20,86,45,1,0,synthetic
PCL-E86AB94C,PRJ-015,Notification,3,2024-07-20,2024-08-09,2024-08-21,32,20,1,0,synthetic
PCL-E86AB94C,PRJ-015,Objections/Hearings,4,2024-08-21,2024-09-20,2024-09-20,30,30,0,0,synthetic
PCL-E86AB94C,PRJ-015,Compensation Assessment,5,2024-09-20,2024-10-30,2024-10-19,29,40,0,0,synthetic
PCL-E86AB94C,PRJ-015,Compensation Disbursement,6,2024-10-19,2024-11-18,,317,30,1,1,synthetic
PCL-88606C09,PRJ-015,Land Identification,0,2024-01-09,2024-01-24,2024-01-30,21,15,1,0,synthetic
PCL-88606C09,PRJ-015,Survey/Parcel Mapping,1,2024-01-30,2024-02-29,,580,30,1,1,synthetic
PCL-6B8BAAF0,PRJ-015,Land Identification,0,2024-03-04,2024-03-19,2024-03-16,12,15,0,0,synthetic
PCL-6B8BAAF0,PRJ-015,Survey/Parcel Mapping,1,2024-03-16,2024-04-15,2024-04-18,33,30,1,0,synthetic
PCL-6B8BAAF0,PRJ-015,Ownership Verification,2,2024-04-18,2024-06-02,2024-06-03,46,45,1,0,synthetic
PCL-6B8BAAF0,PRJ-015,Notification,3,2024-06-03,2024-06-23,2024-07-11,38,20,1,0,synthetic
PCL-6B8BAAF0,PRJ-015,Objections/Hearings,4,2024-07-11,2024-08-10,2024-08-06,26,30,0,0,synthetic
PCL-6B8BAAF0,PRJ-015,Compensation Assessment,5,2024-08-06,2024-09-15,2024-09-15,40,40,0,0,synthetic
PCL-6B8BAAF0,PRJ-015,Compensation Disbursement,6,2024-09-15,2024-10-15,2024-10-13,28,30,0,0,synthetic
PCL-6B8BAAF0,PRJ-015,Rehabilitation & Resettlement,7,2024-10-13,2024-12-12,,323,60,1,1,synthetic
PCL-CB44F25C,PRJ-015,Land Identification,0,2024-03-22,2024-04-06,,528,15,1,1,synthetic
PCL-D926CA05,PRJ-015,Land Identification,0,2024-03-16,2024-03-31,2024-03-29,13,15,0,0,synthetic
PCL-D926CA05,PRJ-015,Survey/Parcel Mapping,1,2024-03-29,2024-04-28,2024-05-28,60,30,1,0,synthetic
PCL-D926CA05,PRJ-015,Ownership Verification,2,2024-05-28,2024-07-12,2024-07-17,50,45,1,0,synthetic
PCL-D926CA05,PRJ-015,Notification,3,2024-07-17,2024-08-06,2024-08-16,30,20,1,0,synthetic
PCL-D926CA05,PRJ-015,Objections/Hearings,4,2024-08-16,2024-09-15,2024-08-31,15,30,0,0,synthetic
PCL-D926CA05,PRJ-015,Compensation Assessment,5,2024-08-31,2024-10-10,2024-10-10,40,40,0,0,synthetic
PCL-D926CA05,PRJ-015,Compensation Disbursement,6,2024-10-10,2024-11-09,,326,30,1,1,synthetic
PCL-1DBA5BE1,PRJ-015,Land Identification,0,2024-01-21,2024-02-05,2024-02-07,17,15,1,0,synthetic
PCL-1DBA5BE1,PRJ-015,Survey/Parcel Mapping,1,2024-02-07,2024-03-08,2024-03-08,30,30,0,0,synthetic
PCL-1DBA5BE1,PRJ-015,Ownership Verification,2,2024-03-08,2024-04-22,2024-04-08,31,45,0,0,synthetic
PCL-1DBA5BE1,PRJ-015,Notification,3,2024-04-08,2024-04-28,2024-04-22,14,20,0,0,synthetic
PCL-1DBA5BE1,PRJ-015,Objections/Hearings,4,2024-04-22,2024-05-22,2024-05-31,39,30,1,0,synthetic
PCL-1DBA5BE1,PRJ-015,Compensation Assessment,5,2024-05-31,2024-07-10,2024-07-09,39,40,0,0,synthetic
PCL-1DBA5BE1,PRJ-015,Compensation Disbursement,6,2024-07-09,2024-08-08,,419,30,1,1,synthetic
PCL-3C9FC23F,PRJ-015,Land Identification,0,2024-02-25,2024-03-11,2024-03-13,17,15,1,0,synthetic
PCL-3C9FC23F,PRJ-015,Survey/Parcel Mapping,1,2024-03-13,2024-04-12,2024-04-16,34,30,1,0,synthetic
PCL-3C9FC23F,PRJ-015,Ownership Verification,2,2024-04-16,2024-05-31,2024-06-11,56,45,1,0,synthetic
PCL-3C9FC23F,PRJ-015,Notification,3,2024-06-11,2024-07-01,2024-06-20,9,20,0,0,synthetic
PCL-3C9FC23F,PRJ-015,Objections/Hearings,4,2024-06-20,2024-07-20,2024-07-25,35,30,1,0,synthetic
PCL-3C9FC23F,PRJ-015,Compensation Assessment,5,2024-07-25,2024-09-03,2024-09-19,56,40,1,0,synthetic
PCL-3C9FC23F,PRJ-015,Compensation Disbursement,6,2024-09-19,2024-10-19,,347,30,1,1,synthetic
PCL-59F92A7F,PRJ-015,Land Identification,0,2024-02-18,2024-03-04,,561,15,1,1,synthetic
PCL-63E88CA0,PRJ-015,Land Identification,0,2024-02-16,2024-03-02,2024-02-26,10,15,0,0,synthetic
PCL-63E88CA0,PRJ-015,Survey/Parcel Mapping,1,2024-02-26,2024-03-27,2024-04-06,40,30,1,0,synthetic
PCL-63E88CA0,PRJ-015,Ownership Verification,2,2024-04-06,2024-05-21,2024-06-01,56,45,1,0,synthetic
PCL-63E88CA0,PRJ-015,Notification,3,2024-06-01,2024-06-21,2024-06-18,17,20,0,0,synthetic
PCL-63E88CA0,PRJ-015,Objections/Hearings,4,2024-06-18,2024-07-18,2024-07-14,26,30,0,0,synthetic
PCL-63E88CA0,PRJ-015,Compensation Assessment,5,2024-07-14,2024-08-23,,414,40,1,1,synthetic
PCL-3085CC3D,PRJ-015,Land Identification,0,2024-02-07,2024-02-22,2024-02-16,9,15,0,0,synthetic
PCL-3085CC3D,PRJ-015,Survey/Parcel Mapping,1,2024-02-16,2024-03-17,2024-03-16,29,30,0,0,synthetic
PCL-3085CC3D,PRJ-015,Ownership Verification,2,2024-03-16,2024-04-30,2024-04-26,41,45,0,0,synthetic
PCL-3085CC3D,PRJ-015,Notification,3,2024-04-26,2024-05-16,2024-05-18,22,20,1,0,synthetic
PCL-3085CC3D,PRJ-015,Objections/Hearings,4,2024-05-18,2024-06-17,2024-06-17,30,30,0,0,synthetic
PCL-3085CC3D,PRJ-015,Compensation Assessment,5,2024-06-17,2024-07-27,2024-09-01,76,40,1,0,synthetic
PCL-3085CC3D,PRJ-015,Compensation Disbursement,6,2024-09-01,2024-10-01,2024-09-12,11,30,0,0,synthetic
PCL-3085CC3D,PRJ-015,Rehabilitation & Resettlement,7,2024-09-12,2024-11-11,2024-10-19,37,60,0,0,synthetic
PCL-3085CC3D,PRJ-015,Possession,8,2024-10-19,2024-11-03,2024-10-30,11,15,0,0,synthetic
PCL-3085CC3D,PRJ-015,Closure/Handover,9,2024-10-30,2024-11-09,,306,10,1,1,synthetic
PCL-A84D0452,PRJ-015,Land Identification,0,2024-03-14,2024-03-29,2024-03-30,16,15,1,0,synthetic
PCL-A84D0452,PRJ-015,Survey/Parcel Mapping,1,2024-03-30,2024-04-29,2024-04-22,23,30,0,0,synthetic
PCL-A84D0452,PRJ-015,Ownership Verification,2,2024-04-22,2024-06-06,2024-06-22,61,45,1,0,synthetic
PCL-A84D0452,PRJ-015,Notification,3,2024-06-22,2024-07-12,2024-07-12,20,20,0,0,synthetic
PCL-A84D0452,PRJ-015,Objections/Hearings,4,2024-07-12,2024-08-11,2024-08-11,30,30,0,0,synthetic
PCL-A84D0452,PRJ-015,Compensation Assessment,5,2024-08-11,2024-09-20,,386,40,1,1,synthetic
PCL-373A9667,PRJ-015,Land Identification,0,2024-03-29,2024-04-13,2024-04-16,18,15,1,0,synthetic
PCL-373A9667,PRJ-015,Survey/Parcel Mapping,1,2024-04-16,2024-05-16,2024-05-25,39,30,1,0,synthetic
PCL-373A9667,PRJ-015,Ownership Verification,2,2024-05-25,2024-07-09,2024-06-24,30,45,0,0,synthetic
PCL-373A9667,PRJ-015,Notification,3,2024-06-24,2024-07-14,2024-07-05,11,20,0,0,synthetic
PCL-373A9667,PRJ-015,Objections/Hearings,4,2024-07-05,2024-08-04,2024-08-19,45,30,1,0,synthetic
PCL-373A9667,PRJ-015,Compensation Assessment,5,2024-08-19,2024-09-28,2024-09-17,29,40,0,0,synthetic
PCL-373A9667,PRJ-015,Compensation Disbursement,6,2024-09-17,2024-10-17,2024-10-25,38,30,1,0,synthetic
PCL-373A9667,PRJ-015,Rehabilitation & Resettlement,7,2024-10-25,2024-12-24,2025-01-05,72,60,1,0,synthetic
PCL-373A9667,PRJ-015,Possession,8,2025-01-05,2025-01-20,,239,15,1,1,synthetic
PCL-A44764C9,PRJ-015,Land Identification,0,2024-02-20,2024-03-06,2024-03-08,17,15,1,0,synthetic
PCL-A44764C9,PRJ-015,Survey/Parcel Mapping,1,2024-03-08,2024-04-07,2024-04-06,29,30,0,0,synthetic
PCL-A44764C9,PRJ-015,Ownership Verification,2,2024-04-06,2024-05-21,,513,45,1,1,synthetic
PCL-595E704E,PRJ-015,Land Identification,0,2024-01-01,2024-01-16,2024-01-25,24,15,1,0,synthetic
PCL-595E704E,PRJ-015,Survey/Parcel Mapping,1,2024-01-25,2024-02-24,2024-03-04,39,30,1,0,synthetic
PCL-595E704E,PRJ-015,Ownership Verification,2,2024-03-04,2024-04-18,2024-05-13,70,45,1,0,synthetic
PCL-595E704E,PRJ-015,Notification,3,2024-05-13,2024-06-02,2024-06-03,21,20,1,0,synthetic
PCL-595E704E,PRJ-015,Objections/Hearings,4,2024-06-03,2024-07-03,2024-07-14,41,30,1,0,synthetic
PCL-595E704E,PRJ-015,Compensation Assessment,5,2024-07-14,2024-08-23,2024-08-12,29,40,0,0,synthetic
PCL-595E704E,PRJ-015,Compensation Disbursement,6,2024-08-12,2024-09-11,2024-09-05,24,30,0,0,synthetic
PCL-595E704E,PRJ-015,Rehabilitation & Resettlement,7,2024-09-05,2024-11-04,2024-11-23,79,60,1,0,synthetic
PCL-595E704E,PRJ-015,Possession,8,2024-11-23,2024-12-08,,282,15,1,1,synthetic
PCL-F487EC21,PRJ-015,Land Identification,0,2024-02-18,2024-03-04,2024-03-02,13,15,0,0,synthetic
PCL-F487EC21,PRJ-015,Survey/Parcel Mapping,1,2024-03-02,2024-04-01,2024-04-01,30,30,0,0,synthetic
PCL-F487EC21,PRJ-015,Ownership Verification,2,2024-04-01,2024-05-16,2024-05-22,51,45,1,0,synthetic
PCL-F487EC21,PRJ-015,Notification,3,2024-05-22,2024-06-11,2024-06-08,17,20,0,0,synthetic
PCL-F487EC21,PRJ-015,Objections/Hearings,4,2024-06-08,2024-07-08,2024-06-28,20,30,0,0,synthetic
PCL-F487EC21,PRJ-015,Compensation Assessment,5,2024-06-28,2024-08-07,2024-09-02,66,40,1,0,synthetic
PCL-F487EC21,PRJ-015,Compensation Disbursement,6,2024-09-02,2024-10-02,,364,30,1,1,synthetic
PCL-7DEFD407,PRJ-015,Land Identification,0,2024-02-10,2024-02-25,2024-02-17,7,15,0,0,synthetic
PCL-7DEFD407,PRJ-015,Survey/Parcel Mapping,1,2024-02-17,2024-03-18,2024-03-05,17,30,0,0,synthetic
PCL-7DEFD407,PRJ-015,Ownership Verification,2,2024-03-05,2024-04-19,2024-04-20,46,45,1,0,synthetic
PCL-7DEFD407,PRJ-015,Notification,3,2024-04-20,2024-05-10,2024-05-20,30,20,1,0,synthetic
PCL-7DEFD407,PRJ-015,Objections/Hearings,4,2024-05-20,2024-06-19,2024-06-10,21,30,0,0,synthetic
PCL-7DEFD407,PRJ-015,Compensation Assessment,5,2024-06-10,2024-07-20,,448,40,1,1,synthetic
PCL-5392F196,PRJ-015,Land Identification,0,2024-02-24,2024-03-10,2024-03-08,13,15,0,0,synthetic
PCL-5392F196,PRJ-015,Survey/Parcel Mapping,1,2024-03-08,2024-04-07,2024-04-01,24,30,0,0,synthetic
PCL-5392F196,PRJ-015,Ownership Verification,2,2024-04-01,2024-05-16,2024-06-01,61,45,1,0,synthetic
PCL-5392F196,PRJ-015,Notification,3,2024-06-01,2024-06-21,2024-06-14,13,20,0,0,synthetic
PCL-5392F196,PRJ-015,Objections/Hearings,4,2024-06-14,2024-07-14,2024-07-20,36,30,1,0,synthetic
PCL-5392F196,PRJ-015,Compensation Assessment,5,2024-07-20,2024-08-29,2024-08-21,32,40,0,0,synthetic
PCL-5392F196,PRJ-015,Compensation Disbursement,6,2024-08-21,2024-09-20,,376,30,1,1,synthetic
PCL-0760F7F6,PRJ-015,Land Identification,0,2024-02-01,2024-02-16,2024-02-13,12,15,0,0,synthetic
PCL-0760F7F6,PRJ-015,Survey/Parcel Mapping,1,2024-02-13,2024-03-14,2024-03-20,36,30,1,0,synthetic
PCL-0760F7F6,PRJ-015,Ownership Verification,2,2024-03-20,2024-05-04,2024-05-20,61,45,1,0,synthetic
PCL-0760F7F6,PRJ-015,Notification,3,2024-05-20,2024-06-09,,469,20,1,1,synthetic
PCL-EC944DF1,PRJ-015,Land Identification,0,2024-01-16,2024-01-31,2024-01-24,8,15,0,0,synthetic
PCL-EC944DF1,PRJ-015,Survey/Parcel Mapping,1,2024-01-24,2024-02-23,2024-02-23,30,30,0,0,synthetic
PCL-EC944DF1,PRJ-015,Ownership Verification,2,2024-02-23,2024-04-08,2024-05-09,76,45,1,0,synthetic
PCL-EC944DF1,PRJ-015,Notification,3,2024-05-09,2024-05-29,2024-05-22,13,20,0,0,synthetic
PCL-EC944DF1,PRJ-015,Objections/Hearings,4,2024-05-22,2024-06-21,2024-06-11,20,30,0,0,synthetic
PCL-EC944DF1,PRJ-015,Compensation Assessment,5,2024-06-11,2024-07-21,2024-07-11,30,40,0,0,synthetic
PCL-EC944DF1,PRJ-015,Compensation Disbursement,6,2024-07-11,2024-08-10,2024-08-29,49,30,1,0,synthetic
PCL-EC944DF1,PRJ-015,Rehabilitation & Resettlement,7,2024-08-29,2024-10-28,,368,60,1,1,synthetic
PCL-7B3E1A6E,PRJ-015,Land Identification,0,2024-02-08,2024-02-23,2024-02-23,15,15,0,0,synthetic
PCL-7B3E1A6E,PRJ-015,Survey/Parcel Mapping,1,2024-02-23,2024-03-24,2024-04-01,38,30,1,0,synthetic
PCL-7B3E1A6E,PRJ-015,Ownership Verification,2,2024-04-01,2024-05-16,2024-05-24,53,45,1,0,synthetic
PCL-7B3E1A6E,PRJ-015,Notification,3,2024-05-24,2024-06-13,2024-06-10,17,20,0,0,synthetic
PCL-7B3E1A6E,PRJ-015,Objections/Hearings,4,2024-06-10,2024-07-10,2024-07-15,35,30,1,0,synthetic
PCL-7B3E1A6E,PRJ-015,Compensation Assessment,5,2024-07-15,2024-08-24,2024-08-30,46,40,1,0,synthetic
PCL-7B3E1A6E,PRJ-015,Compensation Disbursement,6,2024-08-30,2024-09-29,,367,30,1,1,synthetic
PCL-E0C682AE,PRJ-015,Land Identification,0,2024-01-13,2024-01-28,2024-01-26,13,15,0,0,synthetic
PCL-E0C682AE,PRJ-015,Survey/Parcel Mapping,1,2024-01-26,2024-02-25,2024-03-02,36,30,1,0,synthetic
PCL-E0C682AE,PRJ-015,Ownership Verification,2,2024-03-02,2024-04-16,2024-04-20,49,45,1,0,synthetic
PCL-E0C682AE,PRJ-015,Notification,3,2024-04-20,2024-05-10,2024-05-13,23,20,1,0,synthetic
PCL-E0C682AE,PRJ-015,Objections/Hearings,4,2024-05-13,2024-06-12,2024-06-17,35,30,1,0,synthetic
PCL-E0C682AE,PRJ-015,Compensation Assessment,5,2024-06-17,2024-07-27,2024-07-18,31,40,0,0,synthetic
PCL-E0C682AE,PRJ-015,Compensation Disbursement,6,2024-07-18,2024-08-17,,410,30,1,1,synthetic
PCL-AE6D7F2E,PRJ-015,Land Identification,0,2024-03-23,2024-04-07,2024-04-04,12,15,0,0,synthetic
PCL-AE6D7F2E,PRJ-015,Survey/Parcel Mapping,1,2024-04-04,2024-05-04,2024-04-19,15,30,0,0,synthetic
PCL-AE6D7F2E,PRJ-015,Ownership Verification,2,2024-04-19,2024-06-03,,500,45,1,1,synthetic
PCL-7B759EC6,PRJ-015,Land Identification,0,2024-02-03,2024-02-18,2024-02-25,22,15,1,0,synthetic
PCL-7B759EC6,PRJ-015,Survey/Parcel Mapping,1,2024-02-25,2024-03-26,2024-04-01,36,30,1,0,synthetic
PCL-7B759EC6,PRJ-015,Ownership Verification,2,2024-04-01,2024-05-16,2024-06-13,73,45,1,0,synthetic
PCL-7B759EC6,PRJ-015,Notification,3,2024-06-13,2024-07-03,2024-07-05,22,20,1,0,synthetic
PCL-7B759EC6,PRJ-015,Objections/Hearings,4,2024-07-05,2024-08-04,2024-08-24,50,30,1,0,synthetic
PCL-7B759EC6,PRJ-015,Compensation Assessment,5,2024-08-24,2024-10-03,,373,40,1,1,synthetic
PCL-4C18538E,PRJ-015,Land Identification,0,2024-03-05,2024-03-20,2024-03-19,14,15,0,0,synthetic
PCL-4C18538E,PRJ-015,Survey/Parcel Mapping,1,2024-03-19,2024-04-18,2024-04-28,40,30,1,0,synthetic
PCL-4C18538E,PRJ-015,Ownership Verification,2,2024-04-28,2024-06-12,2024-06-17,50,45,1,0,synthetic
PCL-4C18538E,PRJ-015,Notification,3,2024-06-17,2024-07-07,2024-07-13,26,20,1,0,synthetic
PCL-4C18538E,PRJ-015,Objections/Hearings,4,2024-07-13,2024-08-12,2024-08-30,48,30,1,0,synthetic
PCL-4C18538E,PRJ-015,Compensation Assessment,5,2024-08-30,2024-10-09,2024-09-25,26,40,0,0,synthetic
PCL-4C18538E,PRJ-015,Compensation Disbursement,6,2024-09-25,2024-10-25,2024-10-15,20,30,0,0,synthetic
PCL-4C18538E,PRJ-015,Rehabilitation & Resettlement,7,2024-10-15,2024-12-14,,321,60,1,1,synthetic
PCL-0C6D1D9C,PRJ-015,Land Identification,0,2024-02-14,2024-02-29,2024-02-29,15,15,0,0,synthetic
PCL-0C6D1D9C,PRJ-015,Survey/Parcel Mapping,1,2024-02-29,2024-03-30,2024-04-20,51,30,1,0,synthetic
PCL-0C6D1D9C,PRJ-015,Ownership Verification,2,2024-04-20,2024-06-04,2024-06-08,49,45,1,0,synthetic
PCL-0C6D1D9C,PRJ-015,Notification,3,2024-06-08,2024-06-28,2024-06-25,17,20,0,0,synthetic
PCL-0C6D1D9C,PRJ-015,Objections/Hearings,4,2024-06-25,2024-07-25,2024-07-26,31,30,1,0,synthetic
PCL-0C6D1D9C,PRJ-015,Compensation Assessment,5,2024-07-26,2024-09-04,2024-09-06,42,40,1,0,synthetic
PCL-0C6D1D9C,PRJ-015,Compensation Disbursement,6,2024-09-06,2024-10-06,2024-09-26,20,30,0,0,synthetic
PCL-0C6D1D9C,PRJ-015,Rehabilitation & Resettlement,7,2024-09-26,2024-11-25,2024-11-24,59,60,0,0,synthetic
PCL-0C6D1D9C,PRJ-015,Possession,8,2024-11-24,2024-12-09,,281,15,1,1,synthetic
PCL-D2411973,PRJ-015,Land Identification,0,2024-01-05,2024-01-20,2024-01-15,10,15,0,0,synthetic
PCL-D2411973,PRJ-015,Survey/Parcel Mapping,1,2024-01-15,2024-02-14,2024-02-13,29,30,0,0,synthetic
PCL-D2411973,PRJ-015,Ownership Verification,2,2024-02-13,2024-03-29,2024-03-30,46,45,1,0,synthetic
PCL-D2411973,PRJ-015,Notification,3,2024-03-30,2024-04-19,,520,20,1,1,synthetic
PCL-89F99B8F,PRJ-015,Land Identification,0,2024-02-19,2024-03-05,2024-02-28,9,15,0,0,synthetic
PCL-89F99B8F,PRJ-015,Survey/Parcel Mapping,1,2024-02-28,2024-03-29,,551,30,1,1,synthetic
PCL-88F374F4,PRJ-015,Land Identification,0,2024-01-31,2024-02-15,2024-02-17,17,15,1,0,synthetic
PCL-88F374F4,PRJ-015,Survey/Parcel Mapping,1,2024-02-17,2024-03-18,2024-03-25,37,30,1,0,synthetic
PCL-88F374F4,PRJ-015,Ownership Verification,2,2024-03-25,2024-05-09,2024-05-23,59,45,1,0,synthetic
PCL-88F374F4,PRJ-015,Notification,3,2024-05-23,2024-06-12,2024-06-07,15,20,0,0,synthetic
PCL-88F374F4,PRJ-015,Objections/Hearings,4,2024-06-07,2024-07-07,2024-06-27,20,30,0,0,synthetic
PCL-88F374F4,PRJ-015,Compensation Assessment,5,2024-06-27,2024-08-06,,431,40,1,1,synthetic
PCL-96C5D3A7,PRJ-015,Land Identification,0,2024-01-19,2024-02-03,2024-01-27,8,15,0,0,synthetic
PCL-96C5D3A7,PRJ-015,Survey/Parcel Mapping,1,2024-01-27,2024-02-26,2024-02-17,21,30,0,0,synthetic
PCL-96C5D3A7,PRJ-015,Ownership Verification,2,2024-02-17,2024-04-02,2024-03-28,40,45,0,0,synthetic
PCL-96C5D3A7,PRJ-015,Notification,3,2024-03-28,2024-04-17,2024-04-16,19,20,0,0,synthetic
PCL-96C5D3A7,PRJ-015,Objections/Hearings,4,2024-04-16,2024-05-16,2024-06-10,55,30,1,0,synthetic
PCL-96C5D3A7,PRJ-015,Compensation Assessment,5,2024-06-10,2024-07-20,,448,40,1,1,synthetic
PCL-0700E5A6,PRJ-015,Land Identification,0,2024-01-23,2024-02-07,2024-02-12,20,15,1,0,synthetic
PCL-0700E5A6,PRJ-015,Survey/Parcel Mapping,1,2024-02-12,2024-03-13,2024-03-20,37,30,1,0,synthetic
PCL-0700E5A6,PRJ-015,Ownership Verification,2,2024-03-20,2024-05-04,2024-05-26,67,45,1,0,synthetic
PCL-0700E5A6,PRJ-015,Notification,3,2024-05-26,2024-06-15,2024-06-14,19,20,0,0,synthetic
PCL-0700E5A6,PRJ-015,Objections/Hearings,4,2024-06-14,2024-07-14,2024-07-18,34,30,1,0,synthetic
PCL-0700E5A6,PRJ-015,Compensation Assessment,5,2024-07-18,2024-08-27,,410,40,1,1,synthetic
PCL-58846226,PRJ-015,Land Identification,0,2024-02-28,2024-03-14,2024-03-13,14,15,0,0,synthetic
PCL-58846226,PRJ-015,Survey/Parcel Mapping,1,2024-03-13,2024-04-12,2024-04-20,38,30,1,0,synthetic
PCL-58846226,PRJ-015,Ownership Verification,2,2024-04-20,2024-06-04,2024-05-22,32,45,0,0,synthetic
PCL-58846226,PRJ-015,Notification,3,2024-05-22,2024-06-11,2024-06-13,22,20,1,0,synthetic
PCL-58846226,PRJ-015,Objections/Hearings,4,2024-06-13,2024-07-13,2024-07-18,35,30,1,0,synthetic
PCL-58846226,PRJ-015,Compensation Assessment,5,2024-07-18,2024-08-27,2024-08-26,39,40,0,0,synthetic
PCL-58846226,PRJ-015,Compensation Disbursement,6,2024-08-26,2024-09-25,2024-09-23,28,30,0,0,synthetic
PCL-58846226,PRJ-015,Rehabilitation & Resettlement,7,2024-09-23,2024-11-22,,343,60,1,1,synthetic
PCL-D153E0A2,PRJ-015,Land Identification,0,2024-03-19,2024-04-03,2024-03-31,12,15,0,0,synthetic
PCL-D153E0A2,PRJ-015,Survey/Parcel Mapping,1,2024-03-31,2024-04-30,2024-04-21,21,30,0,0,synthetic
PCL-D153E0A2,PRJ-015,Ownership Verification,2,2024-04-21,2024-06-05,2024-06-04,44,45,0,0,synthetic
PCL-D153E0A2,PRJ-015,Notification,3,2024-06-04,2024-06-24,2024-06-20,16,20,0,0,synthetic
PCL-D153E0A2,PRJ-015,Objections/Hearings,4,2024-06-20,2024-07-20,2024-07-26,36,30,1,0,synthetic
PCL-D153E0A2,PRJ-015,Compensation Assessment,5,2024-07-26,2024-09-04,,402,40,1,1,synthetic
PCL-2622D950,PRJ-015,Land Identification,0,2024-01-21,2024-02-05,2024-02-01,11,15,0,0,synthetic
PCL-2622D950,PRJ-015,Survey/Parcel Mapping,1,2024-02-01,2024-03-02,2024-03-04,32,30,1,0,synthetic
PCL-2622D950,PRJ-015,Ownership Verification,2,2024-03-04,2024-04-18,2024-04-08,35,45,0,0,synthetic
PCL-2622D950,PRJ-015,Notification,3,2024-04-08,2024-04-28,2024-04-22,14,20,0,0,synthetic
PCL-2622D950,PRJ-015,Objections/Hearings,4,2024-04-22,2024-05-22,,497,30,1,1,synthetic
PCL-9780C4EC,PRJ-015,Land Identification,0,2024-03-15,2024-03-30,2024-04-07,23,15,1,0,synthetic
PCL-9780C4EC,PRJ-015,Survey/Parcel Mapping,1,2024-04-07,2024-05-07,2024-05-10,33,30,1,0,synthetic
PCL-9780C4EC,PRJ-015,Ownership Verification,2,2024-05-10,2024-06-24,2024-06-20,41,45,0,0,synthetic
PCL-9780C4EC,PRJ-015,Notification,3,2024-06-20,2024-07-10,2024-07-05,15,20,0,0,synthetic
PCL-9780C4EC,PRJ-015,Objections/Hearings,4,2024-07-05,2024-08-04,2024-08-04,30,30,0,0,synthetic
PCL-9780C4EC,PRJ-015,Compensation Assessment,5,2024-08-04,2024-09-13,2024-09-05,32,40,0,0,synthetic
PCL-9780C4EC,PRJ-015,Compensation Disbursement,6,2024-09-05,2024-10-05,2024-10-08,33,30,1,0,synthetic
PCL-9780C4EC,PRJ-015,Rehabilitation & Resettlement,7,2024-10-08,2024-12-07,2025-02-02,117,60,1,0,synthetic
PCL-9780C4EC,PRJ-015,Possession,8,2025-02-02,2025-02-17,2025-02-12,10,15,0,0,synthetic
PCL-9780C4EC,PRJ-015,Closure/Handover,9,2025-02-12,2025-02-22,,201,10,1,1,synthetic
PCL-7DF4AF8B,PRJ-015,Land Identification,0,2024-03-01,2024-03-16,2024-03-16,15,15,0,0,synthetic
PCL-7DF4AF8B,PRJ-015,Survey/Parcel Mapping,1,2024-03-16,2024-04-15,2024-04-17,32,30,1,0,synthetic
PCL-7DF4AF8B,PRJ-015,Ownership Verification,2,2024-04-17,2024-06-01,2024-06-24,68,45,1,0,synthetic
PCL-7DF4AF8B,PRJ-015,Notification,3,2024-06-24,2024-07-14,2024-07-17,23,20,1,0,synthetic
PCL-7DF4AF8B,PRJ-015,Objections/Hearings,4,2024-07-17,2024-08-16,2024-08-20,34,30,1,0,synthetic
PCL-7DF4AF8B,PRJ-015,Compensation Assessment,5,2024-08-20,2024-09-29,2024-09-25,36,40,0,0,synthetic
PCL-7DF4AF8B,PRJ-015,Compensation Disbursement,6,2024-09-25,2024-10-25,2024-10-19,24,30,0,0,synthetic
PCL-7DF4AF8B,PRJ-015,Rehabilitation & Resettlement,7,2024-10-19,2024-12-18,,317,60,1,1,synthetic
PCL-CAECBF58,PRJ-015,Land Identification,0,2024-02-24,2024-03-10,2024-03-08,13,15,0,0,synthetic
PCL-CAECBF58,PRJ-015,Survey/Parcel Mapping,1,2024-03-08,2024-04-07,2024-03-31,23,30,0,0,synthetic
PCL-CAECBF58,PRJ-015,Ownership Verification,2,2024-03-31,2024-05-15,2024-06-17,78,45,1,0,synthetic
PCL-CAECBF58,PRJ-015,Notification,3,2024-06-17,2024-07-07,2024-07-06,19,20,0,0,synthetic
PCL-CAECBF58,PRJ-015,Objections/Hearings,4,2024-07-06,2024-08-05,2024-08-14,39,30,1,0,synthetic
PCL-CAECBF58,PRJ-015,Compensation Assessment,5,2024-08-14,2024-09-23,2024-10-15,62,40,1,0,synthetic
PCL-CAECBF58,PRJ-015,Compensation Disbursement,6,2024-10-15,2024-11-14,2024-11-17,33,30,1,0,synthetic
PCL-CAECBF58,PRJ-015,Rehabilitation & Resettlement,7,2024-11-17,2025-01-16,2025-01-28,72,60,1,0,synthetic
PCL-CAECBF58,PRJ-015,Possession,8,2025-01-28,2025-02-12,2025-02-14,17,15,1,0,synthetic
PCL-CAECBF58,PRJ-015,Closure/Handover,9,2025-02-14,2025-02-24,,199,10,1,1,synthetic
PCL-39D4E380,PRJ-015,Land Identification,0,2024-02-29,2024-03-15,2024-03-15,15,15,0,0,synthetic
PCL-39D4E380,PRJ-015,Survey/Parcel Mapping,1,2024-03-15,2024-04-14,,535,30,1,1,synthetic
PCL-7F9BF109,PRJ-015,Land Identification,0,2024-02-07,2024-02-22,2024-02-22,15,15,0,0,synthetic
PCL-7F9BF109,PRJ-015,Survey/Parcel Mapping,1,2024-02-22,2024-03-23,2024-04-06,44,30,1,0,synthetic
PCL-7F9BF109,PRJ-015,Ownership Verification,2,2024-04-06,2024-05-21,2024-05-10,34,45,0,0,synthetic
PCL-7F9BF109,PRJ-015,Notification,3,2024-05-10,2024-05-30,2024-05-26,16,20,0,0,synthetic
PCL-7F9BF109,PRJ-015,Objections/Hearings,4,2024-05-26,2024-06-25,2024-06-17,22,30,0,0,synthetic
PCL-7F9BF109,PRJ-015,Compensation Assessment,5,2024-06-17,2024-07-27,2024-07-26,39,40,0,0,synthetic
PCL-7F9BF109,PRJ-015,Compensation Disbursement,6,2024-07-26,2024-08-25,2024-09-04,40,30,1,0,synthetic
PCL-7F9BF109,PRJ-015,Rehabilitation & Resettlement,7,2024-09-04,2024-11-03,2024-10-28,54,60,0,0,synthetic
PCL-7F9BF109,PRJ-015,Possession,8,2024-10-28,2024-11-12,2024-11-13,16,15,1,0,synthetic
PCL-7F9BF109,PRJ-015,Closure/Handover,9,2024-11-13,2024-11-23,,292,10,1,1,synthetic
PCL-02DE0A53,PRJ-015,Land Identification,0,2024-03-21,2024-04-05,2024-04-02,12,15,0,0,synthetic
PCL-02DE0A53,PRJ-015,Survey/Parcel Mapping,1,2024-04-02,2024-05-02,2024-04-20,18,30,0,0,synthetic
PCL-02DE0A53,PRJ-015,Ownership Verification,2,2024-04-20,2024-06-04,2024-06-10,51,45,1,0,synthetic
PCL-02DE0A53,PRJ-015,Notification,3,2024-06-10,2024-06-30,2024-06-29,19,20,0,0,synthetic
PCL-02DE0A53,PRJ-015,Objections/Hearings,4,2024-06-29,2024-07-29,2024-08-19,51,30,1,0,synthetic
PCL-02DE0A53,PRJ-015,Compensation Assessment,5,2024-08-19,2024-09-28,2024-09-21,33,40,0,0,synthetic
PCL-02DE0A53,PRJ-015,Compensation Disbursement,6,2024-09-21,2024-10-21,2024-10-19,28,30,0,0,synthetic
PCL-02DE0A53,PRJ-015,Rehabilitation & Resettlement,7,2024-10-19,2024-12-18,2024-12-11,53,60,0,0,synthetic
PCL-02DE0A53,PRJ-015,Possession,8,2024-12-11,2024-12-26,2024-12-26,15,15,0,0,synthetic
PCL-02DE0A53,PRJ-015,Closure/Handover,9,2024-12-26,2025-01-05,,249,10,1,1,synthetic
PCL-C5680A03,PRJ-015,Land Identification,0,2024-02-05,2024-02-20,2024-02-24,19,15,1,0,synthetic
PCL-C5680A03,PRJ-015,Survey/Parcel Mapping,1,2024-02-24,2024-03-25,,555,30,1,1,synthetic
PCL-E3598DD8,PRJ-015,Land Identification,0,2024-02-21,2024-03-07,2024-03-14,22,15,1,0,synthetic
PCL-E3598DD8,PRJ-015,Survey/Parcel Mapping,1,2024-03-14,2024-04-13,2024-04-16,33,30,1,0,synthetic
PCL-E3598DD8,PRJ-015,Ownership Verification,2,2024-04-16,2024-05-31,2024-06-18,63,45,1,0,synthetic
PCL-E3598DD8,PRJ-015,Notification,3,2024-06-18,2024-07-08,2024-07-05,17,20,0,0,synthetic
PCL-E3598DD8,PRJ-015,Objections/Hearings,4,2024-07-05,2024-08-04,2024-08-18,44,30,1,0,synthetic
PCL-E3598DD8,PRJ-015,Compensation Assessment,5,2024-08-18,2024-09-27,2024-09-07,20,40,0,0,synthetic
PCL-E3598DD8,PRJ-015,Compensation Disbursement,6,2024-09-07,2024-10-07,2024-10-23,46,30,1,0,synthetic
PCL-E3598DD8,PRJ-015,Rehabilitation & Resettlement,7,2024-10-23,2024-12-22,2025-01-29,98,60,1,0,synthetic
PCL-E3598DD8,PRJ-015,Possession,8,2025-01-29,2025-02-13,,215,15,1,1,synthetic
PCL-502BD476,PRJ-015,Land Identification,0,2024-01-06,2024-01-21,2024-01-20,14,15,0,0,synthetic
PCL-502BD476,PRJ-015,Survey/Parcel Mapping,1,2024-01-20,2024-02-19,2024-02-29,40,30,1,0,synthetic
PCL-502BD476,PRJ-015,Ownership Verification,2,2024-02-29,2024-04-14,2024-05-07,68,45,1,0,synthetic
PCL-502BD476,PRJ-015,Notification,3,2024-05-07,2024-05-27,2024-05-21,14,20,0,0,synthetic
PCL-502BD476,PRJ-015,Objections/Hearings,4,2024-05-21,2024-06-20,2024-06-22,32,30,1,0,synthetic
PCL-502BD476,PRJ-015,Compensation Assessment,5,2024-06-22,2024-08-01,2024-07-26,34,40,0,0,synthetic
PCL-502BD476,PRJ-015,Compensation Disbursement,6,2024-07-26,2024-08-25,2024-08-29,34,30,1,0,synthetic
PCL-502BD476,PRJ-015,Rehabilitation & Resettlement,7,2024-08-29,2024-10-28,2024-11-23,86,60,1,0,synthetic
PCL-502BD476,PRJ-015,Possession,8,2024-11-23,2024-12-08,,282,15,1,1,synthetic
PCL-A0AD696A,PRJ-015,Land Identification,0,2024-02-15,2024-03-01,,564,15,1,1,synthetic
PCL-FA25B0A9,PRJ-015,Land Identification,0,2024-03-03,2024-03-18,2024-03-20,17,15,1,0,synthetic
PCL-FA25B0A9,PRJ-015,Survey/Parcel Mapping,1,2024-03-20,2024-04-19,2024-04-28,39,30,1,0,synthetic
PCL-FA25B0A9,PRJ-015,Ownership Verification,2,2024-04-28,2024-06-12,2024-05-29,31,45,0,0,synthetic
PCL-FA25B0A9,PRJ-015,Notification,3,2024-05-29,2024-06-18,2024-06-18,20,20,0,0,synthetic
PCL-FA25B0A9,PRJ-015,Objections/Hearings,4,2024-06-18,2024-07-18,,440,30,1,1,synthetic
PCL-BBD086C9,PRJ-015,Land Identification,0,2024-02-14,2024-02-29,2024-02-23,9,15,0,0,synthetic
PCL-BBD086C9,PRJ-015,Survey/Parcel Mapping,1,2024-02-23,2024-03-24,2024-04-03,40,30,1,0,synthetic
PCL-BBD086C9,PRJ-015,Ownership Verification,2,2024-04-03,2024-05-18,2024-05-12,39,45,0,0,synthetic
PCL-BBD086C9,PRJ-015,Notification,3,2024-05-12,2024-06-01,2024-06-05,24,20,1,0,synthetic
PCL-BBD086C9,PRJ-015,Objections/Hearings,4,2024-06-05,2024-07-05,2024-06-23,18,30,0,0,synthetic
PCL-BBD086C9,PRJ-015,Compensation Assessment,5,2024-06-23,2024-08-02,2024-07-29,36,40,0,0,synthetic
PCL-BBD086C9,PRJ-015,Compensation Disbursement,6,2024-07-29,2024-08-28,2024-08-24,26,30,0,0,synthetic
PCL-BBD086C9,PRJ-015,Rehabilitation & Resettlement,7,2024-08-24,2024-10-23,2024-11-10,78,60,1,0,synthetic
PCL-BBD086C9,PRJ-015,Possession,8,2024-11-10,2024-11-25,2024-11-29,19,15,1,0,synthetic
PCL-BBD086C9,PRJ-015,Closure/Handover,9,2024-11-29,2024-12-09,,276,10,1,1,synthetic
PCL-991392A7,PRJ-015,Land Identification,0,2024-01-21,2024-02-05,2024-02-06,16,15,1,0,synthetic
PCL-991392A7,PRJ-015,Survey/Parcel Mapping,1,2024-02-06,2024-03-07,2024-03-02,25,30,0,0,synthetic
PCL-991392A7,PRJ-015,Ownership Verification,2,2024-03-02,2024-04-16,2024-04-05,34,45,0,0,synthetic
PCL-991392A7,PRJ-015,Notification,3,2024-04-05,2024-04-25,2024-04-24,19,20,0,0,synthetic
PCL-991392A7,PRJ-015,Objections/Hearings,4,2024-04-24,2024-05-24,2024-05-29,35,30,1,0,synthetic
PCL-991392A7,PRJ-015,Compensation Assessment,5,2024-05-29,2024-07-08,2024-07-07,39,40,0,0,synthetic
PCL-991392A7,PRJ-015,Compensation Disbursement,6,2024-07-07,2024-08-06,2024-07-25,18,30,0,0,synthetic
PCL-991392A7,PRJ-015,Rehabilitation & Resettlement,7,2024-07-25,2024-09-23,2024-09-14,51,60,0,0,synthetic
PCL-991392A7,PRJ-015,Possession,8,2024-09-14,2024-09-29,2024-09-27,13,15,0,0,synthetic
PCL-991392A7,PRJ-015,Closure/Handover,9,2024-09-27,2024-10-07,,339,10,1,1,synthetic
PCL-D4B8CF03,PRJ-015,Land Identification,0,2024-02-24,2024-03-10,2024-03-10,15,15,0,0,synthetic
PCL-D4B8CF03,PRJ-015,Survey/Parcel Mapping,1,2024-03-10,2024-04-09,2024-04-11,32,30,1,0,synthetic
PCL-D4B8CF03,PRJ-015,Ownership Verification,2,2024-04-11,2024-05-26,2024-06-19,69,45,1,0,synthetic
PCL-D4B8CF03,PRJ-015,Notification,3,2024-06-19,2024-07-09,2024-07-05,16,20,0,0,synthetic
PCL-D4B8CF03,PRJ-015,Objections/Hearings,4,2024-07-05,2024-08-04,2024-07-23,18,30,0,0,synthetic
PCL-D4B8CF03,PRJ-015,Compensation Assessment,5,2024-07-23,2024-09-01,2024-09-10,49,40,1,0,synthetic
PCL-D4B8CF03,PRJ-015,Compensation Disbursement,6,2024-09-10,2024-10-10,2024-10-06,26,30,0,0,synthetic
PCL-D4B8CF03,PRJ-015,Rehabilitation & Resettlement,7,2024-10-06,2024-12-05,2024-12-10,65,60,1,0,synthetic
PCL-D4B8CF03,PRJ-015,Possession,8,2024-12-10,2024-12-25,,265,15,1,1,synthetic
PCL-0BF569F6,PRJ-015,Land Identification,0,2024-03-21,2024-04-05,2024-03-31,10,15,0,0,synthetic
PCL-0BF569F6,PRJ-015,Survey/Parcel Mapping,1,2024-03-31,2024-04-30,2024-04-25,25,30,0,0,synthetic
PCL-0BF569F6,PRJ-015,Ownership Verification,2,2024-04-25,2024-06-09,2024-05-31,36,45,0,0,synthetic
PCL-0BF569F6,PRJ-015,Notification,3,2024-05-31,2024-06-20,,458,20,1,1,synthetic
PCL-A4AE6C5C,PRJ-015,Land Identification,0,2024-02-07,2024-02-22,2024-03-04,26,15,1,0,synthetic
PCL-A4AE6C5C,PRJ-015,Survey/Parcel Mapping,1,2024-03-04,2024-04-03,2024-05-02,59,30,1,0,synthetic
PCL-A4AE6C5C,PRJ-015,Ownership Verification,2,2024-05-02,2024-06-16,2024-07-14,73,45,1,0,synthetic
PCL-A4AE6C5C,PRJ-015,Notification,3,2024-07-14,2024-08-03,2024-07-31,17,20,0,0,synthetic
PCL-A4AE6C5C,PRJ-015,Objections/Hearings,4,2024-07-31,2024-08-30,2024-08-25,25,30,0,0,synthetic
PCL-A4AE6C5C,PRJ-015,Compensation Assessment,5,2024-08-25,2024-10-04,2024-10-08,44,40,1,0,synthetic
PCL-A4AE6C5C,PRJ-015,Compensation Disbursement,6,2024-10-08,2024-11-07,,328,30,1,1,synthetic
PCL-767874AF,PRJ-017,Land Identification,0,2024-01-10,2024-01-25,,600,15,1,1,synthetic
PCL-6ED664EC,PRJ-017,Land Identification,0,2024-03-26,2024-04-10,2024-05-10,45,15,1,0,synthetic
PCL-6ED664EC,PRJ-017,Survey/Parcel Mapping,1,2024-05-10,2024-06-09,2024-05-31,21,30,0,0,synthetic
PCL-6ED664EC,PRJ-017,Ownership Verification,2,2024-05-31,2024-07-15,,458,45,1,1,synthetic
PCL-544DAE41,PRJ-017,Land Identification,0,2024-01-17,2024-02-01,,593,15,1,1,synthetic
PCL-F9F87815,PRJ-017,Land Identification,0,2024-01-26,2024-02-10,2024-02-18,23,15,1,0,synthetic
PCL-F9F87815,PRJ-017,Survey/Parcel Mapping,1,2024-02-18,2024-03-19,2024-03-03,14,30,0,0,synthetic
PCL-F9F87815,PRJ-017,Ownership Verification,2,2024-03-03,2024-04-17,2024-07-21,140,45,1,0,synthetic
PCL-F9F87815,PRJ-017,Notification,3,2024-07-21,2024-08-10,2024-08-10,20,20,0,0,synthetic
PCL-F9F87815,PRJ-017,Objections/Hearings,4,2024-08-10,2024-09-09,2024-09-07,28,30,0,0,synthetic
PCL-F9F87815,PRJ-017,Compensation Assessment,5,2024-09-07,2024-10-17,2024-10-07,30,40,0,0,synthetic
PCL-F9F87815,PRJ-017,Compensation Disbursement,6,2024-10-07,2024-11-06,2024-11-24,48,30,1,0,synthetic
PCL-F9F87815,PRJ-017,Rehabilitation & Resettlement,7,2024-11-24,2025-01-23,2025-03-17,113,60,1,0,synthetic
PCL-F9F87815,PRJ-017,Possession,8,2025-03-17,2025-04-01,,168,15,1,1,synthetic
PCL-166DFBCC,PRJ-017,Land Identification,0,2024-01-19,2024-02-03,2024-01-31,12,15,0,0,synthetic
PCL-166DFBCC,PRJ-017,Survey/Parcel Mapping,1,2024-01-31,2024-03-01,2024-02-24,24,30,0,0,synthetic
PCL-166DFBCC,PRJ-017,Ownership Verification,2,2024-02-24,2024-04-09,2024-06-03,100,45,1,0,synthetic
PCL-166DFBCC,PRJ-017,Notification,3,2024-06-03,2024-06-23,2024-06-30,27,20,1,0,synthetic
PCL-166DFBCC,PRJ-017,Objections/Hearings,4,2024-06-30,2024-07-30,2024-07-21,21,30,0,0,synthetic
PCL-166DFBCC,PRJ-017,Compensation Assessment,5,2024-07-21,2024-08-30,2024-09-08,49,40,1,0,synthetic
PCL-166DFBCC,PRJ-017,Compensation Disbursement,6,2024-09-08,2024-10-08,,358,30,1,1,synthetic
PCL-90C17C5A,PRJ-017,Land Identification,0,2024-02-02,2024-02-17,2024-02-13,11,15,0,0,synthetic
PCL-90C17C5A,PRJ-017,Survey/Parcel Mapping,1,2024-02-13,2024-03-14,2024-03-14,30,30,0,0,synthetic
PCL-90C17C5A,PRJ-017,Ownership Verification,2,2024-03-14,2024-04-28,2024-07-20,128,45,1,0,synthetic
PCL-90C17C5A,PRJ-017,Notification,3,2024-07-20,2024-08-09,2024-07-30,10,20,0,0,synthetic
PCL-90C17C5A,PRJ-017,Objections/Hearings,4,2024-07-30,2024-08-29,2024-09-04,36,30,1,0,synthetic
PCL-90C17C5A,PRJ-017,Compensation Assessment,5,2024-09-04,2024-10-14,,362,40,1,1,synthetic
PCL-CF926C38,PRJ-017,Land Identification,0,2024-01-20,2024-02-04,2024-02-13,24,15,1,0,synthetic
PCL-CF926C38,PRJ-017,Survey/Parcel Mapping,1,2024-02-13,2024-03-14,2024-03-05,21,30,0,0,synthetic
PCL-CF926C38,PRJ-017,Ownership Verification,2,2024-03-05,2024-04-19,2024-09-20,199,45,1,0,synthetic
PCL-CF926C38,PRJ-017,Notification,3,2024-09-20,2024-10-10,2024-10-17,27,20,1,0,synthetic
PCL-CF926C38,PRJ-017,Objections/Hearings,4,2024-10-17,2024-11-16,,319,30,1,1,synthetic
PCL-DEE65572,PRJ-017,Land Identification,0,2024-01-01,2024-01-16,,609,15,1,1,synthetic
PCL-21407FE4,PRJ-017,Land Identification,0,2024-01-30,2024-02-14,2024-02-20,21,15,1,0,synthetic
PCL-21407FE4,PRJ-017,Survey/Parcel Mapping,1,2024-02-20,2024-03-21,2024-04-04,44,30,1,0,synthetic
PCL-21407FE4,PRJ-017,Ownership Verification,2,2024-04-04,2024-05-19,2024-07-05,92,45,1,0,synthetic
PCL-21407FE4,PRJ-017,Notification,3,2024-07-05,2024-07-25,2024-07-18,13,20,0,0,synthetic
PCL-21407FE4,PRJ-017,Objections/Hearings,4,2024-07-18,2024-08-17,2024-08-10,23,30,0,0,synthetic
PCL-21407FE4,PRJ-017,Compensation Assessment,5,2024-08-10,2024-09-19,,387,40,1,1,synthetic
PCL-BA1864CB,PRJ-017,Land Identification,0,2024-02-26,2024-03-12,2024-03-11,14,15,0,0,synthetic
PCL-BA1864CB,PRJ-017,Survey/Parcel Mapping,1,2024-03-11,2024-04-10,2024-03-27,16,30,0,0,synthetic
PCL-BA1864CB,PRJ-017,Ownership Verification,2,2024-03-27,2024-05-11,2024-07-27,122,45,1,0,synthetic
PCL-BA1864CB,PRJ-017,Notification,3,2024-07-27,2024-08-16,2024-08-24,28,20,1,0,synthetic
PCL-BA1864CB,PRJ-017,Objections/Hearings,4,2024-08-24,2024-09-23,2024-09-19,26,30,0,0,synthetic
PCL-BA1864CB,PRJ-017,Compensation Assessment,5,2024-09-19,2024-10-29,2024-10-30,41,40,1,0,synthetic
PCL-BA1864CB,PRJ-017,Compensation Disbursement,6,2024-10-30,2024-11-29,2024-11-24,25,30,0,0,synthetic
PCL-BA1864CB,PRJ-017,Rehabilitation & Resettlement,7,2024-11-24,2025-01-23,2025-01-19,56,60,0,0,synthetic
PCL-BA1864CB,PRJ-017,Possession,8,2025-01-19,2025-02-03,2025-02-03,15,15,0,0,synthetic
PCL-BA1864CB,PRJ-017,Closure/Handover,9,2025-02-03,2025-02-13,,210,10,1,1,synthetic
PCL-C39EF002,PRJ-017,Land Identification,0,2024-02-02,2024-02-17,2024-02-14,12,15,0,0,synthetic
PCL-C39EF002,PRJ-017,Survey/Parcel Mapping,1,2024-02-14,2024-03-15,,565,30,1,1,synthetic
PCL-C2BC146B,PRJ-017,Land Identification,0,2024-02-02,2024-02-17,2024-02-14,12,15,0,0,synthetic
PCL-C2BC146B,PRJ-017,Survey/Parcel Mapping,1,2024-02-14,2024-03-15,2024-04-11,57,30,1,0,synthetic
PCL-C2BC146B,PRJ-017,Ownership Verification,2,2024-04-11,2024-05-26,,508,45,1,1,synthetic
PCL-3031DF8E,PRJ-017,Land Identification,0,2024-03-23,2024-04-07,2024-04-09,17,15,1,0,synthetic
PCL-3031DF8E,PRJ-017,Survey/Parcel Mapping,1,2024-04-09,2024-05-09,2024-05-03,24,30,0,0,synthetic
PCL-3031DF8E,PRJ-017,Ownership Verification,2,2024-05-03,2024-06-17,,486,45,1,1,synthetic
PCL-A7113D8F,PRJ-017,Land Identification,0,2024-01-05,2024-01-20,2024-01-22,17,15,1,0,synthetic
PCL-A7113D8F,PRJ-017,Survey/Parcel Mapping,1,2024-01-22,2024-02-21,2024-02-13,22,30,0,0,synthetic
PCL-A7113D8F,PRJ-017,Ownership Verification,2,2024-02-13,2024-03-29,2024-06-06,114,45,1,0,synthetic
PCL-A7113D8F,PRJ-017,Notification,3,2024-06-06,2024-06-26,2024-06-19,13,20,0,0,synthetic
PCL-A7113D8F,PRJ-017,Objections/Hearings,4,2024-06-19,2024-07-19,2024-08-10,52,30,1,0,synthetic
PCL-A7113D8F,PRJ-017,Compensation Assessment,5,2024-08-10,2024-09-19,2024-09-25,46,40,1,0,synthetic
PCL-A7113D8F,PRJ-017,Compensation Disbursement,6,2024-09-25,2024-10-25,2024-10-22,27,30,0,0,synthetic
PCL-A7113D8F,PRJ-017,Rehabilitation & Resettlement,7,2024-10-22,2024-12-21,2024-12-21,60,60,0,0,synthetic
PCL-A7113D8F,PRJ-017,Possession,8,2024-12-21,2025-01-05,2025-01-13,23,15,1,0,synthetic
PCL-A7113D8F,PRJ-017,Closure/Handover,9,2025-01-13,2025-01-23,,231,10,1,1,synthetic
PCL-E055F4D8,PRJ-017,Land Identification,0,2024-01-31,2024-02-15,2024-02-12,12,15,0,0,synthetic
PCL-E055F4D8,PRJ-017,Survey/Parcel Mapping,1,2024-02-12,2024-03-13,2024-02-28,16,30,0,0,synthetic
PCL-E055F4D8,PRJ-017,Ownership Verification,2,2024-02-28,2024-04-13,2024-06-03,96,45,1,0,synthetic
PCL-E055F4D8,PRJ-017,Notification,3,2024-06-03,2024-06-23,2024-06-18,15,20,0,0,synthetic
PCL-E055F4D8,PRJ-017,Objections/Hearings,4,2024-06-18,2024-07-18,2024-07-11,23,30,0,0,synthetic
PCL-E055F4D8,PRJ-017,Compensation Assessment,5,2024-07-11,2024-08-20,2024-08-01,21,40,0,0,synthetic
PCL-E055F4D8,PRJ-017,Compensation Disbursement,6,2024-08-01,2024-08-31,2024-08-20,19,30,0,0,synthetic
PCL-E055F4D8,PRJ-017,Rehabilitation & Resettlement,7,2024-08-20,2024-10-19,2024-10-11,52,60,0,0,synthetic
PCL-E055F4D8,PRJ-017,Possession,8,2024-10-11,2024-10-26,,325,15,1,1,synthetic
PCL-790B1DF8,PRJ-017,Land Identification,0,2024-01-14,2024-01-29,2024-01-28,14,15,0,0,synthetic
PCL-790B1DF8,PRJ-017,Survey/Parcel Mapping,1,2024-01-28,2024-02-27,2024-02-26,29,30,0,0,synthetic
PCL-790B1DF8,PRJ-017,Ownership Verification,2,2024-02-26,2024-04-11,2024-08-22,178,45,1,0,synthetic
PCL-790B1DF8,PRJ-017,Notification,3,2024-08-22,2024-09-11,2024-09-06,15,20,0,0,synthetic
PCL-790B1DF8,PRJ-017,Objections/Hearings,4,2024-09-06,2024-10-06,2024-10-07,31,30,1,0,synthetic
PCL-790B1DF8,PRJ-017,Compensation Assessment,5,2024-10-07,2024-11-16,2024-11-03,27,40,0,0,synthetic
PCL-790B1DF8,PRJ-017,Compensation Disbursement,6,2024-11-03,2024-12-03,2024-12-15,42,30,1,0,synthetic
PCL-790B1DF8,PRJ-017,Rehabilitation & Resettlement,7,2024-12-15,2025-02-13,2025-02-27,74,60,1,0,synthetic
PCL-790B1DF8,PRJ-017,Possession,8,2025-02-27,2025-03-14,,186,15,1,1,synthetic
PCL-B4882303,PRJ-017,Land Identification,0,2024-02-22,2024-03-08,2024-03-08,15,15,0,0,synthetic
PCL-B4882303,PRJ-017,Survey/Parcel Mapping,1,2024-03-08,2024-04-07,2024-04-19,42,30,1,0,synthetic
PCL-B4882303,PRJ-017,Ownership Verification,2,2024-04-19,2024-06-03,2024-09-11,145,45,1,0,synthetic
PCL-B4882303,PRJ-017,Notification,3,2024-09-11,2024-10-01,2024-10-04,23,20,1,0,synthetic
PCL-B4882303,PRJ-017,Objections/Hearings,4,2024-10-04,2024-11-03,2024-11-03,30,30,0,0,synthetic
PCL-B4882303,PRJ-017,Compensation Assessment,5,2024-11-03,2024-12-13,,302,40,1,1,synthetic
PCL-CD4EEABB,PRJ-017,Land Identification,0,2024-01-21,2024-02-05,2024-02-13,23,15,1,0,synthetic
PCL-CD4EEABB,PRJ-017,Survey/Parcel Mapping,1,2024-02-13,2024-03-14,,566,30,1,1,synthetic
PCL-84E01CF3,PRJ-017,Land Identification,0,2024-03-03,2024-03-18,2024-03-15,12,15,0,0,synthetic
PCL-84E01CF3,PRJ-017,Survey/Parcel Mapping,1,2024-03-15,2024-04-14,2024-04-10,26,30,0,0,synthetic
PCL-84E01CF3,PRJ-017,Ownership Verification,2,2024-04-10,2024-05-25,,509,45,1,1,synthetic
PCL-333B4F4A,PRJ-017,Land Identification,0,2024-02-02,2024-02-17,2024-02-13,11,15,0,0,synthetic
PCL-333B4F4A,PRJ-017,Survey/Parcel Mapping,1,2024-02-13,2024-03-14,2024-03-14,30,30,0,0,synthetic
PCL-333B4F4A,PRJ-017,Ownership Verification,2,2024-03-14,2024-04-28,2024-09-20,190,45,1,0,synthetic
PCL-333B4F4A,PRJ-017,Notification,3,2024-09-20,2024-10-10,2024-10-22,32,20,1,0,synthetic
PCL-333B4F4A,PRJ-017,Objections/Hearings,4,2024-10-22,2024-11-21,2024-12-15,54,30,1,0,synthetic
PCL-333B4F4A,PRJ-017,Compensation Assessment,5,2024-12-15,2025-01-24,2025-01-30,46,40,1,0,synthetic
PCL-333B4F4A,PRJ-017,Compensation Disbursement,6,2025-01-30,2025-03-01,2025-03-03,32,30,1,0,synthetic
PCL-333B4F4A,PRJ-017,Rehabilitation & Resettlement,7,2025-03-03,2025-05-02,2025-04-18,46,60,0,0,synthetic
PCL-333B4F4A,PRJ-017,Possession,8,2025-04-18,2025-05-03,2025-05-09,21,15,1,0,synthetic
PCL-333B4F4A,PRJ-017,Closure/Handover,9,2025-05-09,2025-05-19,,115,10,1,1,synthetic
PCL-D4CC0603,PRJ-017,Land Identification,0,2024-02-11,2024-02-26,2024-02-27,16,15,1,0,synthetic
PCL-D4CC0603,PRJ-017,Survey/Parcel Mapping,1,2024-02-27,2024-03-28,,552,30,1,1,synthetic
PCL-0FF14384,PRJ-017,Land Identification,0,2024-03-28,2024-04-12,2024-04-07,10,15,0,0,synthetic
PCL-0FF14384,PRJ-017,Survey/Parcel Mapping,1,2024-04-07,2024-05-07,2024-05-17,40,30,1,0,synthetic
PCL-0FF14384,PRJ-017,Ownership Verification,2,2024-05-17,2024-07-01,,472,45,1,1,synthetic
PCL-A98A17C6,PRJ-019,Land Identification,0,2024-02-15,2024-03-01,,564,15,1,1,synthetic
PCL-ADC5CACB,PRJ-019,Land Identification,0,2024-02-26,2024-03-12,2024-03-10,13,15,0,0,synthetic
PCL-ADC5CACB,PRJ-019,Survey/Parcel Mapping,1,2024-03-10,2024-04-09,2024-04-02,23,30,0,0,synthetic
PCL-ADC5CACB,PRJ-019,Ownership Verification,2,2024-04-02,2024-05-17,2024-08-09,129,45,1,0,synthetic
PCL-ADC5CACB,PRJ-019,Notification,3,2024-08-09,2024-08-29,2024-08-27,18,20,0,0,synthetic
PCL-ADC5CACB,PRJ-019,Objections/Hearings,4,2024-08-27,2024-09-26,2024-09-23,27,30,0,0,synthetic
PCL-ADC5CACB,PRJ-019,Compensation Assessment,5,2024-09-23,2024-11-02,2024-11-21,59,40,1,0,synthetic
PCL-ADC5CACB,PRJ-019,Compensation Disbursement,6,2024-11-21,2024-12-21,,284,30,1,1,synthetic
PCL-CD3AF45F,PRJ-019,Land Identification,0,2024-01-23,2024-02-07,2024-02-03,11,15,0,0,synthetic
PCL-CD3AF45F,PRJ-019,Survey/Parcel Mapping,1,2024-02-03,2024-03-04,2024-02-23,20,30,0,0,synthetic
PCL-CD3AF45F,PRJ-019,Ownership Verification,2,2024-02-23,2024-04-08,2024-05-16,83,45,1,0,synthetic
PCL-CD3AF45F,PRJ-019,Notification,3,2024-05-16,2024-06-05,2024-06-03,18,20,0,0,synthetic
PCL-CD3AF45F,PRJ-019,Objections/Hearings,4,2024-06-03,2024-07-03,2024-06-29,26,30,0,0,synthetic
PCL-CD3AF45F,PRJ-019,Compensation Assessment,5,2024-06-29,2024-08-08,2024-08-09,41,40,1,0,synthetic
PCL-CD3AF45F,PRJ-019,Compensation Disbursement,6,2024-08-09,2024-09-08,,388,30,1,1,synthetic
PCL-26540EC1,PRJ-019,Land Identification,0,2024-02-26,2024-03-12,2024-03-11,14,15,0,0,synthetic
PCL-26540EC1,PRJ-019,Survey/Parcel Mapping,1,2024-03-11,2024-04-10,2024-04-05,25,30,0,0,synthetic
PCL-26540EC1,PRJ-019,Ownership Verification,2,2024-04-05,2024-05-20,2024-07-30,116,45,1,0,synthetic
PCL-26540EC1,PRJ-019,Notification,3,2024-07-30,2024-08-19,2024-08-11,12,20,0,0,synthetic
PCL-26540EC1,PRJ-019,Objections/Hearings,4,2024-08-11,2024-09-10,2024-09-06,26,30,0,0,synthetic
PCL-26540EC1,PRJ-019,Compensation Assessment,5,2024-09-06,2024-10-16,,360,40,1,1,synthetic
PCL-6F7306D5,PRJ-019,Land Identification,0,2024-02-01,2024-02-16,2024-02-13,12,15,0,0,synthetic
PCL-6F7306D5,PRJ-019,Survey/Parcel Mapping,1,2024-02-13,2024-03-14,2024-03-10,26,30,0,0,synthetic
PCL-6F7306D5,PRJ-019,Ownership Verification,2,2024-03-10,2024-04-24,2024-08-31,174,45,1,0,synthetic
PCL-6F7306D5,PRJ-019,Notification,3,2024-08-31,2024-09-20,2024-09-16,16,20,0,0,synthetic
PCL-6F7306D5,PRJ-019,Objections/Hearings,4,2024-09-16,2024-10-16,2024-10-28,42,30,1,0,synthetic
PCL-6F7306D5,PRJ-019,Compensation Assessment,5,2024-10-28,2024-12-07,2024-12-12,45,40,1,0,synthetic
PCL-6F7306D5,PRJ-019,Compensation Disbursement,6,2024-12-12,2025-01-11,2025-01-05,24,30,0,0,synthetic
PCL-6F7306D5,PRJ-019,Rehabilitation & Resettlement,7,2025-01-05,2025-03-06,,239,60,1,1,synthetic
PCL-87E46F40,PRJ-019,Land Identification,0,2024-03-16,2024-03-31,2024-03-26,10,15,0,0,synthetic
PCL-87E46F40,PRJ-019,Survey/Parcel Mapping,1,2024-03-26,2024-04-25,,524,30,1,1,synthetic
PCL-6D2B81EF,PRJ-019,Land Identification,0,2024-02-28,2024-03-14,2024-03-09,10,15,0,0,synthetic
PCL-6D2B81EF,PRJ-019,Survey/Parcel Mapping,1,2024-03-09,2024-04-08,2024-04-05,27,30,0,0,synthetic
PCL-6D2B81EF,PRJ-019,Ownership Verification,2,2024-04-05,2024-05-20,2024-08-01,118,45,1,0,synthetic
PCL-6D2B81EF,PRJ-019,Notification,3,2024-08-01,2024-08-21,2024-08-14,13,20,0,0,synthetic
PCL-6D2B81EF,PRJ-019,Objections/Hearings,4,2024-08-14,2024-09-13,2024-08-31,17,30,0,0,synthetic
PCL-6D2B81EF,PRJ-019,Compensation Assessment,5,2024-08-31,2024-10-10,2024-10-27,57,40,1,0,synthetic
PCL-6D2B81EF,PRJ-019,Compensation Disbursement,6,2024-10-27,2024-11-26,2024-11-23,27,30,0,0,synthetic
PCL-6D2B81EF,PRJ-019,Rehabilitation & Resettlement,7,2024-11-23,2025-01-22,,282,60,1,1,synthetic
PCL-F0ECB5D1,PRJ-019,Land Identification,0,2024-02-08,2024-02-23,2024-03-04,25,15,1,0,synthetic
PCL-F0ECB5D1,PRJ-019,Survey/Parcel Mapping,1,2024-03-04,2024-04-03,2024-04-02,29,30,0,0,synthetic
PCL-F0ECB5D1,PRJ-019,Ownership Verification,2,2024-04-02,2024-05-17,2024-07-09,98,45,1,0,synthetic
PCL-F0ECB5D1,PRJ-019,Notification,3,2024-07-09,2024-07-29,2024-07-19,10,20,0,0,synthetic
PCL-F0ECB5D1,PRJ-019,Objections/Hearings,4,2024-07-19,2024-08-18,2024-08-30,42,30,1,0,synthetic
PCL-F0ECB5D1,PRJ-019,Compensation Assessment,5,2024-08-30,2024-10-09,2024-10-15,46,40,1,0,synthetic
PCL-F0ECB5D1,PRJ-019,Compensation Disbursement,6,2024-10-15,2024-11-14,2024-11-03,19,30,0,0,synthetic
PCL-F0ECB5D1,PRJ-019,Rehabilitation & Resettlement,7,2024-11-03,2025-01-02,2025-01-16,74,60,1,0,synthetic
PCL-F0ECB5D1,PRJ-019,Possession,8,2025-01-16,2025-01-31,2025-01-23,7,15,0,0,synthetic
PCL-F0ECB5D1,PRJ-019,Closure/Handover,9,2025-01-23,2025-02-02,,221,10,1,1,synthetic
PCL-FC808BD7,PRJ-019,Land Identification,0,2024-02-04,2024-02-19,2024-02-17,13,15,0,0,synthetic
PCL-FC808BD7,PRJ-019,Survey/Parcel Mapping,1,2024-02-17,2024-03-18,2024-03-10,22,30,0,0,synthetic
PCL-FC808BD7,PRJ-019,Ownership Verification,2,2024-03-10,2024-04-24,2024-07-24,136,45,1,0,synthetic
PCL-FC808BD7,PRJ-019,Notification,3,2024-07-24,2024-08-13,,404,20,1,1,synthetic
PCL-BA4D8E07,PRJ-019,Land Identification,0,2024-01-25,2024-02-09,2024-02-16,22,15,1,0,synthetic
PCL-BA4D8E07,PRJ-019,Survey/Parcel Mapping,1,2024-02-16,2024-03-17,2024-04-06,50,30,1,0,synthetic
PCL-BA4D8E07,PRJ-019,Ownership Verification,2,2024-04-06,2024-05-21,2024-09-02,149,45,1,0,synthetic
PCL-BA4D8E07,PRJ-019,Notification,3,2024-09-02,2024-09-22,2024-09-23,21,20,1,0,synthetic
PCL-BA4D8E07,PRJ-019,Objections/Hearings,4,2024-09-23,2024-10-23,2024-11-01,39,30,1,0,synthetic
PCL-BA4D8E07,PRJ-019,Compensation Assessment,5,2024-11-01,2024-12-11,2024-12-19,48,40,1,0,synthetic
PCL-BA4D8E07,PRJ-019,Compensation Disbursement,6,2024-12-19,2025-01-18,2025-02-10,53,30,1,0,synthetic
PCL-BA4D8E07,PRJ-019,Rehabilitation & Resettlement,7,2025-02-10,2025-04-11,,203,60,1,1,synthetic
PCL-1B7D72C4,PRJ-019,Land Identification,0,2024-01-10,2024-01-25,2024-02-02,23,15,1,0,synthetic
PCL-1B7D72C4,PRJ-019,Survey/Parcel Mapping,1,2024-02-02,2024-03-03,2024-02-28,26,30,0,0,synthetic
PCL-1B7D72C4,PRJ-019,Ownership Verification,2,2024-02-28,2024-04-13,2024-07-20,143,45,1,0,synthetic
PCL-1B7D72C4,PRJ-019,Notification,3,2024-07-20,2024-08-09,2024-08-07,18,20,0,0,synthetic
PCL-1B7D72C4,PRJ-019,Objections/Hearings,4,2024-08-07,2024-09-06,,390,30,1,1,synthetic
PCL-1A14B501,PRJ-019,Land Identification,0,2024-01-01,2024-01-16,2024-01-20,19,15,1,0,synthetic
PCL-1A14B501,PRJ-019,Survey/Parcel Mapping,1,2024-01-20,2024-02-19,,590,30,1,1,synthetic
PCL-6675770A,PRJ-019,Land Identification,0,2024-02-25,2024-03-11,2024-03-07,11,15,0,0,synthetic
PCL-6675770A,PRJ-019,Survey/Parcel Mapping,1,2024-03-07,2024-04-06,2024-04-03,27,30,0,0,synthetic
PCL-6675770A,PRJ-019,Ownership Verification,2,2024-04-03,2024-05-18,,516,45,1,1,synthetic
PCL-86F479F3,PRJ-019,Land Identification,0,2024-02-28,2024-03-14,2024-03-11,12,15,0,0,synthetic
PCL-86F479F3,PRJ-019,Survey/Parcel Mapping,1,2024-03-11,2024-04-10,2024-04-08,28,30,0,0,synthetic
PCL-86F479F3,PRJ-019,Ownership Verification,2,2024-04-08,2024-05-23,,511,45,1,1,synthetic
PCL-7A13A671,PRJ-019,Land Identification,0,2024-03-08,2024-03-23,2024-03-20,12,15,0,0,synthetic
PCL-7A13A671,PRJ-019,Survey/Parcel Mapping,1,2024-03-20,2024-04-19,2024-05-01,42,30,1,0,synthetic
PCL-7A13A671,PRJ-019,Ownership Verification,2,2024-05-01,2024-06-15,2024-08-24,115,45,1,0,synthetic
PCL-7A13A671,PRJ-019,Notification,3,2024-08-24,2024-09-13,2024-09-16,23,20,1,0,synthetic
PCL-7A13A671,PRJ-019,Objections/Hearings,4,2024-09-16,2024-10-16,2024-10-20,34,30,1,0,synthetic
PCL-7A13A671,PRJ-019,Compensation Assessment,5,2024-10-20,2024-11-29,2024-11-16,27,40,0,0,synthetic
PCL-7A13A671,PRJ-019,Compensation Disbursement,6,2024-11-16,2024-12-16,2024-12-22,36,30,1,0,synthetic
PCL-7A13A671,PRJ-019,Rehabilitation & Resettlement,7,2024-12-22,2025-02-20,,253,60,1,1,synthetic
PCL-7A5F76A2,PRJ-019,Land Identification,0,2024-01-21,2024-02-05,2024-02-05,15,15,0,0,synthetic
PCL-7A5F76A2,PRJ-019,Survey/Parcel Mapping,1,2024-02-05,2024-03-06,2024-03-07,31,30,1,0,synthetic
PCL-7A5F76A2,PRJ-019,Ownership Verification,2,2024-03-07,2024-04-21,2024-07-15,130,45,1,0,synthetic
PCL-7A5F76A2,PRJ-019,Notification,3,2024-07-15,2024-08-04,2024-08-04,20,20,0,0,synthetic
PCL-7A5F76A2,PRJ-019,Objections/Hearings,4,2024-08-04,2024-09-03,2024-08-31,27,30,0,0,synthetic
PCL-7A5F76A2,PRJ-019,Compensation Assessment,5,2024-08-31,2024-10-10,2024-10-10,40,40,0,0,synthetic
PCL-7A5F76A2,PRJ-019,Compensation Disbursement,6,2024-10-10,2024-11-09,2024-11-22,43,30,1,0,synthetic
PCL-7A5F76A2,PRJ-019,Rehabilitation & Resettlement,7,2024-11-22,2025-01-21,2025-03-17,115,60,1,0,synthetic
PCL-7A5F76A2,PRJ-019,Possession,8,2025-03-17,2025-04-01,2025-04-07,21,15,1,0,synthetic
PCL-7A5F76A2,PRJ-019,Closure/Handover,9,2025-04-07,2025-04-17,,147,10,1,1,synthetic
PCL-FBCD234B,PRJ-019,Land Identification,0,2024-03-11,2024-03-26,2024-03-27,16,15,1,0,synthetic
PCL-FBCD234B,PRJ-019,Survey/Parcel Mapping,1,2024-03-27,2024-04-26,2024-05-09,43,30,1,0,synthetic
PCL-FBCD234B,PRJ-019,Ownership Verification,2,2024-05-09,2024-06-23,2024-11-08,183,45,1,0,synthetic
PCL-FBCD234B,PRJ-019,Notification,3,2024-11-08,2024-11-28,2024-11-30,22,20,1,0,synthetic
PCL-FBCD234B,PRJ-019,Objections/Hearings,4,2024-11-30,2024-12-30,2024-12-27,27,30,0,0,synthetic
PCL-FBCD234B,PRJ-019,Compensation Assessment,5,2024-12-27,2025-02-05,2025-01-21,25,40,0,0,synthetic
PCL-FBCD234B,PRJ-019,Compensation Disbursement,6,2025-01-21,2025-02-20,2025-03-03,41,30,1,0,synthetic
PCL-FBCD234B,PRJ-019,Rehabilitation & Resettlement,7,2025-03-03,2025-05-02,2025-05-14,72,60,1,0,synthetic
PCL-FBCD234B,PRJ-019,Possession,8,2025-05-14,2025-05-29,,110,15,1,1,synthetic
PCL-AC70DA24,PRJ-019,Land Identification,0,2024-01-08,2024-01-23,2024-01-21,13,15,0,0,synthetic
PCL-AC70DA24,PRJ-019,Survey/Parcel Mapping,1,2024-01-21,2024-02-20,2024-03-11,50,30,1,0,synthetic
PCL-AC70DA24,PRJ-019,Ownership Verification,2,2024-03-11,2024-04-25,2024-07-02,113,45,1,0,synthetic
PCL-AC70DA24,PRJ-019,Notification,3,2024-07-02,2024-07-22,2024-08-12,41,20,1,0,synthetic
PCL-AC70DA24,PRJ-019,Objections/Hearings,4,2024-08-12,2024-09-11,2024-09-09,28,30,0,0,synthetic
PCL-AC70DA24,PRJ-019,Compensation Assessment,5,2024-09-09,2024-10-19,2024-10-11,32,40,0,0,synthetic
PCL-AC70DA24,PRJ-019,Compensation Disbursement,6,2024-10-11,2024-11-10,2024-11-11,31,30,1,0,synthetic
PCL-AC70DA24,PRJ-019,Rehabilitation & Resettlement,7,2024-11-11,2025-01-10,2025-03-14,123,60,1,0,synthetic
PCL-AC70DA24,PRJ-019,Possession,8,2025-03-14,2025-03-29,,171,15,1,1,synthetic
PCL-BE7C6E49,PRJ-019,Land Identification,0,2024-02-22,2024-03-08,2024-03-10,17,15,1,0,synthetic
PCL-BE7C6E49,PRJ-019,Survey/Parcel Mapping,1,2024-03-10,2024-04-09,2024-03-29,19,30,0,0,synthetic
PCL-BE7C6E49,PRJ-019,Ownership Verification,2,2024-03-29,2024-05-13,,521,45,1,1,synthetic
PCL-7403C54B,PRJ-019,Land Identification,0,2024-01-08,2024-01-23,,602,15,1,1,synthetic
PCL-4E558432,PRJ-019,Land Identification,0,2024-03-28,2024-04-12,2024-04-07,10,15,0,0,synthetic
PCL-4E558432,PRJ-019,Survey/Parcel Mapping,1,2024-04-07,2024-05-07,,512,30,1,1,synthetic
PCL-542657E8,PRJ-019,Land Identification,0,2024-02-15,2024-03-01,2024-02-28,13,15,0,0,synthetic
PCL-542657E8,PRJ-019,Survey/Parcel Mapping,1,2024-02-28,2024-03-29,2024-03-25,26,30,0,0,synthetic
PCL-542657E8,PRJ-019,Ownership Verification,2,2024-03-25,2024-05-09,2024-08-06,134,45,1,0,synthetic
PCL-542657E8,PRJ-019,Notification,3,2024-08-06,2024-08-26,,391,20,1,1,synthetic
PCL-933ED8DE,PRJ-019,Land Identification,0,2024-01-18,2024-02-02,2024-02-06,19,15,1,0,synthetic
PCL-933ED8DE,PRJ-019,Survey/Parcel Mapping,1,2024-02-06,2024-03-07,2024-03-03,26,30,0,0,synthetic
PCL-933ED8DE,PRJ-019,Ownership Verification,2,2024-03-03,2024-04-17,2024-05-26,84,45,1,0,synthetic
PCL-933ED8DE,PRJ-019,Notification,3,2024-05-26,2024-06-15,2024-06-10,15,20,0,0,synthetic
PCL-933ED8DE,PRJ-019,Objections/Hearings,4,2024-06-10,2024-07-10,2024-07-12,32,30,1,0,synthetic
PCL-933ED8DE,PRJ-019,Compensation Assessment,5,2024-07-12,2024-08-21,2024-08-11,30,40,0,0,synthetic
PCL-933ED8DE,PRJ-019,Compensation Disbursement,6,2024-08-11,2024-09-10,2024-09-24,44,30,1,0,synthetic
PCL-933ED8DE,PRJ-019,Rehabilitation & Resettlement,7,2024-09-24,2024-11-23,,342,60,1,1,synthetic
PCL-B14B24A8,PRJ-019,Land Identification,0,2024-03-07,2024-03-22,2024-04-18,42,15,1,0,synthetic
PCL-B14B24A8,PRJ-019,Survey/Parcel Mapping,1,2024-04-18,2024-05-18,2024-05-25,37,30,1,0,synthetic
PCL-B14B24A8,PRJ-019,Ownership Verification,2,2024-05-25,2024-07-09,2024-09-22,120,45,1,0,synthetic
PCL-B14B24A8,PRJ-019,Notification,3,2024-09-22,2024-10-12,,344,20,1,1,synthetic
PCL-904F878E,PRJ-019,Land Identification,0,2024-01-16,2024-01-31,2024-01-24,8,15,0,0,synthetic
PCL-904F878E,PRJ-019,Survey/Parcel Mapping,1,2024-01-24,2024-02-23,2024-02-29,36,30,1,0,synthetic
PCL-904F878E,PRJ-019,Ownership Verification,2,2024-02-29,2024-04-14,2024-06-17,109,45,1,0,synthetic
PCL-904F878E,PRJ-019,Notification,3,2024-06-17,2024-07-07,2024-07-17,30,20,1,0,synthetic
PCL-904F878E,PRJ-019,Objections/Hearings,4,2024-07-17,2024-08-16,,411,30,1,1,synthetic
PCL-0330ACD6,PRJ-019,Land Identification,0,2024-01-15,2024-01-30,2024-01-25,10,15,0,0,synthetic
PCL-0330ACD6,PRJ-019,Survey/Parcel Mapping,1,2024-01-25,2024-02-24,2024-03-04,39,30,1,0,synthetic
PCL-0330ACD6,PRJ-019,Ownership Verification,2,2024-03-04,2024-04-18,,546,45,1,1,synthetic
PCL-795DD766,PRJ-021,Land Identification,0,2024-03-18,2024-04-02,2024-03-31,13,15,0,0,synthetic
PCL-795DD766,PRJ-021,Survey/Parcel Mapping,1,2024-03-31,2024-04-30,2024-05-12,42,30,1,0,synthetic
PCL-795DD766,PRJ-021,Ownership Verification,2,2024-05-12,2024-06-26,2024-06-13,32,45,0,0,synthetic
PCL-795DD766,PRJ-021,Notification,3,2024-06-13,2024-07-03,2024-07-01,18,20,0,0,synthetic
PCL-795DD766,PRJ-021,Objections/Hearings,4,2024-07-01,2024-07-31,2024-08-14,44,30,1,0,synthetic
PCL-795DD766,PRJ-021,Compensation Assessment,5,2024-08-14,2024-09-23,2024-09-15,32,40,0,0,synthetic
PCL-795DD766,PRJ-021,Compensation Disbursement,6,2024-09-15,2024-10-15,2024-11-17,63,30,1,0,synthetic
PCL-795DD766,PRJ-021,Rehabilitation & Resettlement,7,2024-11-17,2025-01-16,2025-01-12,56,60,0,0,synthetic
PCL-795DD766,PRJ-021,Possession,8,2025-01-12,2025-01-27,,232,15,1,1,synthetic
PCL-5C4419A5,PRJ-021,Land Identification,0,2024-03-04,2024-03-19,,546,15,1,1,synthetic
PCL-40B0DFF6,PRJ-021,Land Identification,0,2024-03-23,2024-04-07,2024-04-10,18,15,1,0,synthetic
PCL-40B0DFF6,PRJ-021,Survey/Parcel Mapping,1,2024-04-10,2024-05-10,2024-05-04,24,30,0,0,synthetic
PCL-40B0DFF6,PRJ-021,Ownership Verification,2,2024-05-04,2024-06-18,2024-05-30,26,45,0,0,synthetic
PCL-40B0DFF6,PRJ-021,Notification,3,2024-05-30,2024-06-19,2024-06-23,24,20,1,0,synthetic
PCL-40B0DFF6,PRJ-021,Objections/Hearings,4,2024-06-23,2024-07-23,2024-08-04,42,30,1,0,synthetic
PCL-40B0DFF6,PRJ-021,Compensation Assessment,5,2024-08-04,2024-09-13,2024-09-10,37,40,0,0,synthetic
PCL-40B0DFF6,PRJ-021,Compensation Disbursement,6,2024-09-10,2024-10-10,2024-10-23,43,30,1,0,synthetic
PCL-40B0DFF6,PRJ-021,Rehabilitation & Resettlement,7,2024-10-23,2024-12-22,2025-01-04,73,60,1,0,synthetic
PCL-40B0DFF6,PRJ-021,Possession,8,2025-01-04,2025-01-19,,240,15,1,1,synthetic
PCL-B0CBC4D9,PRJ-021,Land Identification,0,2024-02-14,2024-02-29,2024-02-29,15,15,0,0,synthetic
PCL-B0CBC4D9,PRJ-021,Survey/Parcel Mapping,1,2024-02-29,2024-03-30,2024-04-05,36,30,1,0,synthetic
PCL-B0CBC4D9,PRJ-021,Ownership Verification,2,2024-04-05,2024-05-20,2024-05-14,39,45,0,0,synthetic
PCL-B0CBC4D9,PRJ-021,Notification,3,2024-05-14,2024-06-03,2024-06-02,19,20,0,0,synthetic
PCL-B0CBC4D9,PRJ-021,Objections/Hearings,4,2024-06-02,2024-07-02,2024-07-11,39,30,1,0,synthetic
PCL-B0CBC4D9,PRJ-021,Compensation Assessment,5,2024-07-11,2024-08-20,2024-08-15,35,40,0,0,synthetic
PCL-B0CBC4D9,PRJ-021,Compensation Disbursement,6,2024-08-15,2024-09-14,2024-11-02,79,30,1,0,synthetic
PCL-B0CBC4D9,PRJ-021,Rehabilitation & Resettlement,7,2024-11-02,2025-01-01,2025-01-04,63,60,1,0,synthetic
PCL-B0CBC4D9,PRJ-021,Possession,8,2025-01-04,2025-01-19,,240,15,1,1,synthetic
PCL-60A0311F,PRJ-021,Land Identification,0,2024-01-20,2024-02-04,2024-02-04,15,15,0,0,synthetic
PCL-60A0311F,PRJ-021,Survey/Parcel Mapping,1,2024-02-04,2024-03-05,2024-03-07,32,30,1,0,synthetic
PCL-60A0311F,PRJ-021,Ownership Verification,2,2024-03-07,2024-04-21,2024-04-22,46,45,1,0,synthetic
PCL-60A0311F,PRJ-021,Notification,3,2024-04-22,2024-05-12,2024-05-04,12,20,0,0,synthetic
PCL-60A0311F,PRJ-021,Objections/Hearings,4,2024-05-04,2024-06-03,,485,30,1,1,synthetic
PCL-49FD5471,PRJ-021,Land Identification,0,2024-01-12,2024-01-27,2024-01-23,11,15,0,0,synthetic
PCL-49FD5471,PRJ-021,Survey/Parcel Mapping,1,2024-01-23,2024-02-22,2024-02-19,27,30,0,0,synthetic
PCL-49FD5471,PRJ-021,Ownership Verification,2,2024-02-19,2024-04-04,2024-04-01,42,45,0,0,synthetic
PCL-49FD5471,PRJ-021,Notification,3,2024-04-01,2024-04-21,2024-04-16,15,20,0,0,synthetic
PCL-49FD5471,PRJ-021,Objections/Hearings,4,2024-04-16,2024-05-16,2024-06-22,67,30,1,0,synthetic
PCL-49FD5471,PRJ-021,Compensation Assessment,5,2024-06-22,2024-08-01,2024-07-15,23,40,0,0,synthetic
PCL-49FD5471,PRJ-021,Compensation Disbursement,6,2024-07-15,2024-08-14,2024-09-06,53,30,1,0,synthetic
PCL-49FD5471,PRJ-021,Rehabilitation & Resettlement,7,2024-09-06,2024-11-05,2024-11-10,65,60,1,0,synthetic
PCL-49FD5471,PRJ-021,Possession,8,2024-11-10,2024-11-25,2024-12-01,21,15,1,0,synthetic
PCL-49FD5471,PRJ-021,Closure/Handover,9,2024-12-01,2024-12-11,,274,10,1,1,synthetic
PCL-43980D42,PRJ-021,Land Identification,0,2024-03-06,2024-03-21,,544,15,1,1,synthetic
PCL-36450E30,PRJ-021,Land Identification,0,2024-03-29,2024-04-13,2024-04-05,7,15,0,0,synthetic
PCL-36450E30,PRJ-021,Survey/Parcel Mapping,1,2024-04-05,2024-05-05,2024-04-21,16,30,0,0,synthetic
PCL-36450E30,PRJ-021,Ownership Verification,2,2024-04-21,2024-06-05,2024-06-08,48,45,1,0,synthetic
PCL-36450E30,PRJ-021,Notification,3,2024-06-08,2024-06-28,2024-06-24,16,20,0,0,synthetic
PCL-36450E30,PRJ-021,Objections/Hearings,4,2024-06-24,2024-07-24,2024-07-20,26,30,0,0,synthetic
PCL-36450E30,PRJ-021,Compensation Assessment,5,2024-07-20,2024-08-29,,408,40,1,1,synthetic
PCL-8C66377E,PRJ-021,Land Identification,0,2024-03-13,2024-03-28,2024-03-28,15,15,0,0,synthetic
PCL-8C66377E,PRJ-021,Survey/Parcel Mapping,1,2024-03-28,2024-04-27,2024-04-16,19,30,0,0,synthetic
PCL-8C66377E,PRJ-021,Ownership Verification,2,2024-04-16,2024-05-31,2024-07-07,82,45,1,0,synthetic
PCL-8C66377E,PRJ-021,Notification,3,2024-07-07,2024-07-27,2024-07-23,16,20,0,0,synthetic
PCL-8C66377E,PRJ-021,Objections/Hearings,4,2024-07-23,2024-08-22,2024-08-17,25,30,0,0,synthetic
PCL-8C66377E,PRJ-021,Compensation Assessment,5,2024-08-17,2024-09-26,2024-10-02,46,40,1,0,synthetic
PCL-8C66377E,PRJ-021,Compensation Disbursement,6,2024-10-02,2024-11-01,2024-12-19,78,30,1,0,synthetic
PCL-8C66377E,PRJ-021,Rehabilitation & Resettlement,7,2024-12-19,2025-02-17,,256,60,1,1,synthetic
PCL-D8A5A17E,PRJ-021,Land Identification,0,2024-01-19,2024-02-03,2024-02-02,14,15,0,0,synthetic
PCL-D8A5A17E,PRJ-021,Survey/Parcel Mapping,1,2024-02-02,2024-03-03,,577,30,1,1,synthetic
PCL-76E616AD,PRJ-021,Land Identification,0,2024-02-20,2024-03-06,2024-03-06,15,15,0,0,synthetic
PCL-76E616AD,PRJ-021,Survey/Parcel Mapping,1,2024-03-06,2024-04-05,2024-03-30,24,30,0,0,synthetic
PCL-76E616AD,PRJ-021,Ownership Verification,2,2024-03-30,2024-05-14,2024-04-29,30,45,0,0,synthetic
PCL-76E616AD,PRJ-021,Notification,3,2024-04-29,2024-05-19,,490,20,1,1,synthetic
PCL-C5AC01D8,PRJ-021,Land Identification,0,2024-02-22,2024-03-08,2024-03-09,16,15,1,0,synthetic
PCL-C5AC01D8,PRJ-021,Survey/Parcel Mapping,1,2024-03-09,2024-04-08,,541,30,1,1,synthetic
PCL-3C9AC27E,PRJ-021,Land Identification,0,2024-01-02,2024-01-17,2024-01-21,19,15,1,0,synthetic
PCL-3C9AC27E,PRJ-021,Survey/Parcel Mapping,1,2024-01-21,2024-02-20,2024-02-25,35,30,1,0,synthetic
PCL-3C9AC27E,PRJ-021,Ownership Verification,2,2024-02-25,2024-04-10,2024-04-02,37,45,0,0,synthetic
PCL-3C9AC27E,PRJ-021,Notification,3,2024-04-02,2024-04-22,2024-04-14,12,20,0,0,synthetic
PCL-3C9AC27E,PRJ-021,Objections/Hearings,4,2024-04-14,2024-05-14,2024-05-11,27,30,0,0,synthetic
PCL-3C9AC27E,PRJ-021,Compensation Assessment,5,2024-05-11,2024-06-20,2024-06-25,45,40,1,0,synthetic
PCL-3C9AC27E,PRJ-021,Compensation Disbursement,6,2024-06-25,2024-07-25,2024-10-18,115,30,1,0,synthetic
PCL-3C9AC27E,PRJ-021,Rehabilitation & Resettlement,7,2024-10-18,2024-12-17,2024-12-01,44,60,0,0,synthetic
PCL-3C9AC27E,PRJ-021,Possession,8,2024-12-01,2024-12-16,2024-12-14,13,15,0,0,synthetic
PCL-3C9AC27E,PRJ-021,Closure/Handover,9,2024-12-14,2024-12-24,,261,10,1,1,synthetic
PCL-309D69AD,PRJ-021,Land Identification,0,2024-01-18,2024-02-02,2024-02-04,17,15,1,0,synthetic
PCL-309D69AD,PRJ-021,Survey/Parcel Mapping,1,2024-02-04,2024-03-05,2024-03-25,50,30,1,0,synthetic
PCL-309D69AD,PRJ-021,Ownership Verification,2,2024-03-25,2024-05-09,2024-05-11,47,45,1,0,synthetic
PCL-309D69AD,PRJ-021,Notification,3,2024-05-11,2024-05-31,2024-06-03,23,20,1,0,synthetic
PCL-309D69AD,PRJ-021,Objections/Hearings,4,2024-06-03,2024-07-03,2024-07-06,33,30,1,0,synthetic
PCL-309D69AD,PRJ-021,Compensation Assessment,5,2024-07-06,2024-08-15,2024-08-13,38,40,0,0,synthetic
PCL-309D69AD,PRJ-021,Compensation Disbursement,6,2024-08-13,2024-09-12,2024-10-20,68,30,1,0,synthetic
PCL-309D69AD,PRJ-021,Rehabilitation & Resettlement,7,2024-10-20,2024-12-19,2024-12-14,55,60,0,0,synthetic
PCL-309D69AD,PRJ-021,Possession,8,2024-12-14,2024-12-29,,261,15,1,1,synthetic
PCL-22A85DE4,PRJ-021,Land Identification,0,2024-03-13,2024-03-28,2024-03-30,17,15,1,0,synthetic
PCL-22A85DE4,PRJ-021,Survey/Parcel Mapping,1,2024-03-30,2024-04-29,2024-05-01,32,30,1,0,synthetic
PCL-22A85DE4,PRJ-021,Ownership Verification,2,2024-05-01,2024-06-15,,488,45,1,1,synthetic
PCL-E3A038A4,PRJ-021,Land Identification,0,2024-03-10,2024-03-25,2024-03-29,19,15,1,0,synthetic
PCL-E3A038A4,PRJ-021,Survey/Parcel Mapping,1,2024-03-29,2024-04-28,2024-04-25,27,30,0,0,synthetic
PCL-E3A038A4,PRJ-021,Ownership Verification,2,2024-04-25,2024-06-09,2024-07-23,89,45,1,0,synthetic
PCL-E3A038A4,PRJ-021,Notification,3,2024-07-23,2024-08-12,,405,20,1,1,synthetic
PCL-CD3B0CDD,PRJ-021,Land Identification,0,2024-01-15,2024-01-30,2024-01-29,14,15,0,0,synthetic
PCL-CD3B0CDD,PRJ-021,Survey/Parcel Mapping,1,2024-01-29,2024-02-28,2024-03-08,39,30,1,0,synthetic
PCL-CD3B0CDD,PRJ-021,Ownership Verification,2,2024-03-08,2024-04-22,,542,45,1,1,synthetic
PCL-8677B61D,PRJ-021,Land Identification,0,2024-03-07,2024-03-22,2024-03-21,14,15,0,0,synthetic
PCL-8677B61D,PRJ-021,Survey/Parcel Mapping,1,2024-03-21,2024-04-20,2024-04-06,16,30,0,0,synthetic
PCL-8677B61D,PRJ-021,Ownership Verification,2,2024-04-06,2024-05-21,2024-05-05,29,45,0,0,synthetic
PCL-8677B61D,PRJ-021,Notification,3,2024-05-05,2024-05-25,,484,20,1,1,synthetic
PCL-DCD9F7BA,PRJ-021,Land Identification,0,2024-01-15,2024-01-30,,595,15,1,1,synthetic
PCL-6BFCABFD,PRJ-021,Land Identification,0,2024-01-31,2024-02-15,2024-02-18,18,15,1,0,synthetic
PCL-6BFCABFD,PRJ-021,Survey/Parcel Mapping,1,2024-02-18,2024-03-19,2024-03-24,35,30,1,0,synthetic
PCL-6BFCABFD,PRJ-021,Ownership Verification,2,2024-03-24,2024-05-08,2024-05-21,58,45,1,0,synthetic
PCL-6BFCABFD,PRJ-021,Notification,3,2024-05-21,2024-06-10,2024-06-12,22,20,1,0,synthetic
PCL-6BFCABFD,PRJ-021,Objections/Hearings,4,2024-06-12,2024-07-12,2024-06-28,16,30,0,0,synthetic
PCL-6BFCABFD,PRJ-021,Compensation Assessment,5,2024-06-28,2024-08-07,2024-07-25,27,40,0,0,synthetic
PCL-6BFCABFD,PRJ-021,Compensation Disbursement,6,2024-07-25,2024-08-24,2024-09-10,47,30,1,0,synthetic
PCL-6BFCABFD,PRJ-021,Rehabilitation & Resettlement,7,2024-09-10,2024-11-09,2024-12-08,89,60,1,0,synthetic
PCL-6BFCABFD,PRJ-021,Possession,8,2024-12-08,2024-12-23,,267,15,1,1,synthetic
PCL-3AFD3620,PRJ-021,Land Identification,0,2024-02-16,2024-03-02,2024-02-29,13,15,0,0,synthetic
PCL-3AFD3620,PRJ-021,Survey/Parcel Mapping,1,2024-02-29,2024-03-30,2024-04-05,36,30,1,0,synthetic
PCL-3AFD3620,PRJ-021,Ownership Verification,2,2024-04-05,2024-05-20,2024-05-27,52,45,1,0,synthetic
PCL-3AFD3620,PRJ-021,Notification,3,2024-05-27,2024-06-16,2024-06-13,17,20,0,0,synthetic
PCL-3AFD3620,PRJ-021,Objections/Hearings,4,2024-06-13,2024-07-13,2024-07-26,43,30,1,0,synthetic
PCL-3AFD3620,PRJ-021,Compensation Assessment,5,2024-07-26,2024-09-04,2024-09-02,38,40,0,0,synthetic
PCL-3AFD3620,PRJ-021,Compensation Disbursement,6,2024-09-02,2024-10-02,2024-10-29,57,30,1,0,synthetic
PCL-3AFD3620,PRJ-021,Rehabilitation & Resettlement,7,2024-10-29,2024-12-28,2025-01-31,94,60,1,0,synthetic
PCL-3AFD3620,PRJ-021,Possession,8,2025-01-31,2025-02-15,,213,15,1,1,synthetic
PCL-2860614F,PRJ-021,Land Identification,0,2024-01-28,2024-02-12,2024-02-07,10,15,0,0,synthetic
PCL-2860614F,PRJ-021,Survey/Parcel Mapping,1,2024-02-07,2024-03-08,2024-03-05,27,30,0,0,synthetic
PCL-2860614F,PRJ-021,Ownership Verification,2,2024-03-05,2024-04-19,2024-04-06,32,45,0,0,synthetic
PCL-2860614F,PRJ-021,Notification,3,2024-04-06,2024-04-26,2024-04-23,17,20,0,0,synthetic
PCL-2860614F,PRJ-021,Objections/Hearings,4,2024-04-23,2024-05-23,2024-05-19,26,30,0,0,synthetic
PCL-2860614F,PRJ-021,Compensation Assessment,5,2024-05-19,2024-06-28,,470,40,1,1,synthetic
PCL-A3E0A657,PRJ-021,Land Identification,0,2024-01-26,2024-02-10,2024-02-02,7,15,0,0,synthetic
PCL-A3E0A657,PRJ-021,Survey/Parcel Mapping,1,2024-02-02,2024-03-03,2024-02-20,18,30,0,0,synthetic
PCL-A3E0A657,PRJ-021,Ownership Verification,2,2024-02-20,2024-04-05,2024-04-04,44,45,0,0,synthetic
PCL-A3E0A657,PRJ-021,Notification,3,2024-04-04,2024-04-24,2024-04-23,19,20,0,0,synthetic
PCL-A3E0A657,PRJ-021,Objections/Hearings,4,2024-04-23,2024-05-23,2024-06-02,40,30,1,0,synthetic
PCL-A3E0A657,PRJ-021,Compensation Assessment,5,2024-06-02,2024-07-12,2024-07-12,40,40,0,0,synthetic
PCL-A3E0A657,PRJ-021,Compensation Disbursement,6,2024-07-12,2024-08-11,2024-09-13,63,30,1,0,synthetic
PCL-A3E0A657,PRJ-021,Rehabilitation & Resettlement,7,2024-09-13,2024-11-12,,353,60,1,1,synthetic
PCL-39BAD1C7,PRJ-021,Land Identification,0,2024-01-29,2024-02-13,2024-02-15,17,15,1,0,synthetic
PCL-39BAD1C7,PRJ-021,Survey/Parcel Mapping,1,2024-02-15,2024-03-16,2024-03-11,25,30,0,0,synthetic
PCL-39BAD1C7,PRJ-021,Ownership Verification,2,2024-03-11,2024-04-25,2024-05-21,71,45,1,0,synthetic
PCL-39BAD1C7,PRJ-021,Notification,3,2024-05-21,2024-06-10,2024-06-05,15,20,0,0,synthetic
PCL-39BAD1C7,PRJ-021,Objections/Hearings,4,2024-06-05,2024-07-05,2024-07-08,33,30,1,0,synthetic
PCL-39BAD1C7,PRJ-021,Compensation Assessment,5,2024-07-08,2024-08-17,2024-08-20,43,40,1,0,synthetic
PCL-39BAD1C7,PRJ-021,Compensation Disbursement,6,2024-08-20,2024-09-19,2024-11-03,75,30,1,0,synthetic
PCL-39BAD1C7,PRJ-021,Rehabilitation & Resettlement,7,2024-11-03,2025-01-02,,302,60,1,1,synthetic
PCL-52F051AA,PRJ-021,Land Identification,0,2024-02-15,2024-03-01,2024-02-26,11,15,0,0,synthetic
PCL-52F051AA,PRJ-021,Survey/Parcel Mapping,1,2024-02-26,2024-03-27,2024-03-20,23,30,0,0,synthetic
PCL-52F051AA,PRJ-021,Ownership Verification,2,2024-03-20,2024-05-04,2024-04-26,37,45,0,0,synthetic
PCL-52F051AA,PRJ-021,Notification,3,2024-04-26,2024-05-16,,493,20,1,1,synthetic
PCL-B20AD6AE,PRJ-021,Land Identification,0,2024-01-21,2024-02-05,2024-02-02,12,15,0,0,synthetic
PCL-B20AD6AE,PRJ-021,Survey/Parcel Mapping,1,2024-02-02,2024-03-03,2024-02-21,19,30,0,0,synthetic
PCL-B20AD6AE,PRJ-021,Ownership Verification,2,2024-02-21,2024-04-06,2024-04-13,52,45,1,0,synthetic
PCL-B20AD6AE,PRJ-021,Notification,3,2024-04-13,2024-05-03,2024-05-06,23,20,1,0,synthetic
PCL-B20AD6AE,PRJ-021,Objections/Hearings,4,2024-05-06,2024-06-05,2024-06-25,50,30,1,0,synthetic
PCL-B20AD6AE,PRJ-021,Compensation Assessment,5,2024-06-25,2024-08-04,,433,40,1,1,synthetic
PCL-ECD3930A,PRJ-021,Land Identification,0,2024-01-04,2024-01-19,,606,15,1,1,synthetic
PCL-659353DC,PRJ-021,Land Identification,0,2024-01-12,2024-01-27,2024-01-26,14,15,0,0,synthetic
PCL-659353DC,PRJ-021,Survey/Parcel Mapping,1,2024-01-26,2024-02-25,,584,30,1,1,synthetic
PCL-CEE67DC0,PRJ-021,Land Identification,0,2024-01-19,2024-02-03,2024-02-04,16,15,1,0,synthetic
PCL-CEE67DC0,PRJ-021,Survey/Parcel Mapping,1,2024-02-04,2024-03-05,2024-02-19,15,30,0,0,synthetic
PCL-CEE67DC0,PRJ-021,Ownership Verification,2,2024-02-19,2024-04-04,2024-04-13,54,45,1,0,synthetic
PCL-CEE67DC0,PRJ-021,Notification,3,2024-04-13,2024-05-03,2024-05-06,23,20,1,0,synthetic
PCL-CEE67DC0,PRJ-021,Objections/Hearings,4,2024-05-06,2024-06-05,2024-05-29,23,30,0,0,synthetic
PCL-CEE67DC0,PRJ-021,Compensation Assessment,5,2024-05-29,2024-07-08,2024-07-02,34,40,0,0,synthetic
PCL-CEE67DC0,PRJ-021,Compensation Disbursement,6,2024-07-02,2024-08-01,,426,30,1,1,synthetic
PCL-74C8E1B3,PRJ-021,Land Identification,0,2024-02-04,2024-02-19,2024-03-03,28,15,1,0,synthetic
PCL-74C8E1B3,PRJ-021,Survey/Parcel Mapping,1,2024-03-03,2024-04-02,2024-04-13,41,30,1,0,synthetic
PCL-74C8E1B3,PRJ-021,Ownership Verification,2,2024-04-13,2024-05-28,2024-05-12,29,45,0,0,synthetic
PCL-74C8E1B3,PRJ-021,Notification,3,2024-05-12,2024-06-01,2024-06-07,26,20,1,0,synthetic
PCL-74C8E1B3,PRJ-021,Objections/Hearings,4,2024-06-07,2024-07-07,2024-07-12,35,30,1,0,synthetic
PCL-74C8E1B3,PRJ-021,Compensation Assessment,5,2024-07-12,2024-08-21,2024-08-21,40,40,0,0,synthetic
PCL-74C8E1B3,PRJ-021,Compensation Disbursement,6,2024-08-21,2024-09-20,2024-11-03,74,30,1,0,synthetic
PCL-74C8E1B3,PRJ-021,Rehabilitation & Resettlement,7,2024-11-03,2025-01-02,,302,60,1,1,synthetic
PCL-96804757,PRJ-021,Land Identification,0,2024-01-09,2024-01-24,2024-01-29,20,15,1,0,synthetic
PCL-96804757,PRJ-021,Survey/Parcel Mapping,1,2024-01-29,2024-02-28,2024-03-01,32,30,1,0,synthetic
PCL-96804757,PRJ-021,Ownership Verification,2,2024-03-01,2024-04-15,2024-04-02,32,45,0,0,synthetic
PCL-96804757,PRJ-021,Notification,3,2024-04-02,2024-04-22,2024-05-11,39,20,1,0,synthetic
PCL-96804757,PRJ-021,Objections/Hearings,4,2024-05-11,2024-06-10,,478,30,1,1,synthetic
PCL-74F66A96,PRJ-021,Land Identification,0,2024-02-28,2024-03-14,2024-03-12,13,15,0,0,synthetic
PCL-74F66A96,PRJ-021,Survey/Parcel Mapping,1,2024-03-12,2024-04-11,2024-04-07,26,30,0,0,synthetic
PCL-74F66A96,PRJ-021,Ownership Verification,2,2024-04-07,2024-05-22,2024-05-16,39,45,0,0,synthetic
PCL-74F66A96,PRJ-021,Notification,3,2024-05-16,2024-06-05,2024-06-09,24,20,1,0,synthetic
PCL-74F66A96,PRJ-021,Objections/Hearings,4,2024-06-09,2024-07-09,2024-06-30,21,30,0,0,synthetic
PCL-74F66A96,PRJ-021,Compensation Assessment,5,2024-06-30,2024-08-09,2024-07-24,24,40,0,0,synthetic
PCL-74F66A96,PRJ-021,Compensation Disbursement,6,2024-07-24,2024-08-23,2024-09-29,67,30,1,0,synthetic
PCL-74F66A96,PRJ-021,Rehabilitation & Resettlement,7,2024-09-29,2024-11-28,2024-11-20,52,60,0,0,synthetic
PCL-74F66A96,PRJ-021,Possession,8,2024-11-20,2024-12-05,2024-12-07,17,15,1,0,synthetic
PCL-74F66A96,PRJ-021,Closure/Handover,9,2024-12-07,2024-12-17,,268,10,1,1,synthetic
PCL-31A393B6,PRJ-021,Land Identification,0,2024-03-22,2024-04-06,2024-04-14,23,15,1,0,synthetic
PCL-31A393B6,PRJ-021,Survey/Parcel Mapping,1,2024-04-14,2024-05-14,2024-05-16,32,30,1,0,synthetic
PCL-31A393B6,PRJ-021,Ownership Verification,2,2024-05-16,2024-06-30,2024-07-10,55,45,1,0,synthetic
PCL-31A393B6,PRJ-021,Notification,3,2024-07-10,2024-07-30,2024-08-03,24,20,1,0,synthetic
PCL-31A393B6,PRJ-021,Objections/Hearings,4,2024-08-03,2024-09-02,2024-09-05,33,30,1,0,synthetic
PCL-31A393B6,PRJ-021,Compensation Assessment,5,2024-09-05,2024-10-15,2024-10-06,31,40,0,0,synthetic
PCL-31A393B6,PRJ-021,Compensation Disbursement,6,2024-10-06,2024-11-05,2024-12-01,56,30,1,0,synthetic
PCL-31A393B6,PRJ-021,Rehabilitation & Resettlement,7,2024-12-01,2025-01-30,2025-01-08,38,60,0,0,synthetic
PCL-31A393B6,PRJ-021,Possession,8,2025-01-08,2025-01-23,,236,15,1,1,synthetic
PCL-E8359BBE,PRJ-021,Land Identification,0,2024-03-16,2024-03-31,,534,15,1,1,synthetic
PCL-E31DF820,PRJ-021,Land Identification,0,2024-03-01,2024-03-16,2024-03-10,9,15,0,0,synthetic
PCL-E31DF820,PRJ-021,Survey/Parcel Mapping,1,2024-03-10,2024-04-09,2024-04-07,28,30,0,0,synthetic
PCL-E31DF820,PRJ-021,Ownership Verification,2,2024-04-07,2024-05-22,2024-06-02,56,45,1,0,synthetic
PCL-E31DF820,PRJ-021,Notification,3,2024-06-02,2024-06-22,2024-06-23,21,20,1,0,synthetic
PCL-E31DF820,PRJ-021,Objections/Hearings,4,2024-06-23,2024-07-23,2024-07-25,32,30,1,0,synthetic
PCL-E31DF820,PRJ-021,Compensation Assessment,5,2024-07-25,2024-09-03,2024-09-15,52,40,1,0,synthetic
PCL-E31DF820,PRJ-021,Compensation Disbursement,6,2024-09-15,2024-10-15,2024-11-26,72,30,1,0,synthetic
PCL-E31DF820,PRJ-021,Rehabilitation & Resettlement,7,2024-11-26,2025-01-25,2025-01-29,64,60,1,0,synthetic
PCL-E31DF820,PRJ-021,Possession,8,2025-01-29,2025-02-13,,215,15,1,1,synthetic
PCL-A9B256A2,PRJ-021,Land Identification,0,2024-03-12,2024-03-27,2024-03-27,15,15,0,0,synthetic
PCL-A9B256A2,PRJ-021,Survey/Parcel Mapping,1,2024-03-27,2024-04-26,2024-04-15,19,30,0,0,synthetic
PCL-A9B256A2,PRJ-021,Ownership Verification,2,2024-04-15,2024-05-30,2024-06-15,61,45,1,0,synthetic
PCL-A9B256A2,PRJ-021,Notification,3,2024-06-15,2024-07-05,2024-07-06,21,20,1,0,synthetic
PCL-A9B256A2,PRJ-021,Objections/Hearings,4,2024-07-06,2024-08-05,2024-08-22,47,30,1,0,synthetic
PCL-A9B256A2,PRJ-021,Compensation Assessment,5,2024-08-22,2024-10-01,2024-10-02,41,40,1,0,synthetic
PCL-A9B256A2,PRJ-021,Compensation Disbursement,6,2024-10-02,2024-11-01,,334,30,1,1,synthetic
PCL-1865FBB7,PRJ-021,Land Identification,0,2024-01-01,2024-01-16,2024-01-25,24,15,1,0,synthetic
PCL-1865FBB7,PRJ-021,Survey/Parcel Mapping,1,2024-01-25,2024-02-24,2024-02-21,27,30,0,0,synthetic
PCL-1865FBB7,PRJ-021,Ownership Verification,2,2024-02-21,2024-04-06,,558,45,1,1,synthetic
PCL-983DBC9B,PRJ-021,Land Identification,0,2024-01-22,2024-02-06,2024-01-28,6,15,0,0,synthetic
PCL-983DBC9B,PRJ-021,Survey/Parcel Mapping,1,2024-01-28,2024-02-27,2024-02-18,21,30,0,0,synthetic
PCL-983DBC9B,PRJ-021,Ownership Verification,2,2024-02-18,2024-04-03,2024-03-30,41,45,0,0,synthetic
PCL-983DBC9B,PRJ-021,Notification,3,2024-03-30,2024-04-19,2024-04-27,28,20,1,0,synthetic
PCL-983DBC9B,PRJ-021,Objections/Hearings,4,2024-04-27,2024-05-27,,492,30,1,1,synthetic
PCL-9A52887A,PRJ-021,Land Identification,0,2024-02-22,2024-03-08,2024-03-03,10,15,0,0,synthetic
PCL-9A52887A,PRJ-021,Survey/Parcel Mapping,1,2024-03-03,2024-04-02,2024-03-24,21,30,0,0,synthetic
PCL-9A52887A,PRJ-021,Ownership Verification,2,2024-03-24,2024-05-08,,526,45,1,1,synthetic
PCL-5C787127,PRJ-021,Land Identification,0,2024-03-09,2024-03-24,2024-03-29,20,15,1,0,synthetic
PCL-5C787127,PRJ-021,Survey/Parcel Mapping,1,2024-03-29,2024-04-28,2024-05-03,35,30,1,0,synthetic
PCL-5C787127,PRJ-021,Ownership Verification,2,2024-05-03,2024-06-17,2024-06-12,40,45,0,0,synthetic
PCL-5C787127,PRJ-021,Notification,3,2024-06-12,2024-07-02,2024-06-30,18,20,0,0,synthetic
PCL-5C787127,PRJ-021,Objections/Hearings,4,2024-06-30,2024-07-30,2024-08-03,34,30,1,0,synthetic
PCL-5C787127,PRJ-021,Compensation Assessment,5,2024-08-03,2024-09-12,2024-09-07,35,40,0,0,synthetic
PCL-5C787127,PRJ-021,Compensation Disbursement,6,2024-09-07,2024-10-07,,359,30,1,1,synthetic
PCL-C8C47E7E,PRJ-021,Land Identification,0,2024-01-16,2024-01-31,2024-02-03,18,15,1,0,synthetic
PCL-C8C47E7E,PRJ-021,Survey/Parcel Mapping,1,2024-02-03,2024-03-04,2024-03-03,29,30,0,0,synthetic
PCL-C8C47E7E,PRJ-021,Ownership Verification,2,2024-03-03,2024-04-17,2024-06-01,90,45,1,0,synthetic
PCL-C8C47E7E,PRJ-021,Notification,3,2024-06-01,2024-06-21,2024-06-23,22,20,1,0,synthetic
PCL-C8C47E7E,PRJ-021,Objections/Hearings,4,2024-06-23,2024-07-23,2024-08-02,40,30,1,0,synthetic
PCL-C8C47E7E,PRJ-021,Compensation Assessment,5,2024-08-02,2024-09-11,2024-09-20,49,40,1,0,synthetic
PCL-C8C47E7E,PRJ-021,Compensation Disbursement,6,2024-09-20,2024-10-20,2024-12-04,75,30,1,0,synthetic
PCL-C8C47E7E,PRJ-021,Rehabilitation & Resettlement,7,2024-12-04,2025-02-02,2025-01-27,54,60,0,0,synthetic
PCL-C8C47E7E,PRJ-021,Possession,8,2025-01-27,2025-02-11,,217,15,1,1,synthetic
PCL-8E417A0E,PRJ-021,Land Identification,0,2024-03-06,2024-03-21,2024-03-26,20,15,1,0,synthetic
PCL-8E417A0E,PRJ-021,Survey/Parcel Mapping,1,2024-03-26,2024-04-25,2024-04-26,31,30,1,0,synthetic
PCL-8E417A0E,PRJ-021,Ownership Verification,2,2024-04-26,2024-06-10,2024-05-26,30,45,0,0,synthetic
PCL-8E417A0E,PRJ-021,Notification,3,2024-05-26,2024-06-15,2024-06-08,13,20,0,0,synthetic
PCL-8E417A0E,PRJ-021,Objections/Hearings,4,2024-06-08,2024-07-08,2024-06-27,19,30,0,0,synthetic
PCL-8E417A0E,PRJ-021,Compensation Assessment,5,2024-06-27,2024-08-06,2024-08-16,50,40,1,0,synthetic
PCL-8E417A0E,PRJ-021,Compensation Disbursement,6,2024-08-16,2024-09-15,2024-11-08,84,30,1,0,synthetic
PCL-8E417A0E,PRJ-021,Rehabilitation & Resettlement,7,2024-11-08,2025-01-07,2024-12-27,49,60,0,0,synthetic
PCL-8E417A0E,PRJ-021,Possession,8,2024-12-27,2025-01-11,,248,15,1,1,synthetic
PCL-002C1578,PRJ-021,Land Identification,0,2024-02-16,2024-03-02,,563,15,1,1,synthetic
PCL-C004170D,PRJ-021,Land Identification,0,2024-02-11,2024-02-26,2024-02-21,10,15,0,0,synthetic
PCL-C004170D,PRJ-021,Survey/Parcel Mapping,1,2024-02-21,2024-03-22,2024-03-12,20,30,0,0,synthetic
PCL-C004170D,PRJ-021,Ownership Verification,2,2024-03-12,2024-04-26,2024-04-27,46,45,1,0,synthetic
PCL-C004170D,PRJ-021,Notification,3,2024-04-27,2024-05-17,2024-05-21,24,20,1,0,synthetic
PCL-C004170D,PRJ-021,Objections/Hearings,4,2024-05-21,2024-06-20,,468,30,1,1,synthetic
PCL-E6E68A59,PRJ-021,Land Identification,0,2024-02-24,2024-03-10,2024-03-04,9,15,0,0,synthetic
PCL-E6E68A59,PRJ-021,Survey/Parcel Mapping,1,2024-03-04,2024-04-03,2024-04-02,29,30,0,0,synthetic
PCL-E6E68A59,PRJ-021,Ownership Verification,2,2024-04-02,2024-05-17,2024-05-13,41,45,0,0,synthetic
PCL-E6E68A59,PRJ-021,Notification,3,2024-05-13,2024-06-02,,476,20,1,1,synthetic
PCL-8F036EC9,PRJ-021,Land Identification,0,2024-02-23,2024-03-09,2024-03-19,25,15,1,0,synthetic
PCL-8F036EC9,PRJ-021,Survey/Parcel Mapping,1,2024-03-19,2024-04-18,,531,30,1,1,synthetic
PCL-C12D8E6F,PRJ-021,Land Identification,0,2024-03-11,2024-03-26,2024-03-19,8,15,0,0,synthetic
PCL-C12D8E6F,PRJ-021,Survey/Parcel Mapping,1,2024-03-19,2024-04-18,2024-04-19,31,30,1,0,synthetic
PCL-C12D8E6F,PRJ-021,Ownership Verification,2,2024-04-19,2024-06-03,2024-05-23,34,45,0,0,synthetic
PCL-C12D8E6F,PRJ-021,Notification,3,2024-05-23,2024-06-12,2024-06-13,21,20,1,0,synthetic
PCL-C12D8E6F,PRJ-021,Objections/Hearings,4,2024-06-13,2024-07-13,2024-07-08,25,30,0,0,synthetic
PCL-C12D8E6F,PRJ-021,Compensation Assessment,5,2024-07-08,2024-08-17,2024-08-15,38,40,0,0,synthetic
PCL-C12D8E6F,PRJ-021,Compensation Disbursement,6,2024-08-15,2024-09-14,2024-11-17,94,30,1,0,synthetic
PCL-C12D8E6F,PRJ-021,Rehabilitation & Resettlement,7,2024-11-17,2025-01-16,,288,60,1,1,synthetic
PCL-A06D5451,PRJ-021,Land Identification,0,2024-01-19,2024-02-03,2024-02-05,17,15,1,0,synthetic
PCL-A06D5451,PRJ-021,Survey/Parcel Mapping,1,2024-02-05,2024-03-06,,574,30,1,1,synthetic
PCL-92E82DBC,PRJ-021,Land Identification,0,2024-03-05,2024-03-20,2024-03-25,20,15,1,0,synthetic
PCL-92E82DBC,PRJ-021,Survey/Parcel Mapping,1,2024-03-25,2024-04-24,2024-04-29,35,30,1,0,synthetic
PCL-92E82DBC,PRJ-021,Ownership Verification,2,2024-04-29,2024-06-13,2024-06-21,53,45,1,0,synthetic
PCL-92E82DBC,PRJ-021,Notification,3,2024-06-21,2024-07-11,,437,20,1,1,synthetic
PCL-966E5FFA,PRJ-021,Land Identification,0,2024-03-01,2024-03-16,2024-03-13,12,15,0,0,synthetic
PCL-966E5FFA,PRJ-021,Survey/Parcel Mapping,1,2024-03-13,2024-04-12,2024-04-02,20,30,0,0,synthetic
PCL-966E5FFA,PRJ-021,Ownership Verification,2,2024-04-02,2024-05-17,2024-04-30,28,45,0,0,synthetic
PCL-966E5FFA,PRJ-021,Notification,3,2024-04-30,2024-05-20,2024-05-21,21,20,1,0,synthetic
PCL-966E5FFA,PRJ-021,Objections/Hearings,4,2024-05-21,2024-06-20,,468,30,1,1,synthetic
PCL-81DAE245,PRJ-021,Land Identification,0,2024-01-23,2024-02-07,2024-02-06,14,15,0,0,synthetic
PCL-81DAE245,PRJ-021,Survey/Parcel Mapping,1,2024-02-06,2024-03-07,2024-02-24,18,30,0,0,synthetic
PCL-81DAE245,PRJ-021,Ownership Verification,2,2024-02-24,2024-04-09,2024-04-05,41,45,0,0,synthetic
PCL-81DAE245,PRJ-021,Notification,3,2024-04-05,2024-04-25,2024-04-13,8,20,0,0,synthetic
PCL-81DAE245,PRJ-021,Objections/Hearings,4,2024-04-13,2024-05-13,2024-05-12,29,30,0,0,synthetic
PCL-81DAE245,PRJ-021,Compensation Assessment,5,2024-05-12,2024-06-21,2024-06-30,49,40,1,0,synthetic
PCL-81DAE245,PRJ-021,Compensation Disbursement,6,2024-06-30,2024-07-30,2024-09-02,64,30,1,0,synthetic
PCL-81DAE245,PRJ-021,Rehabilitation & Resettlement,7,2024-09-02,2024-11-01,2024-11-30,89,60,1,0,synthetic
PCL-81DAE245,PRJ-021,Possession,8,2024-11-30,2024-12-15,2024-12-17,17,15,1,0,synthetic
PCL-81DAE245,PRJ-021,Closure/Handover,9,2024-12-17,2024-12-27,,258,10,1,1,synthetic
PCL-DE0261D0,PRJ-021,Land Identification,0,2024-03-05,2024-03-20,2024-03-27,22,15,1,0,synthetic
PCL-DE0261D0,PRJ-021,Survey/Parcel Mapping,1,2024-03-27,2024-04-26,2024-04-29,33,30,1,0,synthetic
PCL-DE0261D0,PRJ-021,Ownership Verification,2,2024-04-29,2024-06-13,2024-06-09,41,45,0,0,synthetic
PCL-DE0261D0,PRJ-021,Notification,3,2024-06-09,2024-06-29,2024-06-27,18,20,0,0,synthetic
PCL-DE0261D0,PRJ-021,Objections/Hearings,4,2024-06-27,2024-07-27,2024-07-28,31,30,1,0,synthetic
PCL-DE0261D0,PRJ-021,Compensation Assessment,5,2024-07-28,2024-09-06,2024-09-06,40,40,0,0,synthetic
PCL-DE0261D0,PRJ-021,Compensation Disbursement,6,2024-09-06,2024-10-06,2024-12-14,99,30,1,0,synthetic
PCL-DE0261D0,PRJ-021,Rehabilitation & Resettlement,7,2024-12-14,2025-02-12,,261,60,1,1,synthetic
PCL-EFA59B20,PRJ-021,Land Identification,0,2024-02-19,2024-03-05,2024-03-03,13,15,0,0,synthetic
PCL-EFA59B20,PRJ-021,Survey/Parcel Mapping,1,2024-03-03,2024-04-02,2024-03-31,28,30,0,0,synthetic
PCL-EFA59B20,PRJ-021,Ownership Verification,2,2024-03-31,2024-05-15,2024-05-08,38,45,0,0,synthetic
PCL-EFA59B20,PRJ-021,Notification,3,2024-05-08,2024-05-28,2024-05-24,16,20,0,0,synthetic
PCL-EFA59B20,PRJ-021,Objections/Hearings,4,2024-05-24,2024-06-23,2024-06-24,31,30,1,0,synthetic
PCL-EFA59B20,PRJ-021,Compensation Assessment,5,2024-06-24,2024-08-03,2024-07-29,35,40,0,0,synthetic
PCL-EFA59B20,PRJ-021,Compensation Disbursement,6,2024-07-29,2024-08-28,,399,30,1,1,synthetic
PCL-F24A3094,PRJ-021,Land Identification,0,2024-03-23,2024-04-07,2024-04-07,15,15,0,0,synthetic
PCL-F24A3094,PRJ-021,Survey/Parcel Mapping,1,2024-04-07,2024-05-07,2024-05-05,28,30,0,0,synthetic
PCL-F24A3094,PRJ-021,Ownership Verification,2,2024-05-05,2024-06-19,2024-06-13,39,45,0,0,synthetic
PCL-F24A3094,PRJ-021,Notification,3,2024-06-13,2024-07-03,2024-07-05,22,20,1,0,synthetic
PCL-F24A3094,PRJ-021,Objections/Hearings,4,2024-07-05,2024-08-04,2024-08-14,40,30,1,0,synthetic
PCL-F24A3094,PRJ-021,Compensation Assessment,5,2024-08-14,2024-09-23,2024-09-25,42,40,1,0,synthetic
PCL-F24A3094,PRJ-021,Compensation Disbursement,6,2024-09-25,2024-10-25,2024-12-13,79,30,1,0,synthetic
PCL-F24A3094,PRJ-021,Rehabilitation & Resettlement,7,2024-12-13,2025-02-11,2025-02-14,63,60,1,0,synthetic
PCL-F24A3094,PRJ-021,Possession,8,2025-02-14,2025-03-01,,199,15,1,1,synthetic
PCL-44035E12,PRJ-021,Land Identification,0,2024-03-29,2024-04-13,2024-04-07,9,15,0,0,synthetic
PCL-44035E12,PRJ-021,Survey/Parcel Mapping,1,2024-04-07,2024-05-07,2024-05-20,43,30,1,0,synthetic
PCL-44035E12,PRJ-021,Ownership Verification,2,2024-05-20,2024-07-04,2024-07-13,54,45,1,0,synthetic
PCL-44035E12,PRJ-021,Notification,3,2024-07-13,2024-08-02,2024-07-29,16,20,0,0,synthetic
PCL-44035E12,PRJ-021,Objections/Hearings,4,2024-07-29,2024-08-28,,399,30,1,1,synthetic
PCL-CDF7B8E7,PRJ-021,Land Identification,0,2024-01-05,2024-01-20,2024-01-18,13,15,0,0,synthetic
PCL-CDF7B8E7,PRJ-021,Survey/Parcel Mapping,1,2024-01-18,2024-02-17,2024-02-08,21,30,0,0,synthetic
PCL-CDF7B8E7,PRJ-021,Ownership Verification,2,2024-02-08,2024-03-24,2024-04-04,56,45,1,0,synthetic
PCL-CDF7B8E7,PRJ-021,Notification,3,2024-04-04,2024-04-24,2024-04-25,21,20,1,0,synthetic
PCL-CDF7B8E7,PRJ-021,Objections/Hearings,4,2024-04-25,2024-05-25,2024-05-27,32,30,1,0,synthetic
PCL-CDF7B8E7,PRJ-021,Compensation Assessment,5,2024-05-27,2024-07-06,2024-07-17,51,40,1,0,synthetic
PCL-CDF7B8E7,PRJ-021,Compensation Disbursement,6,2024-07-17,2024-08-16,,411,30,1,1,synthetic
PCL-C45001B2,PRJ-021,Land Identification,0,2024-01-17,2024-02-01,2024-02-01,15,15,0,0,synthetic
PCL-C45001B2,PRJ-021,Survey/Parcel Mapping,1,2024-02-01,2024-03-02,2024-04-01,60,30,1,0,synthetic
PCL-C45001B2,PRJ-021,Ownership Verification,2,2024-04-01,2024-05-16,2024-05-14,43,45,0,0,synthetic
PCL-C45001B2,PRJ-021,Notification,3,2024-05-14,2024-06-03,2024-06-04,21,20,1,0,synthetic
PCL-C45001B2,PRJ-021,Objections/Hearings,4,2024-06-04,2024-07-04,2024-06-22,18,30,0,0,synthetic
PCL-C45001B2,PRJ-021,Compensation Assessment,5,2024-06-22,2024-08-01,2024-08-14,53,40,1,0,synthetic
PCL-C45001B2,PRJ-021,Compensation Disbursement,6,2024-08-14,2024-09-13,,383,30,1,1,synthetic
PCL-CB573EF6,PRJ-021,Land Identification,0,2024-03-17,2024-04-01,2024-04-11,25,15,1,0,synthetic
PCL-CB573EF6,PRJ-021,Survey/Parcel Mapping,1,2024-04-11,2024-05-11,2024-05-17,36,30,1,0,synthetic
PCL-CB573EF6,PRJ-021,Ownership Verification,2,2024-05-17,2024-07-01,2024-07-15,59,45,1,0,synthetic
PCL-CB573EF6,PRJ-021,Notification,3,2024-07-15,2024-08-04,2024-07-31,16,20,0,0,synthetic
PCL-CB573EF6,PRJ-021,Objections/Hearings,4,2024-07-31,2024-08-30,2024-08-20,20,30,0,0,synthetic
PCL-CB573EF6,PRJ-021,Compensation Assessment,5,2024-08-20,2024-09-29,2024-09-22,33,40,0,0,synthetic
PCL-CB573EF6,PRJ-021,Compensation Disbursement,6,2024-09-22,2024-10-22,2025-01-10,110,30,1,0,synthetic
PCL-CB573EF6,PRJ-021,Rehabilitation & Resettlement,7,2025-01-10,2025-03-11,2025-04-24,104,60,1,0,synthetic
PCL-CB573EF6,PRJ-021,Possession,8,2025-04-24,2025-05-09,,130,15,1,1,synthetic
PCL-94A43246,PRJ-023,Land Identification,0,2024-02-08,2024-02-23,2024-02-22,14,15,0,0,synthetic
PCL-94A43246,PRJ-023,Survey/Parcel Mapping,1,2024-02-22,2024-03-23,2024-03-30,37,30,1,0,synthetic
PCL-94A43246,PRJ-023,Ownership Verification,2,2024-03-30,2024-05-14,2024-05-27,58,45,1,0,synthetic
PCL-94A43246,PRJ-023,Notification,3,2024-05-27,2024-06-16,2024-06-26,30,20,1,0,synthetic
PCL-94A43246,PRJ-023,Objections/Hearings,4,2024-06-26,2024-07-26,2024-07-23,27,30,0,0,synthetic
PCL-94A43246,PRJ-023,Compensation Assessment,5,2024-07-23,2024-09-01,2024-09-12,51,40,1,0,synthetic
PCL-94A43246,PRJ-023,Compensation Disbursement,6,2024-09-12,2024-10-12,2024-10-05,23,30,0,0,synthetic
PCL-94A43246,PRJ-023,Rehabilitation & Resettlement,7,2024-10-05,2024-12-04,2025-01-10,97,60,1,0,synthetic
PCL-94A43246,PRJ-023,Possession,8,2025-01-10,2025-01-25,,234,15,1,1,synthetic
PCL-9C219FDA,PRJ-023,Land Identification,0,2024-02-05,2024-02-20,2024-02-20,15,15,0,0,synthetic
PCL-9C219FDA,PRJ-023,Survey/Parcel Mapping,1,2024-02-20,2024-03-21,2024-03-21,30,30,0,0,synthetic
PCL-9C219FDA,PRJ-023,Ownership Verification,2,2024-03-21,2024-05-05,2024-04-27,37,45,0,0,synthetic
PCL-9C219FDA,PRJ-023,Notification,3,2024-04-27,2024-05-17,2024-05-15,18,20,0,0,synthetic
PCL-9C219FDA,PRJ-023,Objections/Hearings,4,2024-05-15,2024-06-14,,474,30,1,1,synthetic
PCL-925D364C,PRJ-023,Land Identification,0,2024-02-16,2024-03-02,2024-03-04,17,15,1,0,synthetic
PCL-925D364C,PRJ-023,Survey/Parcel Mapping,1,2024-03-04,2024-04-03,2024-05-06,63,30,1,0,synthetic
PCL-925D364C,PRJ-023,Ownership Verification,2,2024-05-06,2024-06-20,2024-06-21,46,45,1,0,synthetic
PCL-925D364C,PRJ-023,Notification,3,2024-06-21,2024-07-11,,437,20,1,1,synthetic
PCL-6C5070CE,PRJ-023,Land Identification,0,2024-01-12,2024-01-27,2024-01-29,17,15,1,0,synthetic
PCL-6C5070CE,PRJ-023,Survey/Parcel Mapping,1,2024-01-29,2024-02-28,2024-02-26,28,30,0,0,synthetic
PCL-6C5070CE,PRJ-023,Ownership Verification,2,2024-02-26,2024-04-11,2024-04-14,48,45,1,0,synthetic
PCL-6C5070CE,PRJ-023,Notification,3,2024-04-14,2024-05-04,2024-05-06,22,20,1,0,synthetic
PCL-6C5070CE,PRJ-023,Objections/Hearings,4,2024-05-06,2024-06-05,2024-06-30,55,30,1,0,synthetic
PCL-6C5070CE,PRJ-023,Compensation Assessment,5,2024-06-30,2024-08-09,2024-07-25,25,40,0,0,synthetic
PCL-6C5070CE,PRJ-023,Compensation Disbursement,6,2024-07-25,2024-08-24,,403,30,1,1,synthetic
PCL-9403F5F5,PRJ-023,Land Identification,0,2024-01-14,2024-01-29,2024-01-21,7,15,0,0,synthetic
PCL-9403F5F5,PRJ-023,Survey/Parcel Mapping,1,2024-01-21,2024-02-20,2024-02-26,36,30,1,0,synthetic
PCL-9403F5F5,PRJ-023,Ownership Verification,2,2024-02-26,2024-04-11,2024-04-07,41,45,0,0,synthetic
PCL-9403F5F5,PRJ-023,Notification,3,2024-04-07,2024-04-27,2024-05-02,25,20,1,0,synthetic
PCL-9403F5F5,PRJ-023,Objections/Hearings,4,2024-05-02,2024-06-01,,487,30,1,1,synthetic
PCL-3D82693A,PRJ-023,Land Identification,0,2024-03-06,2024-03-21,2024-03-21,15,15,0,0,synthetic
PCL-3D82693A,PRJ-023,Survey/Parcel Mapping,1,2024-03-21,2024-04-20,2024-04-27,37,30,1,0,synthetic
PCL-3D82693A,PRJ-023,Ownership Verification,2,2024-04-27,2024-06-11,,492,45,1,1,synthetic
PCL-F8184D1A,PRJ-023,Land Identification,0,2024-02-05,2024-02-20,2024-02-15,10,15,0,0,synthetic
PCL-F8184D1A,PRJ-023,Survey/Parcel Mapping,1,2024-02-15,2024-03-16,2024-03-10,24,30,0,0,synthetic
PCL-F8184D1A,PRJ-023,Ownership Verification,2,2024-03-10,2024-04-24,2024-04-18,39,45,0,0,synthetic
PCL-F8184D1A,PRJ-023,Notification,3,2024-04-18,2024-05-08,2024-05-13,25,20,1,0,synthetic
PCL-F8184D1A,PRJ-023,Objections/Hearings,4,2024-05-13,2024-06-12,2024-06-13,31,30,1,0,synthetic
PCL-F8184D1A,PRJ-023,Compensation Assessment,5,2024-06-13,2024-07-23,,445,40,1,1,synthetic
PCL-1D03CD95,PRJ-023,Land Identification,0,2024-02-14,2024-02-29,2024-02-29,15,15,0,0,synthetic
PCL-1D03CD95,PRJ-023,Survey/Parcel Mapping,1,2024-02-29,2024-03-30,2024-04-02,33,30,1,0,synthetic
PCL-1D03CD95,PRJ-023,Ownership Verification,2,2024-04-02,2024-05-17,2024-05-14,42,45,0,0,synthetic
PCL-1D03CD95,PRJ-023,Notification,3,2024-05-14,2024-06-03,2024-05-31,17,20,0,0,synthetic
PCL-1D03CD95,PRJ-023,Objections/Hearings,4,2024-05-31,2024-06-30,2024-07-06,36,30,1,0,synthetic
PCL-1D03CD95,PRJ-023,Compensation Assessment,5,2024-07-06,2024-08-15,,422,40,1,1,synthetic
PCL-851F48EB,PRJ-023,Land Identification,0,2024-02-25,2024-03-11,2024-03-09,13,15,0,0,synthetic
PCL-851F48EB,PRJ-023,Survey/Parcel Mapping,1,2024-03-09,2024-04-08,2024-04-18,40,30,1,0,synthetic
PCL-851F48EB,PRJ-023,Ownership Verification,2,2024-04-18,2024-06-02,,501,45,1,1,synthetic
PCL-327761EC,PRJ-023,Land Identification,0,2024-02-02,2024-02-17,2024-02-14,12,15,0,0,synthetic
PCL-327761EC,PRJ-023,Survey/Parcel Mapping,1,2024-02-14,2024-03-15,2024-03-09,24,30,0,0,synthetic
PCL-327761EC,PRJ-023,Ownership Verification,2,2024-03-09,2024-04-23,2024-04-27,49,45,1,0,synthetic
PCL-327761EC,PRJ-023,Notification,3,2024-04-27,2024-05-17,2024-05-27,30,20,1,0,synthetic
PCL-327761EC,PRJ-023,Objections/Hearings,4,2024-05-27,2024-06-26,,462,30,1,1,synthetic
PCL-5D796F2E,PRJ-023,Land Identification,0,2024-03-12,2024-03-27,2024-03-22,10,15,0,0,synthetic
PCL-5D796F2E,PRJ-023,Survey/Parcel Mapping,1,2024-03-22,2024-04-21,2024-04-29,38,30,1,0,synthetic
PCL-5D796F2E,PRJ-023,Ownership Verification,2,2024-04-29,2024-06-13,2024-06-09,41,45,0,0,synthetic
PCL-5D796F2E,PRJ-023,Notification,3,2024-06-09,2024-06-29,2024-06-20,11,20,0,0,synthetic
PCL-5D796F2E,PRJ-023,Objections/Hearings,4,2024-06-20,2024-07-20,2024-07-18,28,30,0,0,synthetic
PCL-5D796F2E,PRJ-023,Compensation Assessment,5,2024-07-18,2024-08-27,2024-08-27,40,40,0,0,synthetic
PCL-5D796F2E,PRJ-023,Compensation Disbursement,6,2024-08-27,2024-09-26,2024-10-02,36,30,1,0,synthetic
PCL-5D796F2E,PRJ-023,Rehabilitation & Resettlement,7,2024-10-02,2024-12-01,2025-02-28,149,60,1,0,synthetic
PCL-5D796F2E,PRJ-023,Possession,8,2025-02-28,2025-03-15,,185,15,1,1,synthetic
PCL-28FBBF1A,PRJ-023,Land Identification,0,2024-03-30,2024-04-14,2024-04-10,11,15,0,0,synthetic
PCL-28FBBF1A,PRJ-023,Survey/Parcel Mapping,1,2024-04-10,2024-05-10,,509,30,1,1,synthetic
PCL-51561336,PRJ-023,Land Identification,0,2024-01-30,2024-02-14,2024-02-16,17,15,1,0,synthetic
PCL-51561336,PRJ-023,Survey/Parcel Mapping,1,2024-02-16,2024-03-17,2024-03-10,23,30,0,0,synthetic
PCL-51561336,PRJ-023,Ownership Verification,2,2024-03-10,2024-04-24,2024-04-20,41,45,0,0,synthetic
PCL-51561336,PRJ-023,Notification,3,2024-04-20,2024-05-10,2024-05-04,14,20,0,0,synthetic
PCL-51561336,PRJ-023,Objections/Hearings,4,2024-05-04,2024-06-03,2024-06-03,30,30,0,0,synthetic
PCL-51561336,PRJ-023,Compensation Assessment,5,2024-06-03,2024-07-13,2024-07-24,51,40,1,0,synthetic
PCL-51561336,PRJ-023,Compensation Disbursement,6,2024-07-24,2024-08-23,,404,30,1,1,synthetic
PCL-64D674CE,PRJ-023,Land Identification,0,2024-02-23,2024-03-09,2024-03-11,17,15,1,0,synthetic
PCL-64D674CE,PRJ-023,Survey/Parcel Mapping,1,2024-03-11,2024-04-10,,539,30,1,1,synthetic
PCL-02B5E54E,PRJ-023,Land Identification,0,2024-02-10,2024-02-25,2024-02-19,9,15,0,0,synthetic
PCL-02B5E54E,PRJ-023,Survey/Parcel Mapping,1,2024-02-19,2024-03-20,,560,30,1,1,synthetic
PCL-382AA324,PRJ-023,Land Identification,0,2024-03-19,2024-04-03,2024-03-26,7,15,0,0,synthetic
PCL-382AA324,PRJ-023,Survey/Parcel Mapping,1,2024-03-26,2024-04-25,2024-04-30,35,30,1,0,synthetic
PCL-382AA324,PRJ-023,Ownership Verification,2,2024-04-30,2024-06-14,,489,45,1,1,synthetic
PCL-D1AEF3B4,PRJ-023,Land Identification,0,2024-01-17,2024-02-01,2024-01-28,11,15,0,0,synthetic
PCL-D1AEF3B4,PRJ-023,Survey/Parcel Mapping,1,2024-01-28,2024-02-27,2024-02-20,23,30,0,0,synthetic
PCL-D1AEF3B4,PRJ-023,Ownership Verification,2,2024-02-20,2024-04-05,2024-03-20,29,45,0,0,synthetic
PCL-D1AEF3B4,PRJ-023,Notification,3,2024-03-20,2024-04-09,2024-04-02,13,20,0,0,synthetic
PCL-D1AEF3B4,PRJ-023,Objections/Hearings,4,2024-04-02,2024-05-02,2024-05-02,30,30,0,0,synthetic
PCL-D1AEF3B4,PRJ-023,Compensation Assessment,5,2024-05-02,2024-06-11,2024-06-01,30,40,0,0,synthetic
PCL-D1AEF3B4,PRJ-023,Compensation Disbursement,6,2024-06-01,2024-07-01,,457,30,1,1,synthetic
PCL-9699EE30,PRJ-023,Land Identification,0,2024-03-08,2024-03-23,2024-03-19,11,15,0,0,synthetic
PCL-9699EE30,PRJ-023,Survey/Parcel Mapping,1,2024-03-19,2024-04-18,2024-04-17,29,30,0,0,synthetic
PCL-9699EE30,PRJ-023,Ownership Verification,2,2024-04-17,2024-06-01,2024-06-18,62,45,1,0,synthetic
PCL-9699EE30,PRJ-023,Notification,3,2024-06-18,2024-07-08,,440,20,1,1,synthetic
PCL-6058ADBF,PRJ-023,Land Identification,0,2024-01-15,2024-01-30,2024-01-29,14,15,0,0,synthetic
PCL-6058ADBF,PRJ-023,Survey/Parcel Mapping,1,2024-01-29,2024-02-28,2024-02-19,21,30,0,0,synthetic
PCL-6058ADBF,PRJ-023,Ownership Verification,2,2024-02-19,2024-04-04,2024-04-12,53,45,1,0,synthetic
PCL-6058ADBF,PRJ-023,Notification,3,2024-04-12,2024-05-02,2024-04-25,13,20,0,0,synthetic
PCL-6058ADBF,PRJ-023,Objections/Hearings,4,2024-04-25,2024-05-25,2024-05-23,28,30,0,0,synthetic
PCL-6058ADBF,PRJ-023,Compensation Assessment,5,2024-05-23,2024-07-02,2024-07-18,56,40,1,0,synthetic
PCL-6058ADBF,PRJ-023,Compensation Disbursement,6,2024-07-18,2024-08-17,2024-08-15,28,30,0,0,synthetic
PCL-6058ADBF,PRJ-023,Rehabilitation & Resettlement,7,2024-08-15,2024-10-14,,382,60,1,1,synthetic
PCL-9D30CBFD,PRJ-023,Land Identification,0,2024-01-06,2024-01-21,2024-01-24,18,15,1,0,synthetic
PCL-9D30CBFD,PRJ-023,Survey/Parcel Mapping,1,2024-01-24,2024-02-23,2024-02-25,32,30,1,0,synthetic
PCL-9D30CBFD,PRJ-023,Ownership Verification,2,2024-02-25,2024-04-10,2024-04-05,40,45,0,0,synthetic
PCL-9D30CBFD,PRJ-023,Notification,3,2024-04-05,2024-04-25,2024-04-23,18,20,0,0,synthetic
PCL-9D30CBFD,PRJ-023,Objections/Hearings,4,2024-04-23,2024-05-23,2024-05-15,22,30,0,0,synthetic
PCL-9D30CBFD,PRJ-023,Compensation Assessment,5,2024-05-15,2024-06-24,2024-06-17,33,40,0,0,synthetic
PCL-9D30CBFD,PRJ-023,Compensation Disbursement,6,2024-06-17,2024-07-17,2024-07-10,23,30,0,0,synthetic
PCL-9D30CBFD,PRJ-023,Rehabilitation & Resettlement,7,2024-07-10,2024-09-08,2024-10-09,91,60,1,0,synthetic
PCL-9D30CBFD,PRJ-023,Possession,8,2024-10-09,2024-10-24,,327,15,1,1,synthetic
PCL-D52B6F40,PRJ-023,Land Identification,0,2024-01-18,2024-02-02,2024-01-29,11,15,0,0,synthetic
PCL-D52B6F40,PRJ-023,Survey/Parcel Mapping,1,2024-01-29,2024-02-28,2024-02-26,28,30,0,0,synthetic
PCL-D52B6F40,PRJ-023,Ownership Verification,2,2024-02-26,2024-04-11,2024-04-06,40,45,0,0,synthetic
PCL-D52B6F40,PRJ-023,Notification,3,2024-04-06,2024-04-26,2024-04-29,23,20,1,0,synthetic
PCL-D52B6F40,PRJ-023,Objections/Hearings,4,2024-04-29,2024-05-29,2024-05-27,28,30,0,0,synthetic
PCL-D52B6F40,PRJ-023,Compensation Assessment,5,2024-05-27,2024-07-06,2024-08-07,72,40,1,0,synthetic
PCL-D52B6F40,PRJ-023,Compensation Disbursement,6,2024-08-07,2024-09-06,2024-08-20,13,30,0,0,synthetic
PCL-D52B6F40,PRJ-023,Rehabilitation & Resettlement,7,2024-08-20,2024-10-19,2024-10-23,64,60,1,0,synthetic
PCL-D52B6F40,PRJ-023,Possession,8,2024-10-23,2024-11-07,,313,15,1,1,synthetic
PCL-D8479AB4,PRJ-023,Land Identification,0,2024-02-11,2024-02-26,2024-02-24,13,15,0,0,synthetic
PCL-D8479AB4,PRJ-023,Survey/Parcel Mapping,1,2024-02-24,2024-03-25,2024-03-31,36,30,1,0,synthetic
PCL-D8479AB4,PRJ-023,Ownership Verification,2,2024-03-31,2024-05-15,2024-05-19,49,45,1,0,synthetic
PCL-D8479AB4,PRJ-023,Notification,3,2024-05-19,2024-06-08,,470,20,1,1,synthetic
PCL-DFC95FCD,PRJ-023,Land Identification,0,2024-02-15,2024-03-01,2024-02-29,14,15,0,0,synthetic
PCL-DFC95FCD,PRJ-023,Survey/Parcel Mapping,1,2024-02-29,2024-03-30,2024-03-20,20,30,0,0,synthetic
PCL-DFC95FCD,PRJ-023,Ownership Verification,2,2024-03-20,2024-05-04,2024-05-03,44,45,0,0,synthetic
PCL-DFC95FCD,PRJ-023,Notification,3,2024-05-03,2024-05-23,,486,20,1,1,synthetic
PCL-B426947E,PRJ-023,Land Identification,0,2024-03-17,2024-04-01,2024-03-29,12,15,0,0,synthetic
PCL-B426947E,PRJ-023,Survey/Parcel Mapping,1,2024-03-29,2024-04-28,2024-04-21,23,30,0,0,synthetic
PCL-B426947E,PRJ-023,Ownership Verification,2,2024-04-21,2024-06-05,,498,45,1,1,synthetic
PCL-396D5B3D,PRJ-023,Land Identification,0,2024-01-09,2024-01-24,2024-02-01,23,15,1,0,synthetic
PCL-396D5B3D,PRJ-023,Survey/Parcel Mapping,1,2024-02-01,2024-03-02,2024-03-05,33,30,1,0,synthetic
PCL-396D5B3D,PRJ-023,Ownership Verification,2,2024-03-05,2024-04-19,2024-04-10,36,45,0,0,synthetic
PCL-396D5B3D,PRJ-023,Notification,3,2024-04-10,2024-04-30,2024-05-06,26,20,1,0,synthetic
PCL-396D5B3D,PRJ-023,Objections/Hearings,4,2024-05-06,2024-06-05,2024-05-30,24,30,0,0,synthetic
PCL-396D5B3D,PRJ-023,Compensation Assessment,5,2024-05-30,2024-07-09,2024-06-29,30,40,0,0,synthetic
PCL-396D5B3D,PRJ-023,Compensation Disbursement,6,2024-06-29,2024-07-29,,429,30,1,1,synthetic
PCL-D2BE4CB7,PRJ-023,Land Identification,0,2024-03-02,2024-03-17,2024-03-07,5,15,0,0,synthetic
PCL-D2BE4CB7,PRJ-023,Survey/Parcel Mapping,1,2024-03-07,2024-04-06,2024-04-17,41,30,1,0,synthetic
PCL-D2BE4CB7,PRJ-023,Ownership Verification,2,2024-04-17,2024-06-01,2024-06-03,47,45,1,0,synthetic
PCL-D2BE4CB7,PRJ-023,Notification,3,2024-06-03,2024-06-23,2024-06-18,15,20,0,0,synthetic
PCL-D2BE4CB7,PRJ-023,Objections/Hearings,4,2024-06-18,2024-07-18,2024-08-16,59,30,1,0,synthetic
PCL-D2BE4CB7,PRJ-023,Compensation Assessment,5,2024-08-16,2024-09-25,2024-09-17,32,40,0,0,synthetic
PCL-D2BE4CB7,PRJ-023,Compensation Disbursement,6,2024-09-17,2024-10-17,2024-10-21,34,30,1,0,synthetic
PCL-D2BE4CB7,PRJ-023,Rehabilitation & Resettlement,7,2024-10-21,2024-12-20,,315,60,1,1,synthetic
PCL-3B89D4DF,PRJ-023,Land Identification,0,2024-03-02,2024-03-17,2024-03-16,14,15,0,0,synthetic
PCL-3B89D4DF,PRJ-023,Survey/Parcel Mapping,1,2024-03-16,2024-04-15,2024-04-14,29,30,0,0,synthetic
PCL-3B89D4DF,PRJ-023,Ownership Verification,2,2024-04-14,2024-05-29,2024-05-15,31,45,0,0,synthetic
PCL-3B89D4DF,PRJ-023,Notification,3,2024-05-15,2024-06-04,2024-05-29,14,20,0,0,synthetic
PCL-3B89D4DF,PRJ-023,Objections/Hearings,4,2024-05-29,2024-06-28,,460,30,1,1,synthetic
PCL-5805F43D,PRJ-023,Land Identification,0,2024-02-19,2024-03-05,2024-03-20,30,15,1,0,synthetic
PCL-5805F43D,PRJ-023,Survey/Parcel Mapping,1,2024-03-20,2024-04-19,2024-04-13,24,30,0,0,synthetic
PCL-5805F43D,PRJ-023,Ownership Verification,2,2024-04-13,2024-05-28,2024-05-09,26,45,0,0,synthetic
PCL-5805F43D,PRJ-023,Notification,3,2024-05-09,2024-05-29,2024-06-01,23,20,1,0,synthetic
PCL-5805F43D,PRJ-023,Objections/Hearings,4,2024-06-01,2024-07-01,2024-06-23,22,30,0,0,synthetic
PCL-5805F43D,PRJ-023,Compensation Assessment,5,2024-06-23,2024-08-02,,435,40,1,1,synthetic
PCL-88C9B555,PRJ-023,Land Identification,0,2024-02-02,2024-02-17,,577,15,1,1,synthetic
PCL-CD5D1D51,PRJ-023,Land Identification,0,2024-03-23,2024-04-07,2024-04-26,34,15,1,0,synthetic
PCL-CD5D1D51,PRJ-023,Survey/Parcel Mapping,1,2024-04-26,2024-05-26,2024-05-17,21,30,0,0,synthetic
PCL-CD5D1D51,PRJ-023,Ownership Verification,2,2024-05-17,2024-07-01,2024-06-20,34,45,0,0,synthetic
PCL-CD5D1D51,PRJ-023,Notification,3,2024-06-20,2024-07-10,2024-07-09,19,20,0,0,synthetic
PCL-CD5D1D51,PRJ-023,Objections/Hearings,4,2024-07-09,2024-08-08,2024-08-08,30,30,0,0,synthetic
PCL-CD5D1D51,PRJ-023,Compensation Assessment,5,2024-08-08,2024-09-17,,389,40,1,1,synthetic
PCL-E1C9086E,PRJ-023,Land Identification,0,2024-03-19,2024-04-03,2024-04-01,13,15,0,0,synthetic
PCL-E1C9086E,PRJ-023,Survey/Parcel Mapping,1,2024-04-01,2024-05-01,2024-05-31,60,30,1,0,synthetic
PCL-E1C9086E,PRJ-023,Ownership Verification,2,2024-05-31,2024-07-15,2024-08-08,69,45,1,0,synthetic
PCL-E1C9086E,PRJ-023,Notification,3,2024-08-08,2024-08-28,2024-08-26,18,20,0,0,synthetic
PCL-E1C9086E,PRJ-023,Objections/Hearings,4,2024-08-26,2024-09-25,2024-09-20,25,30,0,0,synthetic
PCL-E1C9086E,PRJ-023,Compensation Assessment,5,2024-09-20,2024-10-30,2024-11-24,65,40,1,0,synthetic
PCL-E1C9086E,PRJ-023,Compensation Disbursement,6,2024-11-24,2024-12-24,2025-01-01,38,30,1,0,synthetic
PCL-E1C9086E,PRJ-023,Rehabilitation & Resettlement,7,2025-01-01,2025-03-02,2025-04-09,98,60,1,0,synthetic
PCL-E1C9086E,PRJ-023,Possession,8,2025-04-09,2025-04-24,,145,15,1,1,synthetic
PCL-13BDDE96,PRJ-023,Land Identification,0,2024-01-08,2024-01-23,2024-01-21,13,15,0,0,synthetic
PCL-13BDDE96,PRJ-023,Survey/Parcel Mapping,1,2024-01-21,2024-02-20,2024-02-16,26,30,0,0,synthetic
PCL-13BDDE96,PRJ-023,Ownership Verification,2,2024-02-16,2024-04-01,2024-05-07,81,45,1,0,synthetic
PCL-13BDDE96,PRJ-023,Notification,3,2024-05-07,2024-05-27,,482,20,1,1,synthetic
PCL-3D135F80,PRJ-023,Land Identification,0,2024-01-08,2024-01-23,2024-01-21,13,15,0,0,synthetic
PCL-3D135F80,PRJ-023,Survey/Parcel Mapping,1,2024-01-21,2024-02-20,2024-02-28,38,30,1,0,synthetic
PCL-3D135F80,PRJ-023,Ownership Verification,2,2024-02-28,2024-04-13,,551,45,1,1,synthetic
PCL-C739F0B0,PRJ-023,Land Identification,0,2024-01-11,2024-01-26,2024-01-21,10,15,0,0,synthetic
PCL-C739F0B0,PRJ-023,Survey/Parcel Mapping,1,2024-01-21,2024-02-20,2024-02-20,30,30,0,0,synthetic
PCL-C739F0B0,PRJ-023,Ownership Verification,2,2024-02-20,2024-04-05,,559,45,1,1,synthetic
PCL-F2D6B12F,PRJ-023,Land Identification,0,2024-02-11,2024-02-26,2024-02-25,14,15,0,0,synthetic
PCL-F2D6B12F,PRJ-023,Survey/Parcel Mapping,1,2024-02-25,2024-03-26,2024-04-11,46,30,1,0,synthetic
PCL-F2D6B12F,PRJ-023,Ownership Verification,2,2024-04-11,2024-05-26,2024-05-23,42,45,0,0,synthetic
PCL-F2D6B12F,PRJ-023,Notification,3,2024-05-23,2024-06-12,2024-06-07,15,20,0,0,synthetic
PCL-F2D6B12F,PRJ-023,Objections/Hearings,4,2024-06-07,2024-07-07,2024-07-11,34,30,1,0,synthetic
PCL-F2D6B12F,PRJ-023,Compensation Assessment,5,2024-07-11,2024-08-20,2024-09-13,64,40,1,0,synthetic
PCL-F2D6B12F,PRJ-023,Compensation Disbursement,6,2024-09-13,2024-10-13,,353,30,1,1,synthetic
PCL-041BD62F,PRJ-023,Land Identification,0,2024-01-29,2024-02-13,2024-02-04,6,15,0,0,synthetic
PCL-041BD62F,PRJ-023,Survey/Parcel Mapping,1,2024-02-04,2024-03-05,2024-03-05,30,30,0,0,synthetic
PCL-041BD62F,PRJ-023,Ownership Verification,2,2024-03-05,2024-04-19,2024-05-23,79,45,1,0,synthetic
PCL-041BD62F,PRJ-023,Notification,3,2024-05-23,2024-06-12,2024-06-16,24,20,1,0,synthetic
PCL-041BD62F,PRJ-023,Objections/Hearings,4,2024-06-16,2024-07-16,2024-07-27,41,30,1,0,synthetic
PCL-041BD62F,PRJ-023,Compensation Assessment,5,2024-07-27,2024-09-05,2024-09-10,45,40,1,0,synthetic
PCL-041BD62F,PRJ-023,Compensation Disbursement,6,2024-09-10,2024-10-10,2024-09-28,18,30,0,0,synthetic
PCL-041BD62F,PRJ-023,Rehabilitation & Resettlement,7,2024-09-28,2024-11-27,2024-12-02,65,60,1,0,synthetic
PCL-041BD62F,PRJ-023,Possession,8,2024-12-02,2024-12-17,2024-12-12,10,15,0,0,synthetic
PCL-041BD62F,PRJ-023,Closure/Handover,9,2024-12-12,2024-12-22,,263,10,1,1,synthetic
PCL-4257D4F6,PRJ-023,Land Identification,0,2024-02-01,2024-02-16,2024-02-12,11,15,0,0,synthetic
PCL-4257D4F6,PRJ-023,Survey/Parcel Mapping,1,2024-02-12,2024-03-13,2024-03-06,23,30,0,0,synthetic
PCL-4257D4F6,PRJ-023,Ownership Verification,2,2024-03-06,2024-04-20,2024-05-02,57,45,1,0,synthetic
PCL-4257D4F6,PRJ-023,Notification,3,2024-05-02,2024-05-22,2024-06-02,31,20,1,0,synthetic
PCL-4257D4F6,PRJ-023,Objections/Hearings,4,2024-06-02,2024-07-02,2024-06-20,18,30,0,0,synthetic
PCL-4257D4F6,PRJ-023,Compensation Assessment,5,2024-06-20,2024-07-30,2024-07-19,29,40,0,0,synthetic
PCL-4257D4F6,PRJ-023,Compensation Disbursement,6,2024-07-19,2024-08-18,2024-08-17,29,30,0,0,synthetic
PCL-4257D4F6,PRJ-023,Rehabilitation & Resettlement,7,2024-08-17,2024-10-16,,380,60,1,1,synthetic
PCL-C648D0D5,PRJ-023,Land Identification,0,2024-02-16,2024-03-02,2024-03-05,18,15,1,0,synthetic
PCL-C648D0D5,PRJ-023,Survey/Parcel Mapping,1,2024-03-05,2024-04-04,2024-04-07,33,30,1,0,synthetic
PCL-C648D0D5,PRJ-023,Ownership Verification,2,2024-04-07,2024-05-22,2024-05-02,25,45,0,0,synthetic
PCL-C648D0D5,PRJ-023,Notification,3,2024-05-02,2024-05-22,2024-05-23,21,20,1,0,synthetic
PCL-C648D0D5,PRJ-023,Objections/Hearings,4,2024-05-23,2024-06-22,2024-06-13,21,30,0,0,synthetic
PCL-C648D0D5,PRJ-023,Compensation Assessment,5,2024-06-13,2024-07-23,2024-07-29,46,40,1,0,synthetic
PCL-C648D0D5,PRJ-023,Compensation Disbursement,6,2024-07-29,2024-08-28,2024-08-30,32,30,1,0,synthetic
PCL-C648D0D5,PRJ-023,Rehabilitation & Resettlement,7,2024-08-30,2024-10-29,2025-01-10,133,60,1,0,synthetic
PCL-C648D0D5,PRJ-023,Possession,8,2025-01-10,2025-01-25,,234,15,1,1,synthetic
PCL-DEF0D46B,PRJ-023,Land Identification,0,2024-03-25,2024-04-09,,525,15,1,1,synthetic
PCL-3438924F,PRJ-023,Land Identification,0,2024-03-06,2024-03-21,2024-03-25,19,15,1,0,synthetic
PCL-3438924F,PRJ-023,Survey/Parcel Mapping,1,2024-03-25,2024-04-24,2024-05-24,60,30,1,0,synthetic
PCL-3438924F,PRJ-023,Ownership Verification,2,2024-05-24,2024-07-08,2024-06-21,28,45,0,0,synthetic
PCL-3438924F,PRJ-023,Notification,3,2024-06-21,2024-07-11,,437,20,1,1,synthetic
PCL-D4F8D8C8,PRJ-023,Land Identification,0,2024-03-22,2024-04-06,2024-03-27,5,15,0,0,synthetic
PCL-D4F8D8C8,PRJ-023,Survey/Parcel Mapping,1,2024-03-27,2024-04-26,2024-04-18,22,30,0,0,synthetic
PCL-D4F8D8C8,PRJ-023,Ownership Verification,2,2024-04-18,2024-06-02,2024-06-08,51,45,1,0,synthetic
PCL-D4F8D8C8,PRJ-023,Notification,3,2024-06-08,2024-06-28,2024-06-29,21,20,1,0,synthetic
PCL-D4F8D8C8,PRJ-023,Objections/Hearings,4,2024-06-29,2024-07-29,2024-08-03,35,30,1,0,synthetic
PCL-D4F8D8C8,PRJ-023,Compensation Assessment,5,2024-08-03,2024-09-12,2024-09-07,35,40,0,0,synthetic
PCL-D4F8D8C8,PRJ-023,Compensation Disbursement,6,2024-09-07,2024-10-07,,359,30,1,1,synthetic
PCL-0706A772,PRJ-023,Land Identification,0,2024-01-12,2024-01-27,2024-01-30,18,15,1,0,synthetic
PCL-0706A772,PRJ-023,Survey/Parcel Mapping,1,2024-01-30,2024-02-29,2024-03-07,37,30,1,0,synthetic
PCL-0706A772,PRJ-023,Ownership Verification,2,2024-03-07,2024-04-21,2024-04-21,45,45,0,0,synthetic
PCL-0706A772,PRJ-023,Notification,3,2024-04-21,2024-05-11,2024-05-12,21,20,1,0,synthetic
PCL-0706A772,PRJ-023,Objections/Hearings,4,2024-05-12,2024-06-11,2024-05-30,18,30,0,0,synthetic
PCL-0706A772,PRJ-023,Compensation Assessment,5,2024-05-30,2024-07-09,2024-07-06,37,40,0,0,synthetic
PCL-0706A772,PRJ-023,Compensation Disbursement,6,2024-07-06,2024-08-05,2024-07-29,23,30,0,0,synthetic
PCL-0706A772,PRJ-023,Rehabilitation & Resettlement,7,2024-07-29,2024-09-27,,399,60,1,1,synthetic
PCL-86D0DEB5,PRJ-023,Land Identification,0,2024-02-25,2024-03-11,2024-03-23,27,15,1,0,synthetic
PCL-86D0DEB5,PRJ-023,Survey/Parcel Mapping,1,2024-03-23,2024-04-22,2024-04-19,27,30,0,0,synthetic
PCL-86D0DEB5,PRJ-023,Ownership Verification,2,2024-04-19,2024-06-03,2024-05-18,29,45,0,0,synthetic
PCL-86D0DEB5,PRJ-023,Notification,3,2024-05-18,2024-06-07,2024-06-12,25,20,1,0,synthetic
PCL-86D0DEB5,PRJ-023,Objections/Hearings,4,2024-06-12,2024-07-12,2024-07-11,29,30,0,0,synthetic
PCL-86D0DEB5,PRJ-023,Compensation Assessment,5,2024-07-11,2024-08-20,,417,40,1,1,synthetic
PCL-1D91F846,PRJ-023,Land Identification,0,2024-03-21,2024-04-05,2024-04-06,16,15,1,0,synthetic
PCL-1D91F846,PRJ-023,Survey/Parcel Mapping,1,2024-04-06,2024-05-06,2024-05-09,33,30,1,0,synthetic
PCL-1D91F846,PRJ-023,Ownership Verification,2,2024-05-09,2024-06-23,2024-06-10,32,45,0,0,synthetic
PCL-1D91F846,PRJ-023,Notification,3,2024-06-10,2024-06-30,2024-06-27,17,20,0,0,synthetic
PCL-1D91F846,PRJ-023,Objections/Hearings,4,2024-06-27,2024-07-27,2024-07-26,29,30,0,0,synthetic
PCL-1D91F846,PRJ-023,Compensation Assessment,5,2024-07-26,2024-09-04,2024-08-23,28,40,0,0,synthetic
PCL-1D91F846,PRJ-023,Compensation Disbursement,6,2024-08-23,2024-09-22,2024-10-02,40,30,1,0,synthetic
PCL-1D91F846,PRJ-023,Rehabilitation & Resettlement,7,2024-10-02,2024-12-01,2025-01-12,102,60,1,0,synthetic
PCL-1D91F846,PRJ-023,Possession,8,2025-01-12,2025-01-27,2025-01-25,13,15,0,0,synthetic
PCL-1D91F846,PRJ-023,Closure/Handover,9,2025-01-25,2025-02-04,,219,10,1,1,synthetic
PCL-B03AFE0B,PRJ-023,Land Identification,0,2024-02-03,2024-02-18,2024-02-13,10,15,0,0,synthetic
PCL-B03AFE0B,PRJ-023,Survey/Parcel Mapping,1,2024-02-13,2024-03-14,2024-03-09,25,30,0,0,synthetic
PCL-B03AFE0B,PRJ-023,Ownership Verification,2,2024-03-09,2024-04-23,2024-04-05,27,45,0,0,synthetic
PCL-B03AFE0B,PRJ-023,Notification,3,2024-04-05,2024-04-25,2024-05-19,44,20,1,0,synthetic
PCL-B03AFE0B,PRJ-023,Objections/Hearings,4,2024-05-19,2024-06-18,2024-06-12,24,30,0,0,synthetic
PCL-B03AFE0B,PRJ-023,Compensation Assessment,5,2024-06-12,2024-07-22,2024-07-11,29,40,0,0,synthetic
PCL-B03AFE0B,PRJ-023,Compensation Disbursement,6,2024-07-11,2024-08-10,2024-08-08,28,30,0,0,synthetic
PCL-B03AFE0B,PRJ-023,Rehabilitation & Resettlement,7,2024-08-08,2024-10-07,2024-10-25,78,60,1,0,synthetic
PCL-B03AFE0B,PRJ-023,Possession,8,2024-10-25,2024-11-09,2024-11-07,13,15,0,0,synthetic
PCL-B03AFE0B,PRJ-023,Closure/Handover,9,2024-11-07,2024-11-17,,298,10,1,1,synthetic
PCL-350C325C,PRJ-023,Land Identification,0,2024-03-13,2024-03-28,2024-03-31,18,15,1,0,synthetic
PCL-350C325C,PRJ-023,Survey/Parcel Mapping,1,2024-03-31,2024-04-30,2024-04-23,23,30,0,0,synthetic
PCL-350C325C,PRJ-023,Ownership Verification,2,2024-04-23,2024-06-07,2024-05-25,32,45,0,0,synthetic
PCL-350C325C,PRJ-023,Notification,3,2024-05-25,2024-06-14,2024-06-18,24,20,1,0,synthetic
PCL-350C325C,PRJ-023,Objections/Hearings,4,2024-06-18,2024-07-18,2024-07-11,23,30,0,0,synthetic
PCL-350C325C,PRJ-023,Compensation Assessment,5,2024-07-11,2024-08-20,2024-07-29,18,40,0,0,synthetic
PCL-350C325C,PRJ-023,Compensation Disbursement,6,2024-07-29,2024-08-28,,399,30,1,1,synthetic
PCL-4609ADDD,PRJ-023,Land Identification,0,2024-02-27,2024-03-13,2024-03-15,17,15,1,0,synthetic
PCL-4609ADDD,PRJ-023,Survey/Parcel Mapping,1,2024-03-15,2024-04-14,2024-04-10,26,30,0,0,synthetic
PCL-4609ADDD,PRJ-023,Ownership Verification,2,2024-04-10,2024-05-25,2024-05-26,46,45,1,0,synthetic
PCL-4609ADDD,PRJ-023,Notification,3,2024-05-26,2024-06-15,2024-06-15,20,20,0,0,synthetic
PCL-4609ADDD,PRJ-023,Objections/Hearings,4,2024-06-15,2024-07-15,2024-07-18,33,30,1,0,synthetic
PCL-4609ADDD,PRJ-023,Compensation Assessment,5,2024-07-18,2024-08-27,,410,40,1,1,synthetic
PCL-7E91AA05,PRJ-023,Land Identification,0,2024-03-21,2024-04-05,2024-04-04,14,15,0,0,synthetic
PCL-7E91AA05,PRJ-023,Survey/Parcel Mapping,1,2024-04-04,2024-05-04,2024-05-02,28,30,0,0,synthetic
PCL-7E91AA05,PRJ-023,Ownership Verification,2,2024-05-02,2024-06-16,2024-06-14,43,45,0,0,synthetic
PCL-7E91AA05,PRJ-023,Notification,3,2024-06-14,2024-07-04,2024-07-04,20,20,0,0,synthetic
PCL-7E91AA05,PRJ-023,Objections/Hearings,4,2024-07-04,2024-08-03,2024-08-03,30,30,0,0,synthetic
PCL-7E91AA05,PRJ-023,Compensation Assessment,5,2024-08-03,2024-09-12,2024-09-12,40,40,0,0,synthetic
PCL-7E91AA05,PRJ-023,Compensation Disbursement,6,2024-09-12,2024-10-12,2024-10-16,34,30,1,0,synthetic
PCL-7E91AA05,PRJ-023,Rehabilitation & Resettlement,7,2024-10-16,2024-12-15,2025-04-03,169,60,1,0,synthetic
PCL-7E91AA05,PRJ-023,Possession,8,2025-04-03,2025-04-18,2025-04-20,17,15,1,0,synthetic
PCL-7E91AA05,PRJ-023,Closure/Handover,9,2025-04-20,2025-04-30,,134,10,1,1,synthetic
PCL-F55595C9,PRJ-023,Land Identification,0,2024-02-24,2024-03-10,2024-03-07,12,15,0,0,synthetic
PCL-F55595C9,PRJ-023,Survey/Parcel Mapping,1,2024-03-07,2024-04-06,2024-04-02,26,30,0,0,synthetic
PCL-F55595C9,PRJ-023,Ownership Verification,2,2024-04-02,2024-05-17,2024-05-05,33,45,0,0,synthetic
PCL-F55595C9,PRJ-023,Notification,3,2024-05-05,2024-05-25,2024-06-01,27,20,1,0,synthetic
PCL-F55595C9,PRJ-023,Objections/Hearings,4,2024-06-01,2024-07-01,2024-06-20,19,30,0,0,synthetic
PCL-F55595C9,PRJ-023,Compensation Assessment,5,2024-06-20,2024-07-30,2024-08-12,53,40,1,0,synthetic
PCL-F55595C9,PRJ-023,Compensation Disbursement,6,2024-08-12,2024-09-11,2024-09-30,49,30,1,0,synthetic
PCL-F55595C9,PRJ-023,Rehabilitation & Resettlement,7,2024-09-30,2024-11-29,2025-01-29,121,60,1,0,synthetic
PCL-F55595C9,PRJ-023,Possession,8,2025-01-29,2025-02-13,2025-02-08,10,15,0,0,synthetic
PCL-F55595C9,PRJ-023,Closure/Handover,9,2025-02-08,2025-02-18,,205,10,1,1,synthetic
PCL-5F1A43D3,PRJ-023,Land Identification,0,2024-03-27,2024-04-11,2024-04-07,11,15,0,0,synthetic
PCL-5F1A43D3,PRJ-023,Survey/Parcel Mapping,1,2024-04-07,2024-05-07,2024-05-16,39,30,1,0,synthetic
PCL-5F1A43D3,PRJ-023,Ownership Verification,2,2024-05-16,2024-06-30,2024-06-19,34,45,0,0,synthetic
PCL-5F1A43D3,PRJ-023,Notification,3,2024-06-19,2024-07-09,,439,20,1,1,synthetic
PCL-AE6E8E6E,PRJ-023,Land Identification,0,2024-03-10,2024-03-25,2024-03-23,13,15,0,0,synthetic
PCL-AE6E8E6E,PRJ-023,Survey/Parcel Mapping,1,2024-03-23,2024-04-22,2024-05-02,40,30,1,0,synthetic
PCL-AE6E8E6E,PRJ-023,Ownership Verification,2,2024-05-02,2024-06-16,2024-06-08,37,45,0,0,synthetic
PCL-AE6E8E6E,PRJ-023,Notification,3,2024-06-08,2024-06-28,2024-06-19,11,20,0,0,synthetic
PCL-AE6E8E6E,PRJ-023,Objections/Hearings,4,2024-06-19,2024-07-19,2024-08-05,47,30,1,0,synthetic
PCL-AE6E8E6E,PRJ-023,Compensation Assessment,5,2024-08-05,2024-09-14,2024-09-26,52,40,1,0,synthetic
PCL-AE6E8E6E,PRJ-023,Compensation Disbursement,6,2024-09-26,2024-10-26,,340,30,1,1,synthetic
PCL-F94A9341,PRJ-023,Land Identification,0,2024-03-09,2024-03-24,2024-03-18,9,15,0,0,synthetic
PCL-F94A9341,PRJ-023,Survey/Parcel Mapping,1,2024-03-18,2024-04-17,2024-04-06,19,30,0,0,synthetic
PCL-F94A9341,PRJ-023,Ownership Verification,2,2024-04-06,2024-05-21,2024-05-18,42,45,0,0,synthetic
PCL-F94A9341,PRJ-023,Notification,3,2024-05-18,2024-06-07,2024-06-06,19,20,0,0,synthetic
PCL-F94A9341,PRJ-023,Objections/Hearings,4,2024-06-06,2024-07-06,2024-07-15,39,30,1,0,synthetic
PCL-F94A9341,PRJ-023,Compensation Assessment,5,2024-07-15,2024-08-24,2024-08-29,45,40,1,0,synthetic
PCL-F94A9341,PRJ-023,Compensation Disbursement,6,2024-08-29,2024-09-28,2024-09-24,26,30,0,0,synthetic
PCL-F94A9341,PRJ-023,Rehabilitation & Resettlement,7,2024-09-24,2024-11-23,2024-12-25,92,60,1,0,synthetic
PCL-F94A9341,PRJ-023,Possession,8,2024-12-25,2025-01-09,2025-01-12,18,15,1,0,synthetic
PCL-F94A9341,PRJ-023,Closure/Handover,9,2025-01-12,2025-01-22,,232,10,1,1,synthetic
PCL-191E6986,PRJ-023,Land Identification,0,2024-03-27,2024-04-11,2024-04-13,17,15,1,0,synthetic
PCL-191E6986,PRJ-023,Survey/Parcel Mapping,1,2024-04-13,2024-05-13,2024-05-10,27,30,0,0,synthetic
PCL-191E6986,PRJ-023,Ownership Verification,2,2024-05-10,2024-06-24,2024-06-17,38,45,0,0,synthetic
PCL-191E6986,PRJ-023,Notification,3,2024-06-17,2024-07-07,2024-07-13,26,20,1,0,synthetic
PCL-191E6986,PRJ-023,Objections/Hearings,4,2024-07-13,2024-08-12,2024-08-11,29,30,0,0,synthetic
PCL-191E6986,PRJ-023,Compensation Assessment,5,2024-08-11,2024-09-20,2024-11-10,91,40,1,0,synthetic
PCL-191E6986,PRJ-023,Compensation Disbursement,6,2024-11-10,2024-12-10,2024-12-22,42,30,1,0,synthetic
PCL-191E6986,PRJ-023,Rehabilitation & Resettlement,7,2024-12-22,2025-02-20,2025-03-25,93,60,1,0,synthetic
PCL-191E6986,PRJ-023,Possession,8,2025-03-25,2025-04-09,,160,15,1,1,synthetic
PCL-F8F1E557,PRJ-023,Land Identification,0,2024-02-14,2024-02-29,2024-03-03,18,15,1,0,synthetic
PCL-F8F1E557,PRJ-023,Survey/Parcel Mapping,1,2024-03-03,2024-04-02,2024-04-04,32,30,1,0,synthetic
PCL-F8F1E557,PRJ-023,Ownership Verification,2,2024-04-04,2024-05-19,2024-05-02,28,45,0,0,synthetic
PCL-F8F1E557,PRJ-023,Notification,3,2024-05-02,2024-05-22,2024-05-14,12,20,0,0,synthetic
PCL-F8F1E557,PRJ-023,Objections/Hearings,4,2024-05-14,2024-06-13,,475,30,1,1,synthetic
PCL-986C9E36,PRJ-023,Land Identification,0,2024-02-01,2024-02-16,2024-02-13,12,15,0,0,synthetic
PCL-986C9E36,PRJ-023,Survey/Parcel Mapping,1,2024-02-13,2024-03-14,2024-03-14,30,30,0,0,synthetic
PCL-986C9E36,PRJ-023,Ownership Verification,2,2024-03-14,2024-04-28,2024-05-07,54,45,1,0,synthetic
PCL-986C9E36,PRJ-023,Notification,3,2024-05-07,2024-05-27,,482,20,1,1,synthetic
PCL-55E136B4,PRJ-023,Land Identification,0,2024-01-19,2024-02-03,2024-01-27,8,15,0,0,synthetic
PCL-55E136B4,PRJ-023,Survey/Parcel Mapping,1,2024-01-27,2024-02-26,2024-03-02,35,30,1,0,synthetic
PCL-55E136B4,PRJ-023,Ownership Verification,2,2024-03-02,2024-04-16,2024-04-08,37,45,0,0,synthetic
PCL-55E136B4,PRJ-023,Notification,3,2024-04-08,2024-04-28,2024-04-26,18,20,0,0,synthetic
PCL-55E136B4,PRJ-023,Objections/Hearings,4,2024-04-26,2024-05-26,2024-06-07,42,30,1,0,synthetic
PCL-55E136B4,PRJ-023,Compensation Assessment,5,2024-06-07,2024-07-17,2024-07-14,37,40,0,0,synthetic
PCL-55E136B4,PRJ-023,Compensation Disbursement,6,2024-07-14,2024-08-13,2024-08-12,29,30,0,0,synthetic
PCL-55E136B4,PRJ-023,Rehabilitation & Resettlement,7,2024-08-12,2024-10-11,2025-01-03,144,60,1,0,synthetic
PCL-55E136B4,PRJ-023,Possession,8,2025-01-03,2025-01-18,,241,15,1,1,synthetic
PCL-10DBF347,PRJ-023,Land Identification,0,2024-02-23,2024-03-09,,556,15,1,1,synthetic
PCL-EDE1F7C8,PRJ-023,Land Identification,0,2024-03-25,2024-04-09,2024-04-09,15,15,0,0,synthetic
PCL-EDE1F7C8,PRJ-023,Survey/Parcel Mapping,1,2024-04-09,2024-05-09,2024-05-13,34,30,1,0,synthetic
PCL-EDE1F7C8,PRJ-023,Ownership Verification,2,2024-05-13,2024-06-27,2024-06-15,33,45,0,0,synthetic
PCL-EDE1F7C8,PRJ-023,Notification,3,2024-06-15,2024-07-05,2024-07-06,21,20,1,0,synthetic
PCL-EDE1F7C8,PRJ-023,Objections/Hearings,4,2024-07-06,2024-08-05,,422,30,1,1,synthetic
PCL-2828F69F,PRJ-023,Land Identification,0,2024-03-09,2024-03-24,2024-03-25,16,15,1,0,synthetic
PCL-2828F69F,PRJ-023,Survey/Parcel Mapping,1,2024-03-25,2024-04-24,2024-05-05,41,30,1,0,synthetic
PCL-2828F69F,PRJ-023,Ownership Verification,2,2024-05-05,2024-06-19,2024-06-17,43,45,0,0,synthetic
PCL-2828F69F,PRJ-023,Notification,3,2024-06-17,2024-07-07,,441,20,1,1,synthetic
PCL-64948C12,PRJ-023,Land Identification,0,2024-02-29,2024-03-15,2024-03-20,20,15,1,0,synthetic
PCL-64948C12,PRJ-023,Survey/Parcel Mapping,1,2024-03-20,2024-04-19,2024-05-10,51,30,1,0,synthetic
PCL-64948C12,PRJ-023,Ownership Verification,2,2024-05-10,2024-06-24,2024-07-16,67,45,1,0,synthetic
PCL-64948C12,PRJ-023,Notification,3,2024-07-16,2024-08-05,,412,20,1,1,synthetic
PCL-230A72D3,PRJ-023,Land Identification,0,2024-01-05,2024-01-20,2024-01-24,19,15,1,0,synthetic
PCL-230A72D3,PRJ-023,Survey/Parcel Mapping,1,2024-01-24,2024-02-23,2024-03-05,41,30,1,0,synthetic
PCL-230A72D3,PRJ-023,Ownership Verification,2,2024-03-05,2024-04-19,2024-04-15,41,45,0,0,synthetic
PCL-230A72D3,PRJ-023,Notification,3,2024-04-15,2024-05-05,2024-05-04,19,20,0,0,synthetic
PCL-230A72D3,PRJ-023,Objections/Hearings,4,2024-05-04,2024-06-03,2024-06-25,52,30,1,0,synthetic
PCL-230A72D3,PRJ-023,Compensation Assessment,5,2024-06-25,2024-08-04,2024-08-10,46,40,1,0,synthetic
PCL-230A72D3,PRJ-023,Compensation Disbursement,6,2024-08-10,2024-09-09,2024-09-11,32,30,1,0,synthetic
PCL-230A72D3,PRJ-023,Rehabilitation & Resettlement,7,2024-09-11,2024-11-10,2025-03-08,178,60,1,0,synthetic
PCL-230A72D3,PRJ-023,Possession,8,2025-03-08,2025-03-23,2025-03-19,11,15,0,0,synthetic
PCL-230A72D3,PRJ-023,Closure/Handover,9,2025-03-19,2025-03-29,,166,10,1,1,synthetic
PCL-E316A5B9,PRJ-023,Land Identification,0,2024-01-28,2024-02-12,2024-02-20,23,15,1,0,synthetic
PCL-E316A5B9,PRJ-023,Survey/Parcel Mapping,1,2024-02-20,2024-03-21,2024-03-25,34,30,1,0,synthetic
PCL-E316A5B9,PRJ-023,Ownership Verification,2,2024-03-25,2024-05-09,2024-05-22,58,45,1,0,synthetic
PCL-E316A5B9,PRJ-023,Notification,3,2024-05-22,2024-06-11,,467,20,1,1,synthetic
PCL-512680F9,PRJ-023,Land Identification,0,2024-03-27,2024-04-11,2024-04-13,17,15,1,0,synthetic
PCL-512680F9,PRJ-023,Survey/Parcel Mapping,1,2024-04-13,2024-05-13,2024-05-17,34,30,1,0,synthetic
PCL-512680F9,PRJ-023,Ownership Verification,2,2024-05-17,2024-07-01,,472,45,1,1,synthetic
PCL-7BF14C81,PRJ-023,Land Identification,0,2024-03-23,2024-04-07,2024-04-09,17,15,1,0,synthetic
PCL-7BF14C81,PRJ-023,Survey/Parcel Mapping,1,2024-04-09,2024-05-09,2024-05-03,24,30,0,0,synthetic
PCL-7BF14C81,PRJ-023,Ownership Verification,2,2024-05-03,2024-06-17,2024-07-06,64,45,1,0,synthetic
PCL-7BF14C81,PRJ-023,Notification,3,2024-07-06,2024-07-26,2024-08-06,31,20,1,0,synthetic
PCL-7BF14C81,PRJ-023,Objections/Hearings,4,2024-08-06,2024-09-05,2024-09-06,31,30,1,0,synthetic
PCL-7BF14C81,PRJ-023,Compensation Assessment,5,2024-09-06,2024-10-16,2024-10-29,53,40,1,0,synthetic
PCL-7BF14C81,PRJ-023,Compensation Disbursement,6,2024-10-29,2024-11-28,2024-11-14,16,30,0,0,synthetic
PCL-7BF14C81,PRJ-023,Rehabilitation & Resettlement,7,2024-11-14,2025-01-13,,291,60,1,1,synthetic
PCL-4B767932,PRJ-023,Land Identification,0,2024-02-18,2024-03-04,2024-03-03,14,15,0,0,synthetic
PCL-4B767932,PRJ-023,Survey/Parcel Mapping,1,2024-03-03,2024-04-02,2024-04-30,58,30,1,0,synthetic
PCL-4B767932,PRJ-023,Ownership Verification,2,2024-04-30,2024-06-14,,489,45,1,1,synthetic
PCL-C92E1B47,PRJ-023,Land Identification,0,2024-03-11,2024-03-26,2024-04-06,26,15,1,0,synthetic
PCL-C92E1B47,PRJ-023,Survey/Parcel Mapping,1,2024-04-06,2024-05-06,2024-05-04,28,30,0,0,synthetic
PCL-C92E1B47,PRJ-023,Ownership Verification,2,2024-05-04,2024-06-18,2024-06-14,41,45,0,0,synthetic
PCL-C92E1B47,PRJ-023,Notification,3,2024-06-14,2024-07-04,,444,20,1,1,synthetic
PCL-957E4EAB,PRJ-023,Land Identification,0,2024-02-21,2024-03-07,2024-03-18,26,15,1,0,synthetic
PCL-957E4EAB,PRJ-023,Survey/Parcel Mapping,1,2024-03-18,2024-04-17,2024-04-06,19,30,0,0,synthetic
PCL-957E4EAB,PRJ-023,Ownership Verification,2,2024-04-06,2024-05-21,2024-05-12,36,45,0,0,synthetic
PCL-957E4EAB,PRJ-023,Notification,3,2024-05-12,2024-06-01,2024-06-08,27,20,1,0,synthetic
PCL-957E4EAB,PRJ-023,Objections/Hearings,4,2024-06-08,2024-07-08,,450,30,1,1,synthetic
PCL-981B221C,PRJ-023,Land Identification,0,2024-01-10,2024-01-25,2024-01-27,17,15,1,0,synthetic
PCL-981B221C,PRJ-023,Survey/Parcel Mapping,1,2024-01-27,2024-02-26,2024-02-29,33,30,1,0,synthetic
PCL-981B221C,PRJ-023,Ownership Verification,2,2024-02-29,2024-04-14,2024-04-11,42,45,0,0,synthetic
PCL-981B221C,PRJ-023,Notification,3,2024-04-11,2024-05-01,2024-04-28,17,20,0,0,synthetic
PCL-981B221C,PRJ-023,Objections/Hearings,4,2024-04-28,2024-05-28,2024-06-05,38,30,1,0,synthetic
PCL-981B221C,PRJ-023,Compensation Assessment,5,2024-06-05,2024-07-15,2024-07-20,45,40,1,0,synthetic
PCL-981B221C,PRJ-023,Compensation Disbursement,6,2024-07-20,2024-08-19,2024-08-24,35,30,1,0,synthetic
PCL-981B221C,PRJ-023,Rehabilitation & Resettlement,7,2024-08-24,2024-10-23,2024-12-26,124,60,1,0,synthetic
PCL-981B221C,PRJ-023,Possession,8,2024-12-26,2025-01-10,,249,15,1,1,synthetic
PCL-9B941E28,PRJ-023,Land Identification,0,2024-01-21,2024-02-05,2024-02-03,13,15,0,0,synthetic
PCL-9B941E28,PRJ-023,Survey/Parcel Mapping,1,2024-02-03,2024-03-04,2024-04-03,60,30,1,0,synthetic
PCL-9B941E28,PRJ-023,Ownership Verification,2,2024-04-03,2024-05-18,2024-05-10,37,45,0,0,synthetic
PCL-9B941E28,PRJ-023,Notification,3,2024-05-10,2024-05-30,2024-05-29,19,20,0,0,synthetic
PCL-9B941E28,PRJ-023,Objections/Hearings,4,2024-05-29,2024-06-28,2024-06-26,28,30,0,0,synthetic
PCL-9B941E28,PRJ-023,Compensation Assessment,5,2024-06-26,2024-08-05,2024-08-16,51,40,1,0,synthetic
PCL-9B941E28,PRJ-023,Compensation Disbursement,6,2024-08-16,2024-09-15,2024-09-04,19,30,0,0,synthetic
PCL-9B941E28,PRJ-023,Rehabilitation & Resettlement,7,2024-09-04,2024-11-03,,362,60,1,1,synthetic
PCL-8CF56B8C,PRJ-023,Land Identification,0,2024-03-20,2024-04-04,2024-04-04,15,15,0,0,synthetic
PCL-8CF56B8C,PRJ-023,Survey/Parcel Mapping,1,2024-04-04,2024-05-04,2024-05-05,31,30,1,0,synthetic
PCL-8CF56B8C,PRJ-023,Ownership Verification,2,2024-05-05,2024-06-19,2024-06-15,41,45,0,0,synthetic
PCL-8CF56B8C,PRJ-023,Notification,3,2024-06-15,2024-07-05,2024-07-03,18,20,0,0,synthetic
PCL-8CF56B8C,PRJ-023,Objections/Hearings,4,2024-07-03,2024-08-02,2024-07-26,23,30,0,0,synthetic
PCL-8CF56B8C,PRJ-023,Compensation Assessment,5,2024-07-26,2024-09-04,,402,40,1,1,synthetic
PCL-9A4A3EBD,PRJ-023,Land Identification,0,2024-03-08,2024-03-23,2024-03-31,23,15,1,0,synthetic
PCL-9A4A3EBD,PRJ-023,Survey/Parcel Mapping,1,2024-03-31,2024-04-30,2024-04-28,28,30,0,0,synthetic
PCL-9A4A3EBD,PRJ-023,Ownership Verification,2,2024-04-28,2024-06-12,2024-06-03,36,45,0,0,synthetic
PCL-9A4A3EBD,PRJ-023,Notification,3,2024-06-03,2024-06-23,2024-06-21,18,20,0,0,synthetic
PCL-9A4A3EBD,PRJ-023,Objections/Hearings,4,2024-06-21,2024-07-21,2024-07-24,33,30,1,0,synthetic
PCL-9A4A3EBD,PRJ-023,Compensation Assessment,5,2024-07-24,2024-09-02,,404,40,1,1,synthetic
PCL-0A5F8E8F,PRJ-023,Land Identification,0,2024-01-30,2024-02-14,2024-02-15,16,15,1,0,synthetic
PCL-0A5F8E8F,PRJ-023,Survey/Parcel Mapping,1,2024-02-15,2024-03-16,2024-03-15,29,30,0,0,synthetic
PCL-0A5F8E8F,PRJ-023,Ownership Verification,2,2024-03-15,2024-04-29,2024-04-28,44,45,0,0,synthetic
PCL-0A5F8E8F,PRJ-023,Notification,3,2024-04-28,2024-05-18,2024-05-26,28,20,1,0,synthetic
PCL-0A5F8E8F,PRJ-023,Objections/Hearings,4,2024-05-26,2024-06-25,2024-06-21,26,30,0,0,synthetic
PCL-0A5F8E8F,PRJ-023,Compensation Assessment,5,2024-06-21,2024-07-31,2024-07-30,39,40,0,0,synthetic
PCL-0A5F8E8F,PRJ-023,Compensation Disbursement,6,2024-07-30,2024-08-29,,398,30,1,1,synthetic
PCL-F7B8DADB,PRJ-023,Land Identification,0,2024-03-05,2024-03-20,2024-03-19,14,15,0,0,synthetic
PCL-F7B8DADB,PRJ-023,Survey/Parcel Mapping,1,2024-03-19,2024-04-18,2024-05-04,46,30,1,0,synthetic
PCL-F7B8DADB,PRJ-023,Ownership Verification,2,2024-05-04,2024-06-18,2024-06-18,45,45,0,0,synthetic
PCL-F7B8DADB,PRJ-023,Notification,3,2024-06-18,2024-07-08,2024-07-05,17,20,0,0,synthetic
PCL-F7B8DADB,PRJ-023,Objections/Hearings,4,2024-07-05,2024-08-04,2024-08-11,37,30,1,0,synthetic
PCL-F7B8DADB,PRJ-023,Compensation Assessment,5,2024-08-11,2024-09-20,2024-10-01,51,40,1,0,synthetic
PCL-F7B8DADB,PRJ-023,Compensation Disbursement,6,2024-10-01,2024-10-31,,335,30,1,1,synthetic
PCL-25C2D4FF,PRJ-023,Land Identification,0,2024-01-11,2024-01-26,2024-01-23,12,15,0,0,synthetic
PCL-25C2D4FF,PRJ-023,Survey/Parcel Mapping,1,2024-01-23,2024-02-22,2024-02-11,19,30,0,0,synthetic
PCL-25C2D4FF,PRJ-023,Ownership Verification,2,2024-02-11,2024-03-27,2024-04-02,51,45,1,0,synthetic
PCL-25C2D4FF,PRJ-023,Notification,3,2024-04-02,2024-04-22,2024-04-20,18,20,0,0,synthetic
PCL-25C2D4FF,PRJ-023,Objections/Hearings,4,2024-04-20,2024-05-20,2024-05-14,24,30,0,0,synthetic
PCL-25C2D4FF,PRJ-023,Compensation Assessment,5,2024-05-14,2024-06-23,2024-06-21,38,40,0,0,synthetic
PCL-25C2D4FF,PRJ-023,Compensation Disbursement,6,2024-06-21,2024-07-21,,437,30,1,1,synthetic
PCL-1AE3D51E,PRJ-023,Land Identification,0,2024-03-06,2024-03-21,2024-03-21,15,15,0,0,synthetic
PCL-1AE3D51E,PRJ-023,Survey/Parcel Mapping,1,2024-03-21,2024-04-20,2024-05-02,42,30,1,0,synthetic
PCL-1AE3D51E,PRJ-023,Ownership Verification,2,2024-05-02,2024-06-16,2024-06-12,41,45,0,0,synthetic
PCL-1AE3D51E,PRJ-023,Notification,3,2024-06-12,2024-07-02,2024-06-29,17,20,0,0,synthetic
PCL-1AE3D51E,PRJ-023,Objections/Hearings,4,2024-06-29,2024-07-29,,429,30,1,1,synthetic
PCL-9452F78C,PRJ-023,Land Identification,0,2024-01-28,2024-02-12,2024-02-24,27,15,1,0,synthetic
PCL-9452F78C,PRJ-023,Survey/Parcel Mapping,1,2024-02-24,2024-03-25,2024-04-06,42,30,1,0,synthetic
PCL-9452F78C,PRJ-023,Ownership Verification,2,2024-04-06,2024-05-21,2024-05-16,40,45,0,0,synthetic
PCL-9452F78C,PRJ-023,Notification,3,2024-05-16,2024-06-05,2024-05-31,15,20,0,0,synthetic
PCL-9452F78C,PRJ-023,Objections/Hearings,4,2024-05-31,2024-06-30,2024-06-29,29,30,0,0,synthetic
PCL-9452F78C,PRJ-023,Compensation Assessment,5,2024-06-29,2024-08-08,2024-08-28,60,40,1,0,synthetic
PCL-9452F78C,PRJ-023,Compensation Disbursement,6,2024-08-28,2024-09-27,2024-09-30,33,30,1,0,synthetic
PCL-9452F78C,PRJ-023,Rehabilitation & Resettlement,7,2024-09-30,2024-11-29,2024-12-12,73,60,1,0,synthetic
PCL-9452F78C,PRJ-023,Possession,8,2024-12-12,2024-12-27,2024-12-17,5,15,0,0,synthetic
PCL-9452F78C,PRJ-023,Closure/Handover,9,2024-12-17,2024-12-27,,258,10,1,1,synthetic
PCL-BD824916,PRJ-023,Land Identification,0,2024-03-13,2024-03-28,2024-03-25,12,15,0,0,synthetic
PCL-BD824916,PRJ-023,Survey/Parcel Mapping,1,2024-03-25,2024-04-24,2024-04-24,30,30,0,0,synthetic
PCL-BD824916,PRJ-023,Ownership Verification,2,2024-04-24,2024-06-08,2024-06-12,49,45,1,0,synthetic
PCL-BD824916,PRJ-023,Notification,3,2024-06-12,2024-07-02,2024-07-08,26,20,1,0,synthetic
PCL-BD824916,PRJ-023,Objections/Hearings,4,2024-07-08,2024-08-07,2024-07-26,18,30,0,0,synthetic
PCL-BD824916,PRJ-023,Compensation Assessment,5,2024-07-26,2024-09-04,2024-09-05,41,40,1,0,synthetic
PCL-BD824916,PRJ-023,Compensation Disbursement,6,2024-09-05,2024-10-05,2024-09-29,24,30,0,0,synthetic
PCL-BD824916,PRJ-023,Rehabilitation & Resettlement,7,2024-09-29,2024-11-28,,337,60,1,1,synthetic
PCL-79A1EE2F,PRJ-023,Land Identification,0,2024-01-08,2024-01-23,2024-01-24,16,15,1,0,synthetic
PCL-79A1EE2F,PRJ-023,Survey/Parcel Mapping,1,2024-01-24,2024-02-23,,586,30,1,1,synthetic
PCL-4A2FD836,PRJ-023,Land Identification,0,2024-01-07,2024-01-22,2024-01-19,12,15,0,0,synthetic
PCL-4A2FD836,PRJ-023,Survey/Parcel Mapping,1,2024-01-19,2024-02-18,2024-02-06,18,30,0,0,synthetic
PCL-4A2FD836,PRJ-023,Ownership Verification,2,2024-02-06,2024-03-22,2024-04-06,60,45,1,0,synthetic
PCL-4A2FD836,PRJ-023,Notification,3,2024-04-06,2024-04-26,2024-04-23,17,20,0,0,synthetic
PCL-4A2FD836,PRJ-023,Objections/Hearings,4,2024-04-23,2024-05-23,2024-05-13,20,30,0,0,synthetic
PCL-4A2FD836,PRJ-023,Compensation Assessment,5,2024-05-13,2024-06-22,2024-06-23,41,40,1,0,synthetic
PCL-4A2FD836,PRJ-023,Compensation Disbursement,6,2024-06-23,2024-07-23,2024-07-11,18,30,0,0,synthetic
PCL-4A2FD836,PRJ-023,Rehabilitation & Resettlement,7,2024-07-11,2024-09-09,,417,60,1,1,synthetic
PCL-6283482E,PRJ-025,Land Identification,0,2024-03-19,2024-04-03,2024-04-03,15,15,0,0,synthetic
PCL-6283482E,PRJ-025,Survey/Parcel Mapping,1,2024-04-03,2024-05-03,2024-05-10,37,30,1,0,synthetic
PCL-6283482E,PRJ-025,Ownership Verification,2,2024-05-10,2024-06-24,,479,45,1,1,synthetic
PCL-F31EEF30,PRJ-025,Land Identification,0,2024-02-13,2024-02-28,2024-02-29,16,15,1,0,synthetic
PCL-F31EEF30,PRJ-025,Survey/Parcel Mapping,1,2024-02-29,2024-03-30,,550,30,1,1,synthetic
PCL-43543070,PRJ-025,Land Identification,0,2024-02-28,2024-03-14,2024-03-05,6,15,0,0,synthetic
PCL-43543070,PRJ-025,Survey/Parcel Mapping,1,2024-03-05,2024-04-04,2024-04-08,34,30,1,0,synthetic
PCL-43543070,PRJ-025,Ownership Verification,2,2024-04-08,2024-05-23,,511,45,1,1,synthetic
PCL-15B98D3F,PRJ-025,Land Identification,0,2024-01-11,2024-01-26,2024-02-01,21,15,1,0,synthetic
PCL-15B98D3F,PRJ-025,Survey/Parcel Mapping,1,2024-02-01,2024-03-02,2024-02-22,21,30,0,0,synthetic
PCL-15B98D3F,PRJ-025,Ownership Verification,2,2024-02-22,2024-04-07,2024-07-09,138,45,1,0,synthetic
PCL-15B98D3F,PRJ-025,Notification,3,2024-07-09,2024-07-29,2024-07-27,18,20,0,0,synthetic
PCL-15B98D3F,PRJ-025,Objections/Hearings,4,2024-07-27,2024-08-26,2024-08-15,19,30,0,0,synthetic
PCL-15B98D3F,PRJ-025,Compensation Assessment,5,2024-08-15,2024-09-24,2024-09-17,33,40,0,0,synthetic
PCL-15B98D3F,PRJ-025,Compensation Disbursement,6,2024-09-17,2024-10-17,2024-10-22,35,30,1,0,synthetic
PCL-15B98D3F,PRJ-025,Rehabilitation & Resettlement,7,2024-10-22,2024-12-21,,314,60,1,1,synthetic
PCL-0361478D,PRJ-025,Land Identification,0,2024-01-08,2024-01-23,2024-01-22,14,15,0,0,synthetic
PCL-0361478D,PRJ-025,Survey/Parcel Mapping,1,2024-01-22,2024-02-21,2024-02-20,29,30,0,0,synthetic
PCL-0361478D,PRJ-025,Ownership Verification,2,2024-02-20,2024-04-05,,559,45,1,1,synthetic
PCL-F8196867,PRJ-025,Land Identification,0,2024-03-27,2024-04-11,,523,15,1,1,synthetic
PCL-0E552CF8,PRJ-025,Land Identification,0,2024-01-16,2024-01-31,2024-01-30,14,15,0,0,synthetic
PCL-0E552CF8,PRJ-025,Survey/Parcel Mapping,1,2024-01-30,2024-02-29,2024-02-27,28,30,0,0,synthetic
PCL-0E552CF8,PRJ-025,Ownership Verification,2,2024-02-27,2024-04-12,2024-06-01,95,45,1,0,synthetic
PCL-0E552CF8,PRJ-025,Notification,3,2024-06-01,2024-06-21,2024-07-04,33,20,1,0,synthetic
PCL-0E552CF8,PRJ-025,Objections/Hearings,4,2024-07-04,2024-08-03,,424,30,1,1,synthetic
PCL-3EAB9E45,PRJ-025,Land Identification,0,2024-02-13,2024-02-28,2024-03-08,24,15,1,0,synthetic
PCL-3EAB9E45,PRJ-025,Survey/Parcel Mapping,1,2024-03-08,2024-04-07,2024-04-02,25,30,0,0,synthetic
PCL-3EAB9E45,PRJ-025,Ownership Verification,2,2024-04-02,2024-05-17,2024-07-22,111,45,1,0,synthetic
PCL-3EAB9E45,PRJ-025,Notification,3,2024-07-22,2024-08-11,2024-08-05,14,20,0,0,synthetic
PCL-3EAB9E45,PRJ-025,Objections/Hearings,4,2024-08-05,2024-09-04,2024-09-09,35,30,1,0,synthetic
PCL-3EAB9E45,PRJ-025,Compensation Assessment,5,2024-09-09,2024-10-19,2024-10-02,23,40,0,0,synthetic
PCL-3EAB9E45,PRJ-025,Compensation Disbursement,6,2024-10-02,2024-11-01,,334,30,1,1,synthetic
PCL-A5E4718C,PRJ-025,Land Identification,0,2024-03-02,2024-03-17,2024-03-16,14,15,0,0,synthetic
PCL-A5E4718C,PRJ-025,Survey/Parcel Mapping,1,2024-03-16,2024-04-15,2024-04-14,29,30,0,0,synthetic
PCL-A5E4718C,PRJ-025,Ownership Verification,2,2024-04-14,2024-05-29,2024-08-18,126,45,1,0,synthetic
PCL-A5E4718C,PRJ-025,Notification,3,2024-08-18,2024-09-07,2024-09-07,20,20,0,0,synthetic
PCL-A5E4718C,PRJ-025,Objections/Hearings,4,2024-09-07,2024-10-07,2024-09-28,21,30,0,0,synthetic
PCL-A5E4718C,PRJ-025,Compensation Assessment,5,2024-09-28,2024-11-07,2024-11-05,38,40,0,0,synthetic
PCL-A5E4718C,PRJ-025,Compensation Disbursement,6,2024-11-05,2024-12-05,2024-12-31,56,30,1,0,synthetic
PCL-A5E4718C,PRJ-025,Rehabilitation & Resettlement,7,2024-12-31,2025-03-01,2025-02-18,49,60,0,0,synthetic
PCL-A5E4718C,PRJ-025,Possession,8,2025-02-18,2025-03-05,2025-03-04,14,15,0,0,synthetic
PCL-A5E4718C,PRJ-025,Closure/Handover,9,2025-03-04,2025-03-14,,181,10,1,1,synthetic
PCL-96F1E230,PRJ-025,Land Identification,0,2024-02-18,2024-03-04,2024-03-10,21,15,1,0,synthetic
PCL-96F1E230,PRJ-025,Survey/Parcel Mapping,1,2024-03-10,2024-04-09,2024-04-17,38,30,1,0,synthetic
PCL-96F1E230,PRJ-025,Ownership Verification,2,2024-04-17,2024-06-01,2024-08-28,133,45,1,0,synthetic
PCL-96F1E230,PRJ-025,Notification,3,2024-08-28,2024-09-17,2024-09-26,29,20,1,0,synthetic
PCL-96F1E230,PRJ-025,Objections/Hearings,4,2024-09-26,2024-10-26,2024-11-01,36,30,1,0,synthetic
PCL-96F1E230,PRJ-025,Compensation Assessment,5,2024-11-01,2024-12-11,2024-12-18,47,40,1,0,synthetic
PCL-96F1E230,PRJ-025,Compensation Disbursement,6,2024-12-18,2025-01-17,2025-01-26,39,30,1,0,synthetic
PCL-96F1E230,PRJ-025,Rehabilitation & Resettlement,7,2025-01-26,2025-03-27,2025-03-30,63,60,1,0,synthetic
PCL-96F1E230,PRJ-025,Possession,8,2025-03-30,2025-04-14,,155,15,1,1,synthetic
PCL-78E22FCE,PRJ-025,Land Identification,0,2024-02-11,2024-02-26,2024-02-29,18,15,1,0,synthetic
PCL-78E22FCE,PRJ-025,Survey/Parcel Mapping,1,2024-02-29,2024-03-30,2024-03-21,21,30,0,0,synthetic
PCL-78E22FCE,PRJ-025,Ownership Verification,2,2024-03-21,2024-05-05,2024-09-11,174,45,1,0,synthetic
PCL-78E22FCE,PRJ-025,Notification,3,2024-09-11,2024-10-01,2024-09-23,12,20,0,0,synthetic
PCL-78E22FCE,PRJ-025,Objections/Hearings,4,2024-09-23,2024-10-23,2024-11-11,49,30,1,0,synthetic
PCL-78E22FCE,PRJ-025,Compensation Assessment,5,2024-11-11,2024-12-21,,294,40,1,1,synthetic
PCL-56E94BB1,PRJ-025,Land Identification,0,2024-01-20,2024-02-04,2024-02-05,16,15,1,0,synthetic
PCL-56E94BB1,PRJ-025,Survey/Parcel Mapping,1,2024-02-05,2024-03-06,2024-03-13,37,30,1,0,synthetic
PCL-56E94BB1,PRJ-025,Ownership Verification,2,2024-03-13,2024-04-27,2024-05-13,61,45,1,0,synthetic
PCL-56E94BB1,PRJ-025,Notification,3,2024-05-13,2024-06-02,2024-06-13,31,20,1,0,synthetic
PCL-56E94BB1,PRJ-025,Objections/Hearings,4,2024-06-13,2024-07-13,2024-07-12,29,30,0,0,synthetic
PCL-56E94BB1,PRJ-025,Compensation Assessment,5,2024-07-12,2024-08-21,2024-08-09,28,40,0,0,synthetic
PCL-56E94BB1,PRJ-025,Compensation Disbursement,6,2024-08-09,2024-09-08,2024-09-13,35,30,1,0,synthetic
PCL-56E94BB1,PRJ-025,Rehabilitation & Resettlement,7,2024-09-13,2024-11-12,,353,60,1,1,synthetic
PCL-2C42721E,PRJ-025,Land Identification,0,2024-01-11,2024-01-26,2024-01-29,18,15,1,0,synthetic
PCL-2C42721E,PRJ-025,Survey/Parcel Mapping,1,2024-01-29,2024-02-28,2024-02-24,26,30,0,0,synthetic
PCL-2C42721E,PRJ-025,Ownership Verification,2,2024-02-24,2024-04-09,2024-06-13,110,45,1,0,synthetic
PCL-2C42721E,PRJ-025,Notification,3,2024-06-13,2024-07-03,2024-07-01,18,20,0,0,synthetic
PCL-2C42721E,PRJ-025,Objections/Hearings,4,2024-07-01,2024-07-31,2024-08-01,31,30,1,0,synthetic
PCL-2C42721E,PRJ-025,Compensation Assessment,5,2024-08-01,2024-09-10,,396,40,1,1,synthetic
PCL-763E7B48,PRJ-025,Land Identification,0,2024-02-29,2024-03-15,2024-03-15,15,15,0,0,synthetic
PCL-763E7B48,PRJ-025,Survey/Parcel Mapping,1,2024-03-15,2024-04-14,,535,30,1,1,synthetic
PCL-97C8E79E,PRJ-025,Land Identification,0,2024-02-01,2024-02-16,2024-02-16,15,15,0,0,synthetic
PCL-97C8E79E,PRJ-025,Survey/Parcel Mapping,1,2024-02-16,2024-03-17,,563,30,1,1,synthetic
PCL-4773B1BB,PRJ-025,Land Identification,0,2024-01-18,2024-02-02,2024-01-30,12,15,0,0,synthetic
PCL-4773B1BB,PRJ-025,Survey/Parcel Mapping,1,2024-01-30,2024-02-29,2024-03-05,35,30,1,0,synthetic
PCL-4773B1BB,PRJ-025,Ownership Verification,2,2024-03-05,2024-04-19,2024-08-08,156,45,1,0,synthetic
PCL-4773B1BB,PRJ-025,Notification,3,2024-08-08,2024-08-28,2024-08-26,18,20,0,0,synthetic
PCL-4773B1BB,PRJ-025,Objections/Hearings,4,2024-08-26,2024-09-25,2024-09-28,33,30,1,0,synthetic
PCL-4773B1BB,PRJ-025,Compensation Assessment,5,2024-09-28,2024-11-07,2024-11-12,45,40,1,0,synthetic
PCL-4773B1BB,PRJ-025,Compensation Disbursement,6,2024-11-12,2024-12-12,,293,30,1,1,synthetic
PCL-701CB8D3,PRJ-025,Land Identification,0,2024-03-08,2024-03-23,2024-03-21,13,15,0,0,synthetic
PCL-701CB8D3,PRJ-025,Survey/Parcel Mapping,1,2024-03-21,2024-04-20,2024-04-12,22,30,0,0,synthetic
PCL-701CB8D3,PRJ-025,Ownership Verification,2,2024-04-12,2024-05-27,2024-07-03,82,45,1,0,synthetic
PCL-701CB8D3,PRJ-025,Notification,3,2024-07-03,2024-07-23,2024-07-26,23,20,1,0,synthetic
PCL-701CB8D3,PRJ-025,Objections/Hearings,4,2024-07-26,2024-08-25,2024-08-31,36,30,1,0,synthetic
PCL-701CB8D3,PRJ-025,Compensation Assessment,5,2024-08-31,2024-10-10,2024-11-01,62,40,1,0,synthetic
PCL-701CB8D3,PRJ-025,Compensation Disbursement,6,2024-11-01,2024-12-01,2024-11-28,27,30,0,0,synthetic
PCL-701CB8D3,PRJ-025,Rehabilitation & Resettlement,7,2024-11-28,2025-01-27,,277,60,1,1,synthetic
PCL-E55ABF2A,PRJ-025,Land Identification,0,2024-01-06,2024-01-21,2024-01-20,14,15,0,0,synthetic
PCL-E55ABF2A,PRJ-025,Survey/Parcel Mapping,1,2024-01-20,2024-02-19,2024-03-25,65,30,1,0,synthetic
PCL-E55ABF2A,PRJ-025,Ownership Verification,2,2024-03-25,2024-05-09,,525,45,1,1,synthetic
PCL-A4EB2471,PRJ-025,Land Identification,0,2024-01-07,2024-01-22,,603,15,1,1,synthetic
PCL-09500D3E,PRJ-025,Land Identification,0,2024-03-03,2024-03-18,2024-03-14,11,15,0,0,synthetic
PCL-09500D3E,PRJ-025,Survey/Parcel Mapping,1,2024-03-14,2024-04-13,2024-04-05,22,30,0,0,synthetic
PCL-09500D3E,PRJ-025,Ownership Verification,2,2024-04-05,2024-05-20,2024-09-01,149,45,1,0,synthetic
PCL-09500D3E,PRJ-025,Notification,3,2024-09-01,2024-09-21,2024-09-23,22,20,1,0,synthetic
PCL-09500D3E,PRJ-025,Objections/Hearings,4,2024-09-23,2024-10-23,2024-10-26,33,30,1,0,synthetic
PCL-09500D3E,PRJ-025,Compensation Assessment,5,2024-10-26,2024-12-05,2025-01-08,74,40,1,0,synthetic
PCL-09500D3E,PRJ-025,Compensation Disbursement,6,2025-01-08,2025-02-07,2025-02-01,24,30,0,0,synthetic
PCL-09500D3E,PRJ-025,Rehabilitation & Resettlement,7,2025-02-01,2025-04-02,,212,60,1,1,synthetic
PCL-B0A77914,PRJ-025,Land Identification,0,2024-02-29,2024-03-15,2024-03-10,10,15,0,0,synthetic
PCL-B0A77914,PRJ-025,Survey/Parcel Mapping,1,2024-03-10,2024-04-09,,540,30,1,1,synthetic
PCL-C98C9C14,PRJ-025,Land Identification,0,2024-01-22,2024-02-06,2024-02-04,13,15,0,0,synthetic
PCL-C98C9C14,PRJ-025,Survey/Parcel Mapping,1,2024-02-04,2024-03-05,2024-02-28,24,30,0,0,synthetic
PCL-C98C9C14,PRJ-025,Ownership Verification,2,2024-02-28,2024-04-13,2024-06-28,121,45,1,0,synthetic
PCL-C98C9C14,PRJ-025,Notification,3,2024-06-28,2024-07-18,2024-07-21,23,20,1,0,synthetic
PCL-C98C9C14,PRJ-025,Objections/Hearings,4,2024-07-21,2024-08-20,,407,30,1,1,synthetic
PCL-7A99ED7C,PRJ-025,Land Identification,0,2024-01-22,2024-02-06,2024-02-03,12,15,0,0,synthetic
PCL-7A99ED7C,PRJ-025,Survey/Parcel Mapping,1,2024-02-03,2024-03-04,2024-02-18,15,30,0,0,synthetic
PCL-7A99ED7C,PRJ-025,Ownership Verification,2,2024-02-18,2024-04-03,,561,45,1,1,synthetic
PCL-E27D5543,PRJ-025,Land Identification,0,2024-03-11,2024-03-26,2024-03-20,9,15,0,0,synthetic
PCL-E27D5543,PRJ-025,Survey/Parcel Mapping,1,2024-03-20,2024-04-19,2024-04-23,34,30,1,0,synthetic
PCL-E27D5543,PRJ-025,Ownership Verification,2,2024-04-23,2024-06-07,2024-09-01,131,45,1,0,synthetic
PCL-E27D5543,PRJ-025,Notification,3,2024-09-01,2024-09-21,2024-09-26,25,20,1,0,synthetic
PCL-E27D5543,PRJ-025,Objections/Hearings,4,2024-09-26,2024-10-26,2024-10-30,34,30,1,0,synthetic
PCL-E27D5543,PRJ-025,Compensation Assessment,5,2024-10-30,2024-12-09,,306,40,1,1,synthetic
PCL-09EF2FF1,PRJ-025,Land Identification,0,2024-03-15,2024-03-30,2024-04-03,19,15,1,0,synthetic
PCL-09EF2FF1,PRJ-025,Survey/Parcel Mapping,1,2024-04-03,2024-05-03,2024-05-23,50,30,1,0,synthetic
PCL-09EF2FF1,PRJ-025,Ownership Verification,2,2024-05-23,2024-07-07,2024-09-14,114,45,1,0,synthetic
PCL-09EF2FF1,PRJ-025,Notification,3,2024-09-14,2024-10-04,2024-09-26,12,20,0,0,synthetic
PCL-09EF2FF1,PRJ-025,Objections/Hearings,4,2024-09-26,2024-10-26,2024-11-07,42,30,1,0,synthetic
PCL-09EF2FF1,PRJ-025,Compensation Assessment,5,2024-11-07,2024-12-17,2024-12-14,37,40,0,0,synthetic
PCL-09EF2FF1,PRJ-025,Compensation Disbursement,6,2024-12-14,2025-01-13,2025-01-05,22,30,0,0,synthetic
PCL-09EF2FF1,PRJ-025,Rehabilitation & Resettlement,7,2025-01-05,2025-03-06,,239,60,1,1,synthetic
PCL-CC0EB917,PRJ-025,Land Identification,0,2024-03-07,2024-03-22,2024-03-22,15,15,0,0,synthetic
PCL-CC0EB917,PRJ-025,Survey/Parcel Mapping,1,2024-03-22,2024-04-21,2024-04-14,23,30,0,0,synthetic
PCL-CC0EB917,PRJ-025,Ownership Verification,2,2024-04-14,2024-05-29,2024-10-02,171,45,1,0,synthetic
PCL-CC0EB917,PRJ-025,Notification,3,2024-10-02,2024-10-22,2024-10-21,19,20,0,0,synthetic
PCL-CC0EB917,PRJ-025,Objections/Hearings,4,2024-10-21,2024-11-20,2024-11-19,29,30,0,0,synthetic
PCL-CC0EB917,PRJ-025,Compensation Assessment,5,2024-11-19,2024-12-29,2024-12-23,34,40,0,0,synthetic
PCL-CC0EB917,PRJ-025,Compensation Disbursement,6,2024-12-23,2025-01-22,2025-01-19,27,30,0,0,synthetic
PCL-CC0EB917,PRJ-025,Rehabilitation & Resettlement,7,2025-01-19,2025-03-20,,225,60,1,1,synthetic
PCL-EB8D45D1,PRJ-025,Land Identification,0,2024-02-03,2024-02-18,2024-02-16,13,15,0,0,synthetic
PCL-EB8D45D1,PRJ-025,Survey/Parcel Mapping,1,2024-02-16,2024-03-17,2024-03-15,28,30,0,0,synthetic
PCL-EB8D45D1,PRJ-025,Ownership Verification,2,2024-03-15,2024-04-29,2024-08-15,153,45,1,0,synthetic
PCL-EB8D45D1,PRJ-025,Notification,3,2024-08-15,2024-09-04,2024-08-24,9,20,0,0,synthetic
PCL-EB8D45D1,PRJ-025,Objections/Hearings,4,2024-08-24,2024-09-23,2024-09-15,22,30,0,0,synthetic
PCL-EB8D45D1,PRJ-025,Compensation Assessment,5,2024-09-15,2024-10-25,2024-10-24,39,40,0,0,synthetic
PCL-EB8D45D1,PRJ-025,Compensation Disbursement,6,2024-10-24,2024-11-23,2024-11-16,23,30,0,0,synthetic
PCL-EB8D45D1,PRJ-025,Rehabilitation & Resettlement,7,2024-11-16,2025-01-15,2025-01-10,55,60,0,0,synthetic
PCL-EB8D45D1,PRJ-025,Possession,8,2025-01-10,2025-01-25,2025-01-22,12,15,0,0,synthetic
PCL-EB8D45D1,PRJ-025,Closure/Handover,9,2025-01-22,2025-02-01,,222,10,1,1,synthetic
PCL-E079ED22,PRJ-025,Land Identification,0,2024-01-06,2024-01-21,2024-01-18,12,15,0,0,synthetic
PCL-E079ED22,PRJ-025,Survey/Parcel Mapping,1,2024-01-18,2024-02-17,2024-02-20,33,30,1,0,synthetic
PCL-E079ED22,PRJ-025,Ownership Verification,2,2024-02-20,2024-04-05,2024-07-02,133,45,1,0,synthetic
PCL-E079ED22,PRJ-025,Notification,3,2024-07-02,2024-07-22,,426,20,1,1,synthetic
PCL-AB5ED668,PRJ-027,Land Identification,0,2024-01-17,2024-02-01,2024-01-29,12,15,0,0,synthetic
PCL-AB5ED668,PRJ-027,Survey/Parcel Mapping,1,2024-01-29,2024-02-28,2024-02-23,25,30,0,0,synthetic
PCL-AB5ED668,PRJ-027,Ownership Verification,2,2024-02-23,2024-04-08,2024-04-22,59,45,1,0,synthetic
PCL-AB5ED668,PRJ-027,Notification,3,2024-04-22,2024-05-12,2024-05-12,20,20,0,0,synthetic
PCL-AB5ED668,PRJ-027,Objections/Hearings,4,2024-05-12,2024-06-11,2024-06-15,34,30,1,0,synthetic
PCL-AB5ED668,PRJ-027,Compensation Assessment,5,2024-06-15,2024-07-25,2024-08-05,51,40,1,0,synthetic
PCL-AB5ED668,PRJ-027,Compensation Disbursement,6,2024-08-05,2024-09-04,2024-09-03,29,30,0,0,synthetic
PCL-AB5ED668,PRJ-027,Rehabilitation & Resettlement,7,2024-09-03,2024-11-02,2024-10-23,50,60,0,0,synthetic
PCL-AB5ED668,PRJ-027,Possession,8,2024-10-23,2024-11-07,2024-11-09,17,15,1,0,synthetic
PCL-AB5ED668,PRJ-027,Closure/Handover,9,2024-11-09,2024-11-19,,296,10,1,1,synthetic
PCL-167E7EF0,PRJ-027,Land Identification,0,2024-01-06,2024-01-21,2024-01-28,22,15,1,0,synthetic
PCL-167E7EF0,PRJ-027,Survey/Parcel Mapping,1,2024-01-28,2024-02-27,2024-02-15,18,30,0,0,synthetic
PCL-167E7EF0,PRJ-027,Ownership Verification,2,2024-02-15,2024-03-31,,564,45,1,1,synthetic
PCL-4C9ECA41,PRJ-027,Land Identification,0,2024-01-18,2024-02-02,2024-02-06,19,15,1,0,synthetic
PCL-4C9ECA41,PRJ-027,Survey/Parcel Mapping,1,2024-02-06,2024-03-07,2024-02-25,19,30,0,0,synthetic
PCL-4C9ECA41,PRJ-027,Ownership Verification,2,2024-02-25,2024-04-10,2024-04-12,47,45,1,0,synthetic
PCL-4C9ECA41,PRJ-027,Notification,3,2024-04-12,2024-05-02,2024-05-09,27,20,1,0,synthetic
PCL-4C9ECA41,PRJ-027,Objections/Hearings,4,2024-05-09,2024-06-08,2024-06-12,34,30,1,0,synthetic
PCL-4C9ECA41,PRJ-027,Compensation Assessment,5,2024-06-12,2024-07-22,,446,40,1,1,synthetic
PCL-11E22180,PRJ-027,Land Identification,0,2024-01-14,2024-01-29,2024-01-27,13,15,0,0,synthetic
PCL-11E22180,PRJ-027,Survey/Parcel Mapping,1,2024-01-27,2024-02-26,2024-02-19,23,30,0,0,synthetic
PCL-11E22180,PRJ-027,Ownership Verification,2,2024-02-19,2024-04-04,2024-03-15,25,45,0,0,synthetic
PCL-11E22180,PRJ-027,Notification,3,2024-03-15,2024-04-04,2024-03-30,15,20,0,0,synthetic
PCL-11E22180,PRJ-027,Objections/Hearings,4,2024-03-30,2024-04-29,2024-04-20,21,30,0,0,synthetic
PCL-11E22180,PRJ-027,Compensation Assessment,5,2024-04-20,2024-05-30,2024-06-01,42,40,1,0,synthetic
PCL-11E22180,PRJ-027,Compensation Disbursement,6,2024-06-01,2024-07-01,,457,30,1,1,synthetic
PCL-1A1685C8,PRJ-027,Land Identification,0,2024-01-19,2024-02-03,2024-02-01,13,15,0,0,synthetic
PCL-1A1685C8,PRJ-027,Survey/Parcel Mapping,1,2024-02-01,2024-03-02,2024-02-24,23,30,0,0,synthetic
PCL-1A1685C8,PRJ-027,Ownership Verification,2,2024-02-24,2024-04-09,2024-04-23,59,45,1,0,synthetic
PCL-1A1685C8,PRJ-027,Notification,3,2024-04-23,2024-05-13,2024-05-06,13,20,0,0,synthetic
PCL-1A1685C8,PRJ-027,Objections/Hearings,4,2024-05-06,2024-06-05,2024-05-27,21,30,0,0,synthetic
PCL-1A1685C8,PRJ-027,Compensation Assessment,5,2024-05-27,2024-07-06,2024-07-10,44,40,1,0,synthetic
PCL-1A1685C8,PRJ-027,Compensation Disbursement,6,2024-07-10,2024-08-09,2024-08-26,47,30,1,0,synthetic
PCL-1A1685C8,PRJ-027,Rehabilitation & Resettlement,7,2024-08-26,2024-10-25,,371,60,1,1,synthetic
PCL-CE189D9B,PRJ-027,Land Identification,0,2024-03-07,2024-03-22,2024-03-28,21,15,1,0,synthetic
PCL-CE189D9B,PRJ-027,Survey/Parcel Mapping,1,2024-03-28,2024-04-27,2024-05-13,46,30,1,0,synthetic
PCL-CE189D9B,PRJ-027,Ownership Verification,2,2024-05-13,2024-06-27,2024-07-18,66,45,1,0,synthetic
PCL-CE189D9B,PRJ-027,Notification,3,2024-07-18,2024-08-07,2024-08-03,16,20,0,0,synthetic
PCL-CE189D9B,PRJ-027,Objections/Hearings,4,2024-08-03,2024-09-02,2024-08-26,23,30,0,0,synthetic
PCL-CE189D9B,PRJ-027,Compensation Assessment,5,2024-08-26,2024-10-05,2024-10-15,50,40,1,0,synthetic
PCL-CE189D9B,PRJ-027,Compensation Disbursement,6,2024-10-15,2024-11-14,2024-11-05,21,30,0,0,synthetic
PCL-CE189D9B,PRJ-027,Rehabilitation & Resettlement,7,2024-11-05,2025-01-04,2024-12-29,54,60,0,0,synthetic
PCL-CE189D9B,PRJ-027,Possession,8,2024-12-29,2025-01-13,2025-01-09,11,15,0,0,synthetic
PCL-CE189D9B,PRJ-027,Closure/Handover,9,2025-01-09,2025-01-19,,235,10,1,1,synthetic
PCL-04C566E8,PRJ-027,Land Identification,0,2024-01-25,2024-02-09,2024-02-07,13,15,0,0,synthetic
PCL-04C566E8,PRJ-027,Survey/Parcel Mapping,1,2024-02-07,2024-03-08,2024-02-20,13,30,0,0,synthetic
PCL-04C566E8,PRJ-027,Ownership Verification,2,2024-02-20,2024-04-05,2024-04-05,45,45,0,0,synthetic
PCL-04C566E8,PRJ-027,Notification,3,2024-04-05,2024-04-25,2024-04-12,7,20,0,0,synthetic
PCL-04C566E8,PRJ-027,Objections/Hearings,4,2024-04-12,2024-05-12,2024-05-05,23,30,0,0,synthetic
PCL-04C566E8,PRJ-027,Compensation Assessment,5,2024-05-05,2024-06-14,2024-06-09,35,40,0,0,synthetic
PCL-04C566E8,PRJ-027,Compensation Disbursement,6,2024-06-09,2024-07-09,2024-07-06,27,30,0,0,synthetic
PCL-04C566E8,PRJ-027,Rehabilitation & Resettlement,7,2024-07-06,2024-09-04,2024-08-25,50,60,0,0,synthetic
PCL-04C566E8,PRJ-027,Possession,8,2024-08-25,2024-09-09,2024-09-16,22,15,1,0,synthetic
PCL-04C566E8,PRJ-027,Closure/Handover,9,2024-09-16,2024-09-26,,350,10,1,1,synthetic
PCL-D5D3D6A7,PRJ-027,Land Identification,0,2024-01-24,2024-02-08,2024-02-06,13,15,0,0,synthetic
PCL-D5D3D6A7,PRJ-027,Survey/Parcel Mapping,1,2024-02-06,2024-03-07,2024-03-03,26,30,0,0,synthetic
PCL-D5D3D6A7,PRJ-027,Ownership Verification,2,2024-03-03,2024-04-17,2024-04-06,34,45,0,0,synthetic
PCL-D5D3D6A7,PRJ-027,Notification,3,2024-04-06,2024-04-26,2024-05-01,25,20,1,0,synthetic
PCL-D5D3D6A7,PRJ-027,Objections/Hearings,4,2024-05-01,2024-05-31,2024-05-30,29,30,0,0,synthetic
PCL-D5D3D6A7,PRJ-027,Compensation Assessment,5,2024-05-30,2024-07-09,2024-07-01,32,40,0,0,synthetic
PCL-D5D3D6A7,PRJ-027,Compensation Disbursement,6,2024-07-01,2024-07-31,,427,30,1,1,synthetic
PCL-1973472C,PRJ-027,Land Identification,0,2024-03-04,2024-03-19,2024-03-13,9,15,0,0,synthetic
PCL-1973472C,PRJ-027,Survey/Parcel Mapping,1,2024-03-13,2024-04-12,2024-04-09,27,30,0,0,synthetic
PCL-1973472C,PRJ-027,Ownership Verification,2,2024-04-09,2024-05-24,2024-06-11,63,45,1,0,synthetic
PCL-1973472C,PRJ-027,Notification,3,2024-06-11,2024-07-01,2024-07-10,29,20,1,0,synthetic
PCL-1973472C,PRJ-027,Objections/Hearings,4,2024-07-10,2024-08-09,2024-08-25,46,30,1,0,synthetic
PCL-1973472C,PRJ-027,Compensation Assessment,5,2024-08-25,2024-10-04,2024-10-02,38,40,0,0,synthetic
PCL-1973472C,PRJ-027,Compensation Disbursement,6,2024-10-02,2024-11-01,2024-10-24,22,30,0,0,synthetic
PCL-1973472C,PRJ-027,Rehabilitation & Resettlement,7,2024-10-24,2024-12-23,2025-01-27,95,60,1,0,synthetic
PCL-1973472C,PRJ-027,Possession,8,2025-01-27,2025-02-11,2025-02-13,17,15,1,0,synthetic
PCL-1973472C,PRJ-027,Closure/Handover,9,2025-02-13,2025-02-23,,200,10,1,1,synthetic
PCL-8E514416,PRJ-027,Land Identification,0,2024-02-16,2024-03-02,,563,15,1,1,synthetic
PCL-2D500091,PRJ-027,Land Identification,0,2024-01-16,2024-01-31,2024-02-04,19,15,1,0,synthetic
PCL-2D500091,PRJ-027,Survey/Parcel Mapping,1,2024-02-04,2024-03-05,2024-02-25,21,30,0,0,synthetic
PCL-2D500091,PRJ-027,Ownership Verification,2,2024-02-25,2024-04-10,2024-03-22,26,45,0,0,synthetic
PCL-2D500091,PRJ-027,Notification,3,2024-03-22,2024-04-11,2024-04-21,30,20,1,0,synthetic
PCL-2D500091,PRJ-027,Objections/Hearings,4,2024-04-21,2024-05-21,2024-06-07,47,30,1,0,synthetic
PCL-2D500091,PRJ-027,Compensation Assessment,5,2024-06-07,2024-07-17,2024-07-25,48,40,1,0,synthetic
PCL-2D500091,PRJ-027,Compensation Disbursement,6,2024-07-25,2024-08-24,2024-08-23,29,30,0,0,synthetic
PCL-2D500091,PRJ-027,Rehabilitation & Resettlement,7,2024-08-23,2024-10-22,2024-10-22,60,60,0,0,synthetic
PCL-2D500091,PRJ-027,Possession,8,2024-10-22,2024-11-06,2024-11-02,11,15,0,0,synthetic
PCL-2D500091,PRJ-027,Closure/Handover,9,2024-11-02,2024-11-12,,303,10,1,1,synthetic
PCL-6E9120B6,PRJ-027,Land Identification,0,2024-01-05,2024-01-20,2024-01-22,17,15,1,0,synthetic
PCL-6E9120B6,PRJ-027,Survey/Parcel Mapping,1,2024-01-22,2024-02-21,2024-02-11,20,30,0,0,synthetic
PCL-6E9120B6,PRJ-027,Ownership Verification,2,2024-02-11,2024-03-27,2024-04-03,52,45,1,0,synthetic
PCL-6E9120B6,PRJ-027,Notification,3,2024-04-03,2024-04-23,2024-04-15,12,20,0,0,synthetic
PCL-6E9120B6,PRJ-027,Objections/Hearings,4,2024-04-15,2024-05-15,,504,30,1,1,synthetic
PCL-818A5D55,PRJ-027,Land Identification,0,2024-02-21,2024-03-07,2024-03-08,16,15,1,0,synthetic
PCL-818A5D55,PRJ-027,Survey/Parcel Mapping,1,2024-03-08,2024-04-07,2024-04-15,38,30,1,0,synthetic
PCL-818A5D55,PRJ-027,Ownership Verification,2,2024-04-15,2024-05-30,2024-05-08,23,45,0,0,synthetic
PCL-818A5D55,PRJ-027,Notification,3,2024-05-08,2024-05-28,2024-06-08,31,20,1,0,synthetic
PCL-818A5D55,PRJ-027,Objections/Hearings,4,2024-06-08,2024-07-08,,450,30,1,1,synthetic
PCL-8E1E058E,PRJ-027,Land Identification,0,2024-02-08,2024-02-23,2024-02-22,14,15,0,0,synthetic
PCL-8E1E058E,PRJ-027,Survey/Parcel Mapping,1,2024-02-22,2024-03-23,2024-03-14,21,30,0,0,synthetic
PCL-8E1E058E,PRJ-027,Ownership Verification,2,2024-03-14,2024-04-28,2024-04-14,31,45,0,0,synthetic
PCL-8E1E058E,PRJ-027,Notification,3,2024-04-14,2024-05-04,2024-05-07,23,20,1,0,synthetic
PCL-8E1E058E,PRJ-027,Objections/Hearings,4,2024-05-07,2024-06-06,2024-06-15,39,30,1,0,synthetic
PCL-8E1E058E,PRJ-027,Compensation Assessment,5,2024-06-15,2024-07-25,2024-07-20,35,40,0,0,synthetic
PCL-8E1E058E,PRJ-027,Compensation Disbursement,6,2024-07-20,2024-08-19,2024-08-29,40,30,1,0,synthetic
PCL-8E1E058E,PRJ-027,Rehabilitation & Resettlement,7,2024-08-29,2024-10-28,2024-10-04,36,60,0,0,synthetic
PCL-8E1E058E,PRJ-027,Possession,8,2024-10-04,2024-10-19,,332,15,1,1,synthetic
PCL-CBD77EDA,PRJ-027,Land Identification,0,2024-01-06,2024-01-21,2024-01-29,23,15,1,0,synthetic
PCL-CBD77EDA,PRJ-027,Survey/Parcel Mapping,1,2024-01-29,2024-02-28,2024-03-02,33,30,1,0,synthetic
PCL-CBD77EDA,PRJ-027,Ownership Verification,2,2024-03-02,2024-04-16,2024-05-10,69,45,1,0,synthetic
PCL-CBD77EDA,PRJ-027,Notification,3,2024-05-10,2024-05-30,2024-05-31,21,20,1,0,synthetic
PCL-CBD77EDA,PRJ-027,Objections/Hearings,4,2024-05-31,2024-06-30,2024-07-04,34,30,1,0,synthetic
PCL-CBD77EDA,PRJ-027,Compensation Assessment,5,2024-07-04,2024-08-13,,424,40,1,1,synthetic
PCL-742F798C,PRJ-027,Land Identification,0,2024-03-02,2024-03-17,,548,15,1,1,synthetic
PCL-3ADFCB43,PRJ-027,Land Identification,0,2024-02-07,2024-02-22,2024-03-03,25,15,1,0,synthetic
PCL-3ADFCB43,PRJ-027,Survey/Parcel Mapping,1,2024-03-03,2024-04-02,2024-03-31,28,30,0,0,synthetic
PCL-3ADFCB43,PRJ-027,Ownership Verification,2,2024-03-31,2024-05-15,2024-05-24,54,45,1,0,synthetic
PCL-3ADFCB43,PRJ-027,Notification,3,2024-05-24,2024-06-13,,465,20,1,1,synthetic
PCL-94562D6D,PRJ-027,Land Identification,0,2024-02-09,2024-02-24,,570,15,1,1,synthetic
PCL-F189EDB7,PRJ-027,Land Identification,0,2024-01-09,2024-01-24,2024-01-22,13,15,0,0,synthetic
PCL-F189EDB7,PRJ-027,Survey/Parcel Mapping,1,2024-01-22,2024-02-21,2024-02-21,30,30,0,0,synthetic
PCL-F189EDB7,PRJ-027,Ownership Verification,2,2024-02-21,2024-04-06,2024-05-07,76,45,1,0,synthetic
PCL-F189EDB7,PRJ-027,Notification,3,2024-05-07,2024-05-27,2024-05-30,23,20,1,0,synthetic
PCL-F189EDB7,PRJ-027,Objections/Hearings,4,2024-05-30,2024-06-29,2024-06-27,28,30,0,0,synthetic
PCL-F189EDB7,PRJ-027,Compensation Assessment,5,2024-06-27,2024-08-06,2024-08-16,50,40,1,0,synthetic
PCL-F189EDB7,PRJ-027,Compensation Disbursement,6,2024-08-16,2024-09-15,,381,30,1,1,synthetic
PCL-5788F4FD,PRJ-027,Land Identification,0,2024-02-23,2024-03-09,,556,15,1,1,synthetic
PCL-13DCD9F2,PRJ-027,Land Identification,0,2024-01-24,2024-02-08,2024-02-03,10,15,0,0,synthetic
PCL-13DCD9F2,PRJ-027,Survey/Parcel Mapping,1,2024-02-03,2024-03-04,,576,30,1,1,synthetic
PCL-C91B8F23,PRJ-029,Land Identification,0,2024-02-18,2024-03-04,2024-02-27,9,15,0,0,synthetic
PCL-C91B8F23,PRJ-029,Survey/Parcel Mapping,1,2024-02-27,2024-03-28,2024-03-13,15,30,0,0,synthetic
PCL-C91B8F23,PRJ-029,Ownership Verification,2,2024-03-13,2024-04-27,2024-08-19,159,45,1,0,synthetic
PCL-C91B8F23,PRJ-029,Notification,3,2024-08-19,2024-09-08,2024-09-05,17,20,0,0,synthetic
PCL-C91B8F23,PRJ-029,Objections/Hearings,4,2024-09-05,2024-10-05,2024-10-10,35,30,1,0,synthetic
PCL-C91B8F23,PRJ-029,Compensation Assessment,5,2024-10-10,2024-11-19,2024-11-20,41,40,1,0,synthetic
PCL-C91B8F23,PRJ-029,Compensation Disbursement,6,2024-11-20,2024-12-20,2024-12-12,22,30,0,0,synthetic
PCL-C91B8F23,PRJ-029,Rehabilitation & Resettlement,7,2024-12-12,2025-02-10,2025-01-17,36,60,0,0,synthetic
PCL-C91B8F23,PRJ-029,Possession,8,2025-01-17,2025-02-01,2025-01-30,13,15,0,0,synthetic
PCL-C91B8F23,PRJ-029,Closure/Handover,9,2025-01-30,2025-02-09,,214,10,1,1,synthetic
PCL-6D7D1FF2,PRJ-029,Land Identification,0,2024-02-05,2024-02-20,2024-02-18,13,15,0,0,synthetic
PCL-6D7D1FF2,PRJ-029,Survey/Parcel Mapping,1,2024-02-18,2024-03-19,2024-03-07,18,30,0,0,synthetic
PCL-6D7D1FF2,PRJ-029,Ownership Verification,2,2024-03-07,2024-04-21,2024-07-28,143,45,1,0,synthetic
PCL-6D7D1FF2,PRJ-029,Notification,3,2024-07-28,2024-08-17,,400,20,1,1,synthetic
PCL-25E765D6,PRJ-029,Land Identification,0,2024-03-15,2024-03-30,2024-03-28,13,15,0,0,synthetic
PCL-25E765D6,PRJ-029,Survey/Parcel Mapping,1,2024-03-28,2024-04-27,2024-04-23,26,30,0,0,synthetic
PCL-25E765D6,PRJ-029,Ownership Verification,2,2024-04-23,2024-06-07,2024-09-19,149,45,1,0,synthetic
PCL-25E765D6,PRJ-029,Notification,3,2024-09-19,2024-10-09,2024-10-16,27,20,1,0,synthetic
PCL-25E765D6,PRJ-029,Objections/Hearings,4,2024-10-16,2024-11-15,2024-11-23,38,30,1,0,synthetic
PCL-25E765D6,PRJ-029,Compensation Assessment,5,2024-11-23,2025-01-02,2024-12-20,27,40,0,0,synthetic
PCL-25E765D6,PRJ-029,Compensation Disbursement,6,2024-12-20,2025-01-19,2025-01-14,25,30,0,0,synthetic
PCL-25E765D6,PRJ-029,Rehabilitation & Resettlement,7,2025-01-14,2025-03-15,2025-02-28,45,60,0,0,synthetic
PCL-25E765D6,PRJ-029,Possession,8,2025-02-28,2025-03-15,2025-03-13,13,15,0,0,synthetic
PCL-25E765D6,PRJ-029,Closure/Handover,9,2025-03-13,2025-03-23,,172,10,1,1,synthetic
PCL-C08A1087,PRJ-029,Land Identification,0,2024-02-14,2024-02-29,2024-02-29,15,15,0,0,synthetic
PCL-C08A1087,PRJ-029,Survey/Parcel Mapping,1,2024-02-29,2024-03-30,2024-04-17,48,30,1,0,synthetic
PCL-C08A1087,PRJ-029,Ownership Verification,2,2024-04-17,2024-06-01,2024-09-16,152,45,1,0,synthetic
PCL-C08A1087,PRJ-029,Notification,3,2024-09-16,2024-10-06,2024-10-02,16,20,0,0,synthetic
PCL-C08A1087,PRJ-029,Objections/Hearings,4,2024-10-02,2024-11-01,2024-10-24,22,30,0,0,synthetic
PCL-C08A1087,PRJ-029,Compensation Assessment,5,2024-10-24,2024-12-03,2024-12-02,39,40,0,0,synthetic
PCL-C08A1087,PRJ-029,Compensation Disbursement,6,2024-12-02,2025-01-01,2024-12-23,21,30,0,0,synthetic
PCL-C08A1087,PRJ-029,Rehabilitation & Resettlement,7,2024-12-23,2025-02-21,2025-02-17,56,60,0,0,synthetic
PCL-C08A1087,PRJ-029,Possession,8,2025-02-17,2025-03-04,,196,15,1,1,synthetic
PCL-31D5FC77,PRJ-029,Land Identification,0,2024-01-16,2024-01-31,2024-02-01,16,15,1,0,synthetic
PCL-31D5FC77,PRJ-029,Survey/Parcel Mapping,1,2024-02-01,2024-03-02,,578,30,1,1,synthetic
PCL-EA3A53FD,PRJ-029,Land Identification,0,2024-03-22,2024-04-06,2024-04-07,16,15,1,0,synthetic
PCL-EA3A53FD,PRJ-029,Survey/Parcel Mapping,1,2024-04-07,2024-05-07,2024-05-01,24,30,0,0,synthetic
PCL-EA3A53FD,PRJ-029,Ownership Verification,2,2024-05-01,2024-06-15,2024-08-15,106,45,1,0,synthetic
PCL-EA3A53FD,PRJ-029,Notification,3,2024-08-15,2024-09-04,2024-09-16,32,20,1,0,synthetic
PCL-EA3A53FD,PRJ-029,Objections/Hearings,4,2024-09-16,2024-10-16,2024-10-25,39,30,1,0,synthetic
PCL-EA3A53FD,PRJ-029,Compensation Assessment,5,2024-10-25,2024-12-04,2024-11-27,33,40,0,0,synthetic
PCL-EA3A53FD,PRJ-029,Compensation Disbursement,6,2024-11-27,2024-12-27,2024-12-28,31,30,1,0,synthetic
PCL-EA3A53FD,PRJ-029,Rehabilitation & Resettlement,7,2024-12-28,2025-02-26,,247,60,1,1,synthetic
PCL-758B26A8,PRJ-029,Land Identification,0,2024-01-12,2024-01-27,2024-01-20,8,15,0,0,synthetic
PCL-758B26A8,PRJ-029,Survey/Parcel Mapping,1,2024-01-20,2024-02-19,2024-02-23,34,30,1,0,synthetic
PCL-758B26A8,PRJ-029,Ownership Verification,2,2024-02-23,2024-04-08,2024-07-24,152,45,1,0,synthetic
PCL-758B26A8,PRJ-029,Notification,3,2024-07-24,2024-08-13,2024-08-08,15,20,0,0,synthetic
PCL-758B26A8,PRJ-029,Objections/Hearings,4,2024-08-08,2024-09-07,2024-09-05,28,30,0,0,synthetic
PCL-758B26A8,PRJ-029,Compensation Assessment,5,2024-09-05,2024-10-15,2024-10-15,40,40,0,0,synthetic
PCL-758B26A8,PRJ-029,Compensation Disbursement,6,2024-10-15,2024-11-14,,321,30,1,1,synthetic
PCL-098A2652,PRJ-029,Land Identification,0,2024-03-02,2024-03-17,2024-03-18,16,15,1,0,synthetic
PCL-098A2652,PRJ-029,Survey/Parcel Mapping,1,2024-03-18,2024-04-17,2024-04-17,30,30,0,0,synthetic
PCL-098A2652,PRJ-029,Ownership Verification,2,2024-04-17,2024-06-01,,502,45,1,1,synthetic
PCL-515CDF12,PRJ-029,Land Identification,0,2024-01-27,2024-02-11,2024-02-18,22,15,1,0,synthetic
PCL-515CDF12,PRJ-029,Survey/Parcel Mapping,1,2024-02-18,2024-03-19,2024-03-31,42,30,1,0,synthetic
PCL-515CDF12,PRJ-029,Ownership Verification,2,2024-03-31,2024-05-15,2024-07-24,115,45,1,0,synthetic
PCL-515CDF12,PRJ-029,Notification,3,2024-07-24,2024-08-13,2024-08-07,14,20,0,0,synthetic
PCL-515CDF12,PRJ-029,Objections/Hearings,4,2024-08-07,2024-09-06,,390,30,1,1,synthetic
PCL-DE947E50,PRJ-029,Land Identification,0,2024-03-22,2024-04-06,2024-04-09,18,15,1,0,synthetic
PCL-DE947E50,PRJ-029,Survey/Parcel Mapping,1,2024-04-09,2024-05-09,2024-05-12,33,30,1,0,synthetic
PCL-DE947E50,PRJ-029,Ownership Verification,2,2024-05-12,2024-06-26,2024-09-23,134,45,1,0,synthetic
PCL-DE947E50,PRJ-029,Notification,3,2024-09-23,2024-10-13,2024-10-08,15,20,0,0,synthetic
PCL-DE947E50,PRJ-029,Objections/Hearings,4,2024-10-08,2024-11-07,,328,30,1,1,synthetic
PCL-F2514CBD,PRJ-029,Land Identification,0,2024-01-28,2024-02-12,2024-02-12,15,15,0,0,synthetic
PCL-F2514CBD,PRJ-029,Survey/Parcel Mapping,1,2024-02-12,2024-03-13,2024-03-27,44,30,1,0,synthetic
PCL-F2514CBD,PRJ-029,Ownership Verification,2,2024-03-27,2024-05-11,2024-09-29,186,45,1,0,synthetic
PCL-F2514CBD,PRJ-029,Notification,3,2024-09-29,2024-10-19,2024-10-22,23,20,1,0,synthetic
PCL-F2514CBD,PRJ-029,Objections/Hearings,4,2024-10-22,2024-11-21,2024-12-02,41,30,1,0,synthetic
PCL-F2514CBD,PRJ-029,Compensation Assessment,5,2024-12-02,2025-01-11,,273,40,1,1,synthetic
PCL-27DDAD79,PRJ-029,Land Identification,0,2024-03-08,2024-03-23,2024-03-27,19,15,1,0,synthetic
PCL-27DDAD79,PRJ-029,Survey/Parcel Mapping,1,2024-03-27,2024-04-26,2024-05-03,37,30,1,0,synthetic
PCL-27DDAD79,PRJ-029,Ownership Verification,2,2024-05-03,2024-06-17,2024-07-30,88,45,1,0,synthetic
PCL-27DDAD79,PRJ-029,Notification,3,2024-07-30,2024-08-19,2024-08-18,19,20,0,0,synthetic
PCL-27DDAD79,PRJ-029,Objections/Hearings,4,2024-08-18,2024-09-17,2024-09-12,25,30,0,0,synthetic
PCL-27DDAD79,PRJ-029,Compensation Assessment,5,2024-09-12,2024-10-22,2024-10-12,30,40,0,0,synthetic
PCL-27DDAD79,PRJ-029,Compensation Disbursement,6,2024-10-12,2024-11-11,2024-11-05,24,30,0,0,synthetic
PCL-27DDAD79,PRJ-029,Rehabilitation & Resettlement,7,2024-11-05,2025-01-04,2025-01-19,75,60,1,0,synthetic
PCL-27DDAD79,PRJ-029,Possession,8,2025-01-19,2025-02-03,,225,15,1,1,synthetic
PCL-ED128B2B,PRJ-029,Land Identification,0,2024-01-18,2024-02-02,2024-02-05,18,15,1,0,synthetic
PCL-ED128B2B,PRJ-029,Survey/Parcel Mapping,1,2024-02-05,2024-03-06,2024-03-03,27,30,0,0,synthetic
PCL-ED128B2B,PRJ-029,Ownership Verification,2,2024-03-03,2024-04-17,2024-08-01,151,45,1,0,synthetic
PCL-ED128B2B,PRJ-029,Notification,3,2024-08-01,2024-08-21,2024-08-16,15,20,0,0,synthetic
PCL-ED128B2B,PRJ-029,Objections/Hearings,4,2024-08-16,2024-09-15,2024-09-16,31,30,1,0,synthetic
PCL-ED128B2B,PRJ-029,Compensation Assessment,5,2024-09-16,2024-10-26,2024-11-07,52,40,1,0,synthetic
PCL-ED128B2B,PRJ-029,Compensation Disbursement,6,2024-11-07,2024-12-07,2024-12-02,25,30,0,0,synthetic
PCL-ED128B2B,PRJ-029,Rehabilitation & Resettlement,7,2024-12-02,2025-01-31,,273,60,1,1,synthetic
PCL-C06DAE69,PRJ-029,Land Identification,0,2024-03-24,2024-04-08,2024-04-04,11,15,0,0,synthetic
PCL-C06DAE69,PRJ-029,Survey/Parcel Mapping,1,2024-04-04,2024-05-04,2024-05-04,30,30,0,0,synthetic
PCL-C06DAE69,PRJ-029,Ownership Verification,2,2024-05-04,2024-06-18,2024-09-25,144,45,1,0,synthetic
PCL-C06DAE69,PRJ-029,Notification,3,2024-09-25,2024-10-15,2024-10-05,10,20,0,0,synthetic
PCL-C06DAE69,PRJ-029,Objections/Hearings,4,2024-10-05,2024-11-04,,331,30,1,1,synthetic
PCL-B5079F97,PRJ-029,Land Identification,0,2024-01-05,2024-01-20,,605,15,1,1,synthetic
PCL-62618417,PRJ-029,Land Identification,0,2024-02-01,2024-02-16,2024-02-08,7,15,0,0,synthetic
PCL-62618417,PRJ-029,Survey/Parcel Mapping,1,2024-02-08,2024-03-09,2024-03-15,36,30,1,0,synthetic
PCL-62618417,PRJ-029,Ownership Verification,2,2024-03-15,2024-04-29,2024-07-01,108,45,1,0,synthetic
PCL-62618417,PRJ-029,Notification,3,2024-07-01,2024-07-21,2024-08-13,43,20,1,0,synthetic
PCL-62618417,PRJ-029,Objections/Hearings,4,2024-08-13,2024-09-12,2024-09-10,28,30,0,0,synthetic
PCL-62618417,PRJ-029,Compensation Assessment,5,2024-09-10,2024-10-20,2024-11-13,64,40,1,0,synthetic
PCL-62618417,PRJ-029,Compensation Disbursement,6,2024-11-13,2024-12-13,2024-12-07,24,30,0,0,synthetic
PCL-62618417,PRJ-029,Rehabilitation & Resettlement,7,2024-12-07,2025-02-05,2025-02-05,60,60,0,0,synthetic
PCL-62618417,PRJ-029,Possession,8,2025-02-05,2025-02-20,,208,15,1,1,synthetic
PCL-CFDEF0CB,PRJ-029,Land Identification,0,2024-03-27,2024-04-11,2024-04-15,19,15,1,0,synthetic
PCL-CFDEF0CB,PRJ-029,Survey/Parcel Mapping,1,2024-04-15,2024-05-15,2024-05-05,20,30,0,0,synthetic
PCL-CFDEF0CB,PRJ-029,Ownership Verification,2,2024-05-05,2024-06-19,2024-09-18,136,45,1,0,synthetic
PCL-CFDEF0CB,PRJ-029,Notification,3,2024-09-18,2024-10-08,2024-10-07,19,20,0,0,synthetic
PCL-CFDEF0CB,PRJ-029,Objections/Hearings,4,2024-10-07,2024-11-06,2024-10-31,24,30,0,0,synthetic
PCL-CFDEF0CB,PRJ-029,Compensation Assessment,5,2024-10-31,2024-12-10,2024-12-14,44,40,1,0,synthetic
PCL-CFDEF0CB,PRJ-029,Compensation Disbursement,6,2024-12-14,2025-01-13,2025-01-24,41,30,1,0,synthetic
PCL-CFDEF0CB,PRJ-029,Rehabilitation & Resettlement,7,2025-01-24,2025-03-25,2025-02-26,33,60,0,0,synthetic
PCL-CFDEF0CB,PRJ-029,Possession,8,2025-02-26,2025-03-13,,187,15,1,1,synthetic
PCL-DB73E554,PRJ-029,Land Identification,0,2024-02-11,2024-02-26,2024-02-23,12,15,0,0,synthetic
PCL-DB73E554,PRJ-029,Survey/Parcel Mapping,1,2024-02-23,2024-03-24,2024-03-29,35,30,1,0,synthetic
PCL-DB73E554,PRJ-029,Ownership Verification,2,2024-03-29,2024-05-13,,521,45,1,1,synthetic
PCL-E03585FB,PRJ-029,Land Identification,0,2024-01-11,2024-01-26,2024-01-27,16,15,1,0,synthetic
PCL-E03585FB,PRJ-029,Survey/Parcel Mapping,1,2024-01-27,2024-02-26,2024-03-04,37,30,1,0,synthetic
PCL-E03585FB,PRJ-029,Ownership Verification,2,2024-03-04,2024-04-18,,546,45,1,1,synthetic
PCL-C212C079,PRJ-029,Land Identification,0,2024-01-02,2024-01-17,2024-01-15,13,15,0,0,synthetic
PCL-C212C079,PRJ-029,Survey/Parcel Mapping,1,2024-01-15,2024-02-14,2024-02-06,22,30,0,0,synthetic
PCL-C212C079,PRJ-029,Ownership Verification,2,2024-02-06,2024-03-22,,573,45,1,1,synthetic
PCL-14EEEB1F,PRJ-029,Land Identification,0,2024-03-27,2024-04-11,2024-04-14,18,15,1,0,synthetic
PCL-14EEEB1F,PRJ-029,Survey/Parcel Mapping,1,2024-04-14,2024-05-14,2024-05-21,37,30,1,0,synthetic
PCL-14EEEB1F,PRJ-029,Ownership Verification,2,2024-05-21,2024-07-05,2024-08-29,100,45,1,0,synthetic
PCL-14EEEB1F,PRJ-029,Notification,3,2024-08-29,2024-09-18,2024-09-10,12,20,0,0,synthetic
PCL-14EEEB1F,PRJ-029,Objections/Hearings,4,2024-09-10,2024-10-10,,356,30,1,1,synthetic
PCL-3C9785F7,PRJ-029,Land Identification,0,2024-02-21,2024-03-07,2024-03-09,17,15,1,0,synthetic
PCL-3C9785F7,PRJ-029,Survey/Parcel Mapping,1,2024-03-09,2024-04-08,2024-04-17,39,30,1,0,synthetic
PCL-3C9785F7,PRJ-029,Ownership Verification,2,2024-04-17,2024-06-01,2024-09-28,164,45,1,0,synthetic
PCL-3C9785F7,PRJ-029,Notification,3,2024-09-28,2024-10-18,2024-10-18,20,20,0,0,synthetic
PCL-3C9785F7,PRJ-029,Objections/Hearings,4,2024-10-18,2024-11-17,2024-11-07,20,30,0,0,synthetic
PCL-3C9785F7,PRJ-029,Compensation Assessment,5,2024-11-07,2024-12-17,2024-12-31,54,40,1,0,synthetic
PCL-3C9785F7,PRJ-029,Compensation Disbursement,6,2024-12-31,2025-01-30,2025-01-22,22,30,0,0,synthetic
PCL-3C9785F7,PRJ-029,Rehabilitation & Resettlement,7,2025-01-22,2025-03-23,2025-04-04,72,60,1,0,synthetic
PCL-3C9785F7,PRJ-029,Possession,8,2025-04-04,2025-04-19,2025-04-14,10,15,0,0,synthetic
PCL-3C9785F7,PRJ-029,Closure/Handover,9,2025-04-14,2025-04-24,,140,10,1,1,synthetic
PCL-C3D28ADB,PRJ-029,Land Identification,0,2024-01-17,2024-02-01,2024-01-31,14,15,0,0,synthetic
PCL-C3D28ADB,PRJ-029,Survey/Parcel Mapping,1,2024-01-31,2024-03-01,2024-02-27,27,30,0,0,synthetic
PCL-C3D28ADB,PRJ-029,Ownership Verification,2,2024-02-27,2024-04-12,2024-06-28,122,45,1,0,synthetic
PCL-C3D28ADB,PRJ-029,Notification,3,2024-06-28,2024-07-18,2024-07-16,18,20,0,0,synthetic
PCL-C3D28ADB,PRJ-029,Objections/Hearings,4,2024-07-16,2024-08-15,2024-08-12,27,30,0,0,synthetic
PCL-C3D28ADB,PRJ-029,Compensation Assessment,5,2024-08-12,2024-09-21,2024-10-03,52,40,1,0,synthetic
PCL-C3D28ADB,PRJ-029,Compensation Disbursement,6,2024-10-03,2024-11-02,,333,30,1,1,synthetic
PCL-BC19BB06,PRJ-029,Land Identification,0,2024-02-11,2024-02-26,2024-02-24,13,15,0,0,synthetic
PCL-BC19BB06,PRJ-029,Survey/Parcel Mapping,1,2024-02-24,2024-03-25,,555,30,1,1,synthetic
PCL-9038D6AC,PRJ-029,Land Identification,0,2024-01-25,2024-02-09,2024-02-04,10,15,0,0,synthetic
PCL-9038D6AC,PRJ-029,Survey/Parcel Mapping,1,2024-02-04,2024-03-05,,575,30,1,1,synthetic
PCL-BC78746F,PRJ-029,Land Identification,0,2024-02-04,2024-02-19,2024-02-24,20,15,1,0,synthetic
PCL-BC78746F,PRJ-029,Survey/Parcel Mapping,1,2024-02-24,2024-03-25,2024-03-19,24,30,0,0,synthetic
PCL-BC78746F,PRJ-029,Ownership Verification,2,2024-03-19,2024-05-03,2024-07-28,131,45,1,0,synthetic
PCL-BC78746F,PRJ-029,Notification,3,2024-07-28,2024-08-17,2024-09-10,44,20,1,0,synthetic
PCL-BC78746F,PRJ-029,Objections/Hearings,4,2024-09-10,2024-10-10,2024-10-06,26,30,0,0,synthetic
PCL-BC78746F,PRJ-029,Compensation Assessment,5,2024-10-06,2024-11-15,,330,40,1,1,synthetic
PCL-1FF27D24,PRJ-029,Land Identification,0,2024-01-29,2024-02-13,2024-02-11,13,15,0,0,synthetic
PCL-1FF27D24,PRJ-029,Survey/Parcel Mapping,1,2024-02-11,2024-03-12,2024-03-03,21,30,0,0,synthetic
PCL-1FF27D24,PRJ-029,Ownership Verification,2,2024-03-03,2024-04-17,2024-09-22,203,45,1,0,synthetic
PCL-1FF27D24,PRJ-029,Notification,3,2024-09-22,2024-10-12,2024-10-12,20,20,0,0,synthetic
PCL-1FF27D24,PRJ-029,Objections/Hearings,4,2024-10-12,2024-11-11,2024-11-22,41,30,1,0,synthetic
PCL-1FF27D24,PRJ-029,Compensation Assessment,5,2024-11-22,2025-01-01,2025-01-08,47,40,1,0,synthetic
PCL-1FF27D24,PRJ-029,Compensation Disbursement,6,2025-01-08,2025-02-07,2025-02-18,41,30,1,0,synthetic
PCL-1FF27D24,PRJ-029,Rehabilitation & Resettlement,7,2025-02-18,2025-04-19,2025-04-12,53,60,0,0,synthetic
PCL-1FF27D24,PRJ-029,Possession,8,2025-04-12,2025-04-27,,142,15,1,1,synthetic
PCL-E8FDE9F8,PRJ-029,Land Identification,0,2024-02-26,2024-03-12,,553,15,1,1,synthetic
PCL-04872E9B,PRJ-029,Land Identification,0,2024-03-07,2024-03-22,2024-04-01,25,15,1,0,synthetic
PCL-04872E9B,PRJ-029,Survey/Parcel Mapping,1,2024-04-01,2024-05-01,,518,30,1,1,synthetic
PCL-B07FABEF,PRJ-029,Land Identification,0,2024-01-04,2024-01-19,2024-01-15,11,15,0,0,synthetic
PCL-B07FABEF,PRJ-029,Survey/Parcel Mapping,1,2024-01-15,2024-02-14,2024-02-22,38,30,1,0,synthetic
PCL-B07FABEF,PRJ-029,Ownership Verification,2,2024-02-22,2024-04-07,2024-08-04,164,45,1,0,synthetic
PCL-B07FABEF,PRJ-029,Notification,3,2024-08-04,2024-08-24,2024-09-02,29,20,1,0,synthetic
PCL-B07FABEF,PRJ-029,Objections/Hearings,4,2024-09-02,2024-10-02,2024-10-03,31,30,1,0,synthetic
PCL-B07FABEF,PRJ-029,Compensation Assessment,5,2024-10-03,2024-11-12,,333,40,1,1,synthetic
PCL-A952C5C7,PRJ-029,Land Identification,0,2024-02-15,2024-03-01,2024-02-29,14,15,0,0,synthetic
PCL-A952C5C7,PRJ-029,Survey/Parcel Mapping,1,2024-02-29,2024-03-30,2024-03-21,21,30,0,0,synthetic
PCL-A952C5C7,PRJ-029,Ownership Verification,2,2024-03-21,2024-05-05,,529,45,1,1,synthetic
PCL-CF9DD3E4,PRJ-029,Land Identification,0,2024-03-13,2024-03-28,2024-03-29,16,15,1,0,synthetic
PCL-CF9DD3E4,PRJ-029,Survey/Parcel Mapping,1,2024-03-29,2024-04-28,2024-05-06,38,30,1,0,synthetic
PCL-CF9DD3E4,PRJ-029,Ownership Verification,2,2024-05-06,2024-06-20,2024-08-12,98,45,1,0,synthetic
PCL-CF9DD3E4,PRJ-029,Notification,3,2024-08-12,2024-09-01,2024-09-08,27,20,1,0,synthetic
PCL-CF9DD3E4,PRJ-029,Objections/Hearings,4,2024-09-08,2024-10-08,2024-10-03,25,30,0,0,synthetic
PCL-CF9DD3E4,PRJ-029,Compensation Assessment,5,2024-10-03,2024-11-12,2024-11-21,49,40,1,0,synthetic
PCL-CF9DD3E4,PRJ-029,Compensation Disbursement,6,2024-11-21,2024-12-21,2025-01-11,51,30,1,0,synthetic
PCL-CF9DD3E4,PRJ-029,Rehabilitation & Resettlement,7,2025-01-11,2025-03-12,,233,60,1,1,synthetic
PCL-D95C8016,PRJ-029,Land Identification,0,2024-01-21,2024-02-05,2024-02-02,12,15,0,0,synthetic
PCL-D95C8016,PRJ-029,Survey/Parcel Mapping,1,2024-02-02,2024-03-03,2024-03-11,38,30,1,0,synthetic
PCL-D95C8016,PRJ-029,Ownership Verification,2,2024-03-11,2024-04-25,2024-06-22,103,45,1,0,synthetic
PCL-D95C8016,PRJ-029,Notification,3,2024-06-22,2024-07-12,,436,20,1,1,synthetic
PCL-1AB97763,PRJ-029,Land Identification,0,2024-03-13,2024-03-28,2024-03-25,12,15,0,0,synthetic
PCL-1AB97763,PRJ-029,Survey/Parcel Mapping,1,2024-03-25,2024-04-24,2024-04-26,32,30,1,0,synthetic
PCL-1AB97763,PRJ-029,Ownership Verification,2,2024-04-26,2024-06-10,2024-10-08,165,45,1,0,synthetic
PCL-1AB97763,PRJ-029,Notification,3,2024-10-08,2024-10-28,2024-11-30,53,20,1,0,synthetic
PCL-1AB97763,PRJ-029,Objections/Hearings,4,2024-11-30,2024-12-30,2025-01-06,37,30,1,0,synthetic
PCL-1AB97763,PRJ-029,Compensation Assessment,5,2025-01-06,2025-02-15,2025-02-04,29,40,0,0,synthetic
PCL-1AB97763,PRJ-029,Compensation Disbursement,6,2025-02-04,2025-03-06,2025-03-01,25,30,0,0,synthetic
PCL-1AB97763,PRJ-029,Rehabilitation & Resettlement,7,2025-03-01,2025-04-30,,184,60,1,1,synthetic
PCL-F83D6F43,PRJ-029,Land Identification,0,2024-03-14,2024-03-29,2024-04-06,23,15,1,0,synthetic
PCL-F83D6F43,PRJ-029,Survey/Parcel Mapping,1,2024-04-06,2024-05-06,2024-04-20,14,30,0,0,synthetic
PCL-F83D6F43,PRJ-029,Ownership Verification,2,2024-04-20,2024-06-04,2024-09-26,159,45,1,0,synthetic
PCL-F83D6F43,PRJ-029,Notification,3,2024-09-26,2024-10-16,2024-10-22,26,20,1,0,synthetic
PCL-F83D6F43,PRJ-029,Objections/Hearings,4,2024-10-22,2024-11-21,2024-12-05,44,30,1,0,synthetic
PCL-F83D6F43,PRJ-029,Compensation Assessment,5,2024-12-05,2025-01-14,,270,40,1,1,synthetic
PCL-C1045B93,PRJ-029,Land Identification,0,2024-02-14,2024-02-29,2024-03-01,16,15,1,0,synthetic
PCL-C1045B93,PRJ-029,Survey/Parcel Mapping,1,2024-03-01,2024-03-31,,549,30,1,1,synthetic
PCL-BB82C63D,PRJ-029,Land Identification,0,2024-01-05,2024-01-20,2024-02-08,34,15,1,0,synthetic
PCL-BB82C63D,PRJ-029,Survey/Parcel Mapping,1,2024-02-08,2024-03-09,2024-02-29,21,30,0,0,synthetic
PCL-BB82C63D,PRJ-029,Ownership Verification,2,2024-02-29,2024-04-14,2024-08-16,169,45,1,0,synthetic
PCL-BB82C63D,PRJ-029,Notification,3,2024-08-16,2024-09-05,2024-09-10,25,20,1,0,synthetic
PCL-BB82C63D,PRJ-029,Objections/Hearings,4,2024-09-10,2024-10-10,2024-10-14,34,30,1,0,synthetic
PCL-BB82C63D,PRJ-029,Compensation Assessment,5,2024-10-14,2024-11-23,2024-12-03,50,40,1,0,synthetic
PCL-BB82C63D,PRJ-029,Compensation Disbursement,6,2024-12-03,2025-01-02,2024-12-20,17,30,0,0,synthetic
PCL-BB82C63D,PRJ-029,Rehabilitation & Resettlement,7,2024-12-20,2025-02-18,2025-02-04,46,60,0,0,synthetic
PCL-BB82C63D,PRJ-029,Possession,8,2025-02-04,2025-02-19,,209,15,1,1,synthetic
PCL-F2EDB36C,PRJ-029,Land Identification,0,2024-02-05,2024-02-20,2024-02-29,24,15,1,0,synthetic
PCL-F2EDB36C,PRJ-029,Survey/Parcel Mapping,1,2024-02-29,2024-03-30,2024-03-26,26,30,0,0,synthetic
PCL-F2EDB36C,PRJ-029,Ownership Verification,2,2024-03-26,2024-05-10,2024-09-30,188,45,1,0,synthetic
PCL-F2EDB36C,PRJ-029,Notification,3,2024-09-30,2024-10-20,2024-10-19,19,20,0,0,synthetic
PCL-F2EDB36C,PRJ-029,Objections/Hearings,4,2024-10-19,2024-11-18,2024-11-13,25,30,0,0,synthetic
PCL-F2EDB36C,PRJ-029,Compensation Assessment,5,2024-11-13,2024-12-23,2024-12-15,32,40,0,0,synthetic
PCL-F2EDB36C,PRJ-029,Compensation Disbursement,6,2024-12-15,2025-01-14,,260,30,1,1,synthetic
PCL-EE698CFC,PRJ-029,Land Identification,0,2024-02-26,2024-03-12,2024-03-13,16,15,1,0,synthetic
PCL-EE698CFC,PRJ-029,Survey/Parcel Mapping,1,2024-03-13,2024-04-12,2024-04-11,29,30,0,0,synthetic
PCL-EE698CFC,PRJ-029,Ownership Verification,2,2024-04-11,2024-05-26,2024-07-07,87,45,1,0,synthetic
PCL-EE698CFC,PRJ-029,Notification,3,2024-07-07,2024-07-27,,421,20,1,1,synthetic
PCL-6B577933,PRJ-029,Land Identification,0,2024-02-11,2024-02-26,2024-02-29,18,15,1,0,synthetic
PCL-6B577933,PRJ-029,Survey/Parcel Mapping,1,2024-02-29,2024-03-30,2024-04-13,44,30,1,0,synthetic
PCL-6B577933,PRJ-029,Ownership Verification,2,2024-04-13,2024-05-28,2024-08-01,110,45,1,0,synthetic
PCL-6B577933,PRJ-029,Notification,3,2024-08-01,2024-08-21,2024-08-13,12,20,0,0,synthetic
PCL-6B577933,PRJ-029,Objections/Hearings,4,2024-08-13,2024-09-12,2024-09-20,38,30,1,0,synthetic
PCL-6B577933,PRJ-029,Compensation Assessment,5,2024-09-20,2024-10-30,2024-11-25,66,40,1,0,synthetic
PCL-6B577933,PRJ-029,Compensation Disbursement,6,2024-11-25,2024-12-25,2024-12-23,28,30,0,0,synthetic
PCL-6B577933,PRJ-029,Rehabilitation & Resettlement,7,2024-12-23,2025-02-21,,252,60,1,1,synthetic
PCL-612A0C02,PRJ-029,Land Identification,0,2024-01-07,2024-01-22,2024-01-28,21,15,1,0,synthetic
PCL-612A0C02,PRJ-029,Survey/Parcel Mapping,1,2024-01-28,2024-02-27,2024-02-24,27,30,0,0,synthetic
PCL-612A0C02,PRJ-029,Ownership Verification,2,2024-02-24,2024-04-09,2024-06-27,124,45,1,0,synthetic
PCL-612A0C02,PRJ-029,Notification,3,2024-06-27,2024-07-17,,431,20,1,1,synthetic
PCL-DEE8B525,PRJ-029,Land Identification,0,2024-01-31,2024-02-15,2024-02-21,21,15,1,0,synthetic
PCL-DEE8B525,PRJ-029,Survey/Parcel Mapping,1,2024-02-21,2024-03-22,,558,30,1,1,synthetic
PCL-8A472D1C,PRJ-029,Land Identification,0,2024-02-15,2024-03-01,2024-02-27,12,15,0,0,synthetic
PCL-8A472D1C,PRJ-029,Survey/Parcel Mapping,1,2024-02-27,2024-03-28,2024-03-20,22,30,0,0,synthetic
PCL-8A472D1C,PRJ-029,Ownership Verification,2,2024-03-20,2024-05-04,2024-08-01,134,45,1,0,synthetic
PCL-8A472D1C,PRJ-029,Notification,3,2024-08-01,2024-08-21,2024-08-23,22,20,1,0,synthetic
PCL-8A472D1C,PRJ-029,Objections/Hearings,4,2024-08-23,2024-09-22,2024-09-24,32,30,1,0,synthetic
PCL-8A472D1C,PRJ-029,Compensation Assessment,5,2024-09-24,2024-11-03,2024-10-28,34,40,0,0,synthetic
PCL-8A472D1C,PRJ-029,Compensation Disbursement,6,2024-10-28,2024-11-27,2024-11-21,24,30,0,0,synthetic
PCL-8A472D1C,PRJ-029,Rehabilitation & Resettlement,7,2024-11-21,2025-01-20,,284,60,1,1,synthetic
PCL-58F863E5,PRJ-029,Land Identification,0,2024-02-25,2024-03-11,2024-03-13,17,15,1,0,synthetic
PCL-58F863E5,PRJ-029,Survey/Parcel Mapping,1,2024-03-13,2024-04-12,2024-04-23,41,30,1,0,synthetic
PCL-58F863E5,PRJ-029,Ownership Verification,2,2024-04-23,2024-06-07,,496,45,1,1,synthetic
PCL-0BE8D21B,PRJ-029,Land Identification,0,2024-02-12,2024-02-27,2024-02-22,10,15,0,0,synthetic
PCL-0BE8D21B,PRJ-029,Survey/Parcel Mapping,1,2024-02-22,2024-03-23,,557,30,1,1,synthetic
PCL-79089917,PRJ-029,Land Identification,0,2024-03-10,2024-03-25,2024-03-21,11,15,0,0,synthetic
PCL-79089917,PRJ-029,Survey/Parcel Mapping,1,2024-03-21,2024-04-20,2024-04-12,22,30,0,0,synthetic
PCL-79089917,PRJ-029,Ownership Verification,2,2024-04-12,2024-05-27,,507,45,1,1,synthetic
PCL-87D76236,PRJ-029,Land Identification,0,2024-01-28,2024-02-12,2024-02-14,17,15,1,0,synthetic
PCL-87D76236,PRJ-029,Survey/Parcel Mapping,1,2024-02-14,2024-03-15,2024-03-13,28,30,0,0,synthetic
PCL-87D76236,PRJ-029,Ownership Verification,2,2024-03-13,2024-04-27,2024-10-28,229,45,1,0,synthetic
PCL-87D76236,PRJ-029,Notification,3,2024-10-28,2024-11-17,2024-11-12,15,20,0,0,synthetic
PCL-87D76236,PRJ-029,Objections/Hearings,4,2024-11-12,2024-12-12,2024-12-05,23,30,0,0,synthetic
PCL-87D76236,PRJ-029,Compensation Assessment,5,2024-12-05,2025-01-14,2025-01-13,39,40,0,0,synthetic
PCL-87D76236,PRJ-029,Compensation Disbursement,6,2025-01-13,2025-02-12,,231,30,1,1,synthetic
PCL-AF6A8DDF,PRJ-029,Land Identification,0,2024-01-16,2024-01-31,2024-02-01,16,15,1,0,synthetic
PCL-AF6A8DDF,PRJ-029,Survey/Parcel Mapping,1,2024-02-01,2024-03-02,2024-03-27,55,30,1,0,synthetic
PCL-AF6A8DDF,PRJ-029,Ownership Verification,2,2024-03-27,2024-05-11,2024-08-22,148,45,1,0,synthetic
PCL-AF6A8DDF,PRJ-029,Notification,3,2024-08-22,2024-09-11,2024-09-23,32,20,1,0,synthetic
PCL-AF6A8DDF,PRJ-029,Objections/Hearings,4,2024-09-23,2024-10-23,2024-10-20,27,30,0,0,synthetic
PCL-AF6A8DDF,PRJ-029,Compensation Assessment,5,2024-10-20,2024-11-29,2024-12-02,43,40,1,0,synthetic
PCL-AF6A8DDF,PRJ-029,Compensation Disbursement,6,2024-12-02,2025-01-01,2025-01-08,37,30,1,0,synthetic
PCL-AF6A8DDF,PRJ-029,Rehabilitation & Resettlement,7,2025-01-08,2025-03-09,2025-03-03,54,60,0,0,synthetic
PCL-AF6A8DDF,PRJ-029,Possession,8,2025-03-03,2025-03-18,,182,15,1,1,synthetic
PCL-DCFF0E8C,PRJ-029,Land Identification,0,2024-02-27,2024-03-13,2024-03-10,12,15,0,0,synthetic
PCL-DCFF0E8C,PRJ-029,Survey/Parcel Mapping,1,2024-03-10,2024-04-09,,540,30,1,1,synthetic
PCL-BDBD1469,PRJ-029,Land Identification,0,2024-03-17,2024-04-01,2024-04-05,19,15,1,0,synthetic
PCL-BDBD1469,PRJ-029,Survey/Parcel Mapping,1,2024-04-05,2024-05-05,2024-05-02,27,30,0,0,synthetic
PCL-BDBD1469,PRJ-029,Ownership Verification,2,2024-05-02,2024-06-16,2024-07-20,79,45,1,0,synthetic
PCL-BDBD1469,PRJ-029,Notification,3,2024-07-20,2024-08-09,2024-08-11,22,20,1,0,synthetic
PCL-BDBD1469,PRJ-029,Objections/Hearings,4,2024-08-11,2024-09-10,,386,30,1,1,synthetic
PCL-8C292567,PRJ-029,Land Identification,0,2024-03-08,2024-03-23,2024-03-22,14,15,0,0,synthetic
PCL-8C292567,PRJ-029,Survey/Parcel Mapping,1,2024-03-22,2024-04-21,2024-04-17,26,30,0,0,synthetic
PCL-8C292567,PRJ-029,Ownership Verification,2,2024-04-17,2024-06-01,2024-06-20,64,45,1,0,synthetic
PCL-8C292567,PRJ-029,Notification,3,2024-06-20,2024-07-10,2024-07-19,29,20,1,0,synthetic
PCL-8C292567,PRJ-029,Objections/Hearings,4,2024-07-19,2024-08-18,2024-08-09,21,30,0,0,synthetic
PCL-8C292567,PRJ-029,Compensation Assessment,5,2024-08-09,2024-09-18,2024-09-26,48,40,1,0,synthetic
PCL-8C292567,PRJ-029,Compensation Disbursement,6,2024-09-26,2024-10-26,2024-10-20,24,30,0,0,synthetic
PCL-8C292567,PRJ-029,Rehabilitation & Resettlement,7,2024-10-20,2024-12-19,2025-01-09,81,60,1,0,synthetic
PCL-8C292567,PRJ-029,Possession,8,2025-01-09,2025-01-24,,235,15,1,1,synthetic
PCL-4A6127B0,PRJ-029,Land Identification,0,2024-01-25,2024-02-09,2024-02-03,9,15,0,0,synthetic
PCL-4A6127B0,PRJ-029,Survey/Parcel Mapping,1,2024-02-03,2024-03-04,2024-03-02,28,30,0,0,synthetic
PCL-4A6127B0,PRJ-029,Ownership Verification,2,2024-03-02,2024-04-16,2024-07-19,139,45,1,0,synthetic
PCL-4A6127B0,PRJ-029,Notification,3,2024-07-19,2024-08-08,2024-08-01,13,20,0,0,synthetic
PCL-4A6127B0,PRJ-029,Objections/Hearings,4,2024-08-01,2024-08-31,,396,30,1,1,synthetic
PCL-5C0FC331,PRJ-029,Land Identification,0,2024-03-25,2024-04-09,2024-04-15,21,15,1,0,synthetic
PCL-5C0FC331,PRJ-029,Survey/Parcel Mapping,1,2024-04-15,2024-05-15,2024-05-09,24,30,0,0,synthetic
PCL-5C0FC331,PRJ-029,Ownership Verification,2,2024-05-09,2024-06-23,2024-09-27,141,45,1,0,synthetic
PCL-5C0FC331,PRJ-029,Notification,3,2024-09-27,2024-10-17,,339,20,1,1,synthetic
PCL-AE5ECD09,PRJ-029,Land Identification,0,2024-02-07,2024-02-22,2024-02-20,13,15,0,0,synthetic
PCL-AE5ECD09,PRJ-029,Survey/Parcel Mapping,1,2024-02-20,2024-03-21,2024-03-20,29,30,0,0,synthetic
PCL-AE5ECD09,PRJ-029,Ownership Verification,2,2024-03-20,2024-05-04,2024-07-04,106,45,1,0,synthetic
PCL-AE5ECD09,PRJ-029,Notification,3,2024-07-04,2024-07-24,2024-07-21,17,20,0,0,synthetic
PCL-AE5ECD09,PRJ-029,Objections/Hearings,4,2024-07-21,2024-08-20,2024-08-10,20,30,0,0,synthetic
PCL-AE5ECD09,PRJ-029,Compensation Assessment,5,2024-08-10,2024-09-19,2024-08-31,21,40,0,0,synthetic
PCL-AE5ECD09,PRJ-029,Compensation Disbursement,6,2024-08-31,2024-09-30,2024-10-04,34,30,1,0,synthetic
PCL-AE5ECD09,PRJ-029,Rehabilitation & Resettlement,7,2024-10-04,2024-12-03,2024-12-15,72,60,1,0,synthetic
PCL-AE5ECD09,PRJ-029,Possession,8,2024-12-15,2024-12-30,,260,15,1,1,synthetic
PCL-22141647,PRJ-029,Land Identification,0,2024-03-17,2024-04-01,2024-04-07,21,15,1,0,synthetic
PCL-22141647,PRJ-029,Survey/Parcel Mapping,1,2024-04-07,2024-05-07,2024-05-07,30,30,0,0,synthetic
PCL-22141647,PRJ-029,Ownership Verification,2,2024-05-07,2024-06-21,2024-07-25,79,45,1,0,synthetic
PCL-22141647,PRJ-029,Notification,3,2024-07-25,2024-08-14,2024-08-18,24,20,1,0,synthetic
PCL-22141647,PRJ-029,Objections/Hearings,4,2024-08-18,2024-09-17,2024-10-16,59,30,1,0,synthetic
PCL-22141647,PRJ-029,Compensation Assessment,5,2024-10-16,2024-11-25,2024-12-02,47,40,1,0,synthetic
PCL-22141647,PRJ-029,Compensation Disbursement,6,2024-12-02,2025-01-01,2025-01-28,57,30,1,0,synthetic
PCL-22141647,PRJ-029,Rehabilitation & Resettlement,7,2025-01-28,2025-03-29,2025-04-14,76,60,1,0,synthetic
PCL-22141647,PRJ-029,Possession,8,2025-04-14,2025-04-29,2025-05-04,20,15,1,0,synthetic
PCL-22141647,PRJ-029,Closure/Handover,9,2025-05-04,2025-05-14,,120,10,1,1,synthetic
PCL-C5BD4E57,PRJ-029,Land Identification,0,2024-03-15,2024-03-30,2024-03-29,14,15,0,0,synthetic
PCL-C5BD4E57,PRJ-029,Survey/Parcel Mapping,1,2024-03-29,2024-04-28,2024-04-20,22,30,0,0,synthetic
PCL-C5BD4E57,PRJ-029,Ownership Verification,2,2024-04-20,2024-06-04,2024-07-11,82,45,1,0,synthetic
PCL-C5BD4E57,PRJ-029,Notification,3,2024-07-11,2024-07-31,2024-07-30,19,20,0,0,synthetic
PCL-C5BD4E57,PRJ-029,Objections/Hearings,4,2024-07-30,2024-08-29,2024-08-28,29,30,0,0,synthetic
PCL-C5BD4E57,PRJ-029,Compensation Assessment,5,2024-08-28,2024-10-07,,369,40,1,1,synthetic
PCL-806B3334,PRJ-029,Land Identification,0,2024-01-05,2024-01-20,2024-01-30,25,15,1,0,synthetic
PCL-806B3334,PRJ-029,Survey/Parcel Mapping,1,2024-01-30,2024-02-29,2024-03-06,36,30,1,0,synthetic
PCL-806B3334,PRJ-029,Ownership Verification,2,2024-03-06,2024-04-20,2024-07-13,129,45,1,0,synthetic
PCL-806B3334,PRJ-029,Notification,3,2024-07-13,2024-08-02,2024-07-25,12,20,0,0,synthetic
PCL-806B3334,PRJ-029,Objections/Hearings,4,2024-07-25,2024-08-24,2024-09-11,48,30,1,0,synthetic
PCL-806B3334,PRJ-029,Compensation Assessment,5,2024-09-11,2024-10-21,2024-11-20,70,40,1,0,synthetic
PCL-806B3334,PRJ-029,Compensation Disbursement,6,2024-11-20,2024-12-20,2024-12-25,35,30,1,0,synthetic
PCL-806B3334,PRJ-029,Rehabilitation & Resettlement,7,2024-12-25,2025-02-23,2025-03-06,71,60,1,0,synthetic
PCL-806B3334,PRJ-029,Possession,8,2025-03-06,2025-03-21,2025-03-19,13,15,0,0,synthetic
PCL-806B3334,PRJ-029,Closure/Handover,9,2025-03-19,2025-03-29,,166,10,1,1,synthetic
PCL-C24478D9,PRJ-029,Land Identification,0,2024-01-08,2024-01-23,2024-01-19,11,15,0,0,synthetic
PCL-C24478D9,PRJ-029,Survey/Parcel Mapping,1,2024-01-19,2024-02-18,2024-02-11,23,30,0,0,synthetic
PCL-C24478D9,PRJ-029,Ownership Verification,2,2024-02-11,2024-03-27,2024-05-27,106,45,1,0,synthetic
PCL-C24478D9,PRJ-029,Notification,3,2024-05-27,2024-06-16,2024-06-19,23,20,1,0,synthetic
PCL-C24478D9,PRJ-029,Objections/Hearings,4,2024-06-19,2024-07-19,2024-08-03,45,30,1,0,synthetic
PCL-C24478D9,PRJ-029,Compensation Assessment,5,2024-08-03,2024-09-12,2024-09-09,37,40,0,0,synthetic
PCL-C24478D9,PRJ-029,Compensation Disbursement,6,2024-09-09,2024-10-09,,357,30,1,1,synthetic
PCL-21919AF2,PRJ-029,Land Identification,0,2024-02-18,2024-03-04,2024-03-02,13,15,0,0,synthetic
PCL-21919AF2,PRJ-029,Survey/Parcel Mapping,1,2024-03-02,2024-04-01,2024-04-10,39,30,1,0,synthetic
PCL-21919AF2,PRJ-029,Ownership Verification,2,2024-04-10,2024-05-25,,509,45,1,1,synthetic
PCL-A2C87787,PRJ-029,Land Identification,0,2024-02-02,2024-02-17,,577,15,1,1,synthetic
PCL-1A387FC9,PRJ-029,Land Identification,0,2024-02-29,2024-03-15,2024-03-18,18,15,1,0,synthetic
PCL-1A387FC9,PRJ-029,Survey/Parcel Mapping,1,2024-03-18,2024-04-17,2024-04-11,24,30,0,0,synthetic
PCL-1A387FC9,PRJ-029,Ownership Verification,2,2024-04-11,2024-05-26,2024-07-22,102,45,1,0,synthetic
PCL-1A387FC9,PRJ-029,Notification,3,2024-07-22,2024-08-11,2024-08-15,24,20,1,0,synthetic
PCL-1A387FC9,PRJ-029,Objections/Hearings,4,2024-08-15,2024-09-14,2024-09-11,27,30,0,0,synthetic
PCL-1A387FC9,PRJ-029,Compensation Assessment,5,2024-09-11,2024-10-21,2024-11-06,56,40,1,0,synthetic
PCL-1A387FC9,PRJ-029,Compensation Disbursement,6,2024-11-06,2024-12-06,,299,30,1,1,synthetic
PCL-9CAE7E6E,PRJ-029,Land Identification,0,2024-02-10,2024-02-25,2024-02-19,9,15,0,0,synthetic
PCL-9CAE7E6E,PRJ-029,Survey/Parcel Mapping,1,2024-02-19,2024-03-20,,560,30,1,1,synthetic
PCL-5F674BE6,PRJ-029,Land Identification,0,2024-02-26,2024-03-12,2024-03-04,7,15,0,0,synthetic
PCL-5F674BE6,PRJ-029,Survey/Parcel Mapping,1,2024-03-04,2024-04-03,2024-03-26,22,30,0,0,synthetic
PCL-5F674BE6,PRJ-029,Ownership Verification,2,2024-03-26,2024-05-10,2024-08-30,157,45,1,0,synthetic
PCL-5F674BE6,PRJ-029,Notification,3,2024-08-30,2024-09-19,2024-09-16,17,20,0,0,synthetic
PCL-5F674BE6,PRJ-029,Objections/Hearings,4,2024-09-16,2024-10-16,2024-10-09,23,30,0,0,synthetic
PCL-5F674BE6,PRJ-029,Compensation Assessment,5,2024-10-09,2024-11-18,,327,40,1,1,synthetic
PCL-9A0EB1D7,PRJ-029,Land Identification,0,2024-03-26,2024-04-10,2024-04-06,11,15,0,0,synthetic
PCL-9A0EB1D7,PRJ-029,Survey/Parcel Mapping,1,2024-04-06,2024-05-06,2024-05-03,27,30,0,0,synthetic
PCL-9A0EB1D7,PRJ-029,Ownership Verification,2,2024-05-03,2024-06-17,,486,45,1,1,synthetic
PCL-8B117CCE,PRJ-029,Land Identification,0,2024-03-22,2024-04-06,2024-04-07,16,15,1,0,synthetic
PCL-8B117CCE,PRJ-029,Survey/Parcel Mapping,1,2024-04-07,2024-05-07,2024-05-04,27,30,0,0,synthetic
PCL-8B117CCE,PRJ-029,Ownership Verification,2,2024-05-04,2024-06-18,2024-08-20,108,45,1,0,synthetic
PCL-8B117CCE,PRJ-029,Notification,3,2024-08-20,2024-09-09,2024-09-21,32,20,1,0,synthetic
PCL-8B117CCE,PRJ-029,Objections/Hearings,4,2024-09-21,2024-10-21,2024-10-08,17,30,0,0,synthetic
PCL-8B117CCE,PRJ-029,Compensation Assessment,5,2024-10-08,2024-11-17,2024-11-07,30,40,0,0,synthetic
PCL-8B117CCE,PRJ-029,Compensation Disbursement,6,2024-11-07,2024-12-07,,298,30,1,1,synthetic
PCL-24434C00,PRJ-029,Land Identification,0,2024-03-23,2024-04-07,2024-04-06,14,15,0,0,synthetic
PCL-24434C00,PRJ-029,Survey/Parcel Mapping,1,2024-04-06,2024-05-06,2024-05-02,26,30,0,0,synthetic
PCL-24434C00,PRJ-029,Ownership Verification,2,2024-05-02,2024-06-16,2024-10-01,152,45,1,0,synthetic
PCL-24434C00,PRJ-029,Notification,3,2024-10-01,2024-10-21,,335,20,1,1,synthetic
PCL-6E00FEA9,PRJ-029,Land Identification,0,2024-02-02,2024-02-17,2024-02-26,24,15,1,0,synthetic
PCL-6E00FEA9,PRJ-029,Survey/Parcel Mapping,1,2024-02-26,2024-03-27,2024-03-19,22,30,0,0,synthetic
PCL-6E00FEA9,PRJ-029,Ownership Verification,2,2024-03-19,2024-05-03,,531,45,1,1,synthetic
PCL-F4BE6F17,PRJ-029,Land Identification,0,2024-01-05,2024-01-20,,605,15,1,1,synthetic
PCL-4BFB44F0,PRJ-029,Land Identification,0,2024-02-25,2024-03-11,2024-03-14,18,15,1,0,synthetic
PCL-4BFB44F0,PRJ-029,Survey/Parcel Mapping,1,2024-03-14,2024-04-13,2024-04-07,24,30,0,0,synthetic
PCL-4BFB44F0,PRJ-029,Ownership Verification,2,2024-04-07,2024-05-22,,512,45,1,1,synthetic
PCL-250436B9,PRJ-029,Land Identification,0,2024-01-21,2024-02-05,2024-02-06,16,15,1,0,synthetic
PCL-250436B9,PRJ-029,Survey/Parcel Mapping,1,2024-02-06,2024-03-07,2024-02-20,14,30,0,0,synthetic
PCL-250436B9,PRJ-029,Ownership Verification,2,2024-02-20,2024-04-05,,559,45,1,1,synthetic
PCL-0C339FD8,PRJ-029,Land Identification,0,2024-02-26,2024-03-12,2024-03-05,8,15,0,0,synthetic
PCL-0C339FD8,PRJ-029,Survey/Parcel Mapping,1,2024-03-05,2024-04-04,,545,30,1,1,synthetic
PCL-F58D563F,PRJ-029,Land Identification,0,2024-02-24,2024-03-10,2024-03-16,21,15,1,0,synthetic
PCL-F58D563F,PRJ-029,Survey/Parcel Mapping,1,2024-03-16,2024-04-15,2024-04-19,34,30,1,0,synthetic
PCL-F58D563F,PRJ-029,Ownership Verification,2,2024-04-19,2024-06-03,2024-11-29,224,45,1,0,synthetic
PCL-F58D563F,PRJ-029,Notification,3,2024-11-29,2024-12-19,2024-12-19,20,20,0,0,synthetic
PCL-F58D563F,PRJ-029,Objections/Hearings,4,2024-12-19,2025-01-18,2025-01-07,19,30,0,0,synthetic
PCL-F58D563F,PRJ-029,Compensation Assessment,5,2025-01-07,2025-02-16,2025-02-22,46,40,1,0,synthetic
PCL-F58D563F,PRJ-029,Compensation Disbursement,6,2025-02-22,2025-03-24,2025-04-07,44,30,1,0,synthetic
PCL-F58D563F,PRJ-029,Rehabilitation & Resettlement,7,2025-04-07,2025-06-06,2025-07-01,85,60,1,0,synthetic
PCL-F58D563F,PRJ-029,Possession,8,2025-07-01,2025-07-16,,62,15,1,1,synthetic
PCL-42874776,PRJ-029,Land Identification,0,2024-01-11,2024-01-26,2024-01-25,14,15,0,0,synthetic
PCL-42874776,PRJ-029,Survey/Parcel Mapping,1,2024-01-25,2024-02-24,2024-02-17,23,30,0,0,synthetic
PCL-42874776,PRJ-029,Ownership Verification,2,2024-02-17,2024-04-02,,562,45,1,1,synthetic
PCL-82FE7D15,PRJ-029,Land Identification,0,2024-03-26,2024-04-10,2024-04-10,15,15,0,0,synthetic
PCL-82FE7D15,PRJ-029,Survey/Parcel Mapping,1,2024-04-10,2024-05-10,2024-05-06,26,30,0,0,synthetic
PCL-82FE7D15,PRJ-029,Ownership Verification,2,2024-05-06,2024-06-20,2024-07-20,75,45,1,0,synthetic
PCL-82FE7D15,PRJ-029,Notification,3,2024-07-20,2024-08-09,2024-08-03,14,20,0,0,synthetic
PCL-82FE7D15,PRJ-029,Objections/Hearings,4,2024-08-03,2024-09-02,2024-09-04,32,30,1,0,synthetic
PCL-82FE7D15,PRJ-029,Compensation Assessment,5,2024-09-04,2024-10-14,2024-10-23,49,40,1,0,synthetic
PCL-82FE7D15,PRJ-029,Compensation Disbursement,6,2024-10-23,2024-11-22,2024-11-15,23,30,0,0,synthetic
PCL-82FE7D15,PRJ-029,Rehabilitation & Resettlement,7,2024-11-15,2025-01-14,2024-12-26,41,60,0,0,synthetic
PCL-82FE7D15,PRJ-029,Possession,8,2024-12-26,2025-01-10,2025-01-10,15,15,0,0,synthetic
PCL-82FE7D15,PRJ-029,Closure/Handover,9,2025-01-10,2025-01-20,,234,10,1,1,synthetic
PCL-D67DB692,PRJ-029,Land Identification,0,2024-02-02,2024-02-17,2024-02-19,17,15,1,0,synthetic
PCL-D67DB692,PRJ-029,Survey/Parcel Mapping,1,2024-02-19,2024-03-20,2024-03-17,27,30,0,0,synthetic
PCL-D67DB692,PRJ-029,Ownership Verification,2,2024-03-17,2024-05-01,,533,45,1,1,synthetic
PCL-D2222990,PRJ-029,Land Identification,0,2024-01-07,2024-01-22,2024-01-23,16,15,1,0,synthetic
PCL-D2222990,PRJ-029,Survey/Parcel Mapping,1,2024-01-23,2024-02-22,,587,30,1,1,synthetic
PCL-CAADDFB3,PRJ-029,Land Identification,0,2024-03-01,2024-03-16,2024-03-12,11,15,0,0,synthetic
PCL-CAADDFB3,PRJ-029,Survey/Parcel Mapping,1,2024-03-12,2024-04-11,2024-04-26,45,30,1,0,synthetic
PCL-CAADDFB3,PRJ-029,Ownership Verification,2,2024-04-26,2024-06-10,2024-09-23,150,45,1,0,synthetic
PCL-CAADDFB3,PRJ-029,Notification,3,2024-09-23,2024-10-13,2024-10-07,14,20,0,0,synthetic
PCL-CAADDFB3,PRJ-029,Objections/Hearings,4,2024-10-07,2024-11-06,2024-10-28,21,30,0,0,synthetic
PCL-CAADDFB3,PRJ-029,Compensation Assessment,5,2024-10-28,2024-12-07,2024-11-30,33,40,0,0,synthetic
PCL-CAADDFB3,PRJ-029,Compensation Disbursement,6,2024-11-30,2024-12-30,,275,30,1,1,synthetic
PCL-77C8AFD8,PRJ-029,Land Identification,0,2024-03-26,2024-04-10,2024-04-05,10,15,0,0,synthetic
PCL-77C8AFD8,PRJ-029,Survey/Parcel Mapping,1,2024-04-05,2024-05-05,2024-05-24,49,30,1,0,synthetic
PCL-77C8AFD8,PRJ-029,Ownership Verification,2,2024-05-24,2024-07-08,2024-09-17,116,45,1,0,synthetic
PCL-77C8AFD8,PRJ-029,Notification,3,2024-09-17,2024-10-07,,349,20,1,1,synthetic
PCL-89DD88AE,PRJ-029,Land Identification,0,2024-01-29,2024-02-13,2024-02-07,9,15,0,0,synthetic
PCL-89DD88AE,PRJ-029,Survey/Parcel Mapping,1,2024-02-07,2024-03-08,2024-03-24,46,30,1,0,synthetic
PCL-89DD88AE,PRJ-029,Ownership Verification,2,2024-03-24,2024-05-08,,526,45,1,1,synthetic
